lineage,study_id,celltype_L2,gene,det_in_type,det_in_rest
Epithelial,Guo_2022_JCI_Insight,Malignant epithelial,ASCL2,0.0775,0.2658
Epithelial,Guo_2022_JCI_Insight,Malignant epithelial,AXIN2,0.0461,0.2624
Epithelial,Guo_2022_JCI_Insight,Malignant epithelial,CA1,0.0292,0.1192
Epithelial,Guo_2022_JCI_Insight,Malignant epithelial,CA2,0.109,0.3111
Epithelial,Guo_2022_JCI_Insight,Malignant epithelial,CEACAM7,0.2944,0.2231
Epithelial,Guo_2022_JCI_Insight,Malignant epithelial,CHGA,0.0011,0.0034
Epithelial,Guo_2022_JCI_Insight,Malignant epithelial,CHGB,0.0,0.0017
Epithelial,Guo_2022_JCI_Insight,Malignant epithelial,CLCA1,0.018,0.0782
Epithelial,Guo_2022_JCI_Insight,Malignant epithelial,DCLK1,0.0101,0.0017
Epithelial,Guo_2022_JCI_Insight,Malignant epithelial,DEFA5,0.0,0.0026
Epithelial,Guo_2022_JCI_Insight,Malignant epithelial,DEFA6,0.0,0.0
Epithelial,Guo_2022_JCI_Insight,Malignant epithelial,FABP1,0.5,0.5645
Epithelial,Guo_2022_JCI_Insight,Malignant epithelial,FCGBP,0.6202,0.3705
Epithelial,Guo_2022_JCI_Insight,Malignant epithelial,GCG,0.0,0.0
Epithelial,Guo_2022_JCI_Insight,Malignant epithelial,KRT20,0.6596,0.4897
Epithelial,Guo_2022_JCI_Insight,Malignant epithelial,LGR5,0.0258,0.135
Epithelial,Guo_2022_JCI_Insight,Malignant epithelial,MUC2,0.6663,0.3222
Epithelial,Guo_2022_JCI_Insight,Malignant epithelial,NEUROD1,0.0,0.0009
Epithelial,Guo_2022_JCI_Insight,Malignant epithelial,OLFM4,0.1787,0.403
Epithelial,Guo_2022_JCI_Insight,Malignant epithelial,PLA2G2A,0.1483,0.306
Epithelial,Guo_2022_JCI_Insight,Malignant epithelial,POU2F3,0.1416,0.0748
Epithelial,Guo_2022_JCI_Insight,Malignant epithelial,PYY,0.0,0.0004
Epithelial,Guo_2022_JCI_Insight,Malignant epithelial,REG3A,0.0,0.0068
Epithelial,Guo_2022_JCI_Insight,Malignant epithelial,SH2D6,0.0011,0.0274
Epithelial,Guo_2022_JCI_Insight,Malignant epithelial,SLC26A3,0.027,0.2132
Epithelial,Guo_2022_JCI_Insight,Malignant epithelial,SMOC2,0.0011,0.0491
Epithelial,Guo_2022_JCI_Insight,Malignant epithelial,SPINK4,0.4101,0.1774
Epithelial,Guo_2022_JCI_Insight,Malignant epithelial,TFF3,0.864,0.7466
Epithelial,Guo_2022_JCI_Insight,Malignant epithelial,TRPM5,0.0034,0.0491
Epithelial,Guo_2022_JCI_Insight,Malignant epithelial,ZG16,0.0742,0.0987
Epithelial,Joanito_2022_Nat_Genet,Malignant epithelial,ASCL2,0.5423,0.3931
Epithelial,Joanito_2022_Nat_Genet,Malignant epithelial,AXIN2,0.5553,0.3594
Epithelial,Joanito_2022_Nat_Genet,Malignant epithelial,CA1,0.0085,0.0868
Epithelial,Joanito_2022_Nat_Genet,Malignant epithelial,CA2,0.0886,0.4296
Epithelial,Joanito_2022_Nat_Genet,Malignant epithelial,CEACAM7,0.1138,0.11
Epithelial,Joanito_2022_Nat_Genet,Malignant epithelial,CHGA,0.0149,0.0229
Epithelial,Joanito_2022_Nat_Genet,Malignant epithelial,CHGB,0.037,0.0314
Epithelial,Joanito_2022_Nat_Genet,Malignant epithelial,CLCA1,0.0414,0.1556
Epithelial,Joanito_2022_Nat_Genet,Malignant epithelial,DCLK1,0.0018,0.0007
Epithelial,Joanito_2022_Nat_Genet,Malignant epithelial,DEFA5,0.008,0.008
Epithelial,Joanito_2022_Nat_Genet,Malignant epithelial,DEFA6,0.0222,0.0253
Epithelial,Joanito_2022_Nat_Genet,Malignant epithelial,FABP1,0.5556,0.4721
Epithelial,Joanito_2022_Nat_Genet,Malignant epithelial,FCGBP,0.2198,0.6713
Epithelial,Joanito_2022_Nat_Genet,Malignant epithelial,GCG,0.0006,0.0055
Epithelial,Joanito_2022_Nat_Genet,Malignant epithelial,KRT20,0.6658,0.4012
Epithelial,Joanito_2022_Nat_Genet,Malignant epithelial,LGR5,0.3299,0.1981
Epithelial,Joanito_2022_Nat_Genet,Malignant epithelial,MUC2,0.2521,0.6283
Epithelial,Joanito_2022_Nat_Genet,Malignant epithelial,NEUROD1,0.0007,0.0017
Epithelial,Joanito_2022_Nat_Genet,Malignant epithelial,OLFM4,0.2205,0.371
Epithelial,Joanito_2022_Nat_Genet,Malignant epithelial,PLA2G2A,0.1455,0.5997
Epithelial,Joanito_2022_Nat_Genet,Malignant epithelial,POU2F3,0.0311,0.0194
Epithelial,Joanito_2022_Nat_Genet,Malignant epithelial,PYY,0.0015,0.0215
Epithelial,Joanito_2022_Nat_Genet,Malignant epithelial,REG3A,0.0081,0.1345
Epithelial,Joanito_2022_Nat_Genet,Malignant epithelial,SH2D6,0.009,0.0148
Epithelial,Joanito_2022_Nat_Genet,Malignant epithelial,SLC26A3,0.1534,0.0729
Epithelial,Joanito_2022_Nat_Genet,Malignant epithelial,SMOC2,0.112,0.1276
Epithelial,Joanito_2022_Nat_Genet,Malignant epithelial,SPINK4,0.2126,0.5284
Epithelial,Joanito_2022_Nat_Genet,Malignant epithelial,TFF3,0.9739,0.973
Epithelial,Joanito_2022_Nat_Genet,Malignant epithelial,TRPM5,0.0208,0.0323
Epithelial,Joanito_2022_Nat_Genet,Malignant epithelial,ZG16,0.0352,0.2414
Epithelial,Khaliq_2022_Genome_Biol,Malignant epithelial,ASCL2,0.3023,0.3413
Epithelial,Khaliq_2022_Genome_Biol,Malignant epithelial,AXIN2,0.1877,0.1826
Epithelial,Khaliq_2022_Genome_Biol,Malignant epithelial,CA1,0.0013,0.0206
Epithelial,Khaliq_2022_Genome_Biol,Malignant epithelial,CA2,0.0154,0.1276
Epithelial,Khaliq_2022_Genome_Biol,Malignant epithelial,CEACAM7,0.0181,0.0658
Epithelial,Khaliq_2022_Genome_Biol,Malignant epithelial,CHGA,0.0,0.0033
Epithelial,Khaliq_2022_Genome_Biol,Malignant epithelial,CHGB,0.0027,0.0062
Epithelial,Khaliq_2022_Genome_Biol,Malignant epithelial,CLCA1,0.0208,0.0808
Epithelial,Khaliq_2022_Genome_Biol,Malignant epithelial,DCLK1,0.0007,0.0
Epithelial,Khaliq_2022_Genome_Biol,Malignant epithelial,DEFA5,0.0181,0.0151
Epithelial,Khaliq_2022_Genome_Biol,Malignant epithelial,DEFA6,0.0335,0.0468
Epithelial,Khaliq_2022_Genome_Biol,Malignant epithelial,FABP1,0.1736,0.2922
Epithelial,Khaliq_2022_Genome_Biol,Malignant epithelial,FCGBP,0.0724,0.1878
Epithelial,Khaliq_2022_Genome_Biol,Malignant epithelial,GCG,0.0,0.0003
Epithelial,Khaliq_2022_Genome_Biol,Malignant epithelial,KRT20,0.2554,0.3629
Epithelial,Khaliq_2022_Genome_Biol,Malignant epithelial,LGR5,0.1991,0.1908
Epithelial,Khaliq_2022_Genome_Biol,Malignant epithelial,MUC2,0.0918,0.2255
Epithelial,Khaliq_2022_Genome_Biol,Malignant epithelial,NEUROD1,0.002,0.0013
Epithelial,Khaliq_2022_Genome_Biol,Malignant epithelial,OLFM4,0.128,0.2457
Epithelial,Khaliq_2022_Genome_Biol,Malignant epithelial,PLA2G2A,0.0704,0.2261
Epithelial,Khaliq_2022_Genome_Biol,Malignant epithelial,POU2F3,0.0034,0.0134
Epithelial,Khaliq_2022_Genome_Biol,Malignant epithelial,PYY,0.0007,0.0
Epithelial,Khaliq_2022_Genome_Biol,Malignant epithelial,REG3A,0.004,0.0046
Epithelial,Khaliq_2022_Genome_Biol,Malignant epithelial,SH2D6,0.002,0.0124
Epithelial,Khaliq_2022_Genome_Biol,Malignant epithelial,SLC26A3,0.0315,0.0674
Epithelial,Khaliq_2022_Genome_Biol,Malignant epithelial,SMOC2,0.1019,0.1211
Epithelial,Khaliq_2022_Genome_Biol,Malignant epithelial,SPINK4,0.0623,0.144
Epithelial,Khaliq_2022_Genome_Biol,Malignant epithelial,TFF3,0.6769,0.7795
Epithelial,Khaliq_2022_Genome_Biol,Malignant epithelial,TRPM5,0.0127,0.0134
Epithelial,Khaliq_2022_Genome_Biol,Malignant epithelial,ZG16,0.0074,0.0527
Epithelial,Lee_2020_Nat_Genet,Malignant epithelial,ASCL2,0.429,0.34
Epithelial,Lee_2020_Nat_Genet,Malignant epithelial,AXIN2,0.27,0.1818
Epithelial,Lee_2020_Nat_Genet,Malignant epithelial,CA1,0.0433,0.0475
Epithelial,Lee_2020_Nat_Genet,Malignant epithelial,CA2,0.0405,0.107
Epithelial,Lee_2020_Nat_Genet,Malignant epithelial,CEACAM7,0.0661,0.0628
Epithelial,Lee_2020_Nat_Genet,Malignant epithelial,CHGA,0.0,0.0008
Epithelial,Lee_2020_Nat_Genet,Malignant epithelial,CHGB,0.0022,0.0024
Epithelial,Lee_2020_Nat_Genet,Malignant epithelial,CLCA1,0.0347,0.0347
Epithelial,Lee_2020_Nat_Genet,Malignant epithelial,DCLK1,0.0003,0.0011
Epithelial,Lee_2020_Nat_Genet,Malignant epithelial,DEFA5,0.0011,0.0109
Epithelial,Lee_2020_Nat_Genet,Malignant epithelial,DEFA6,0.0074,0.0111
Epithelial,Lee_2020_Nat_Genet,Malignant epithelial,FABP1,0.4527,0.477
Epithelial,Lee_2020_Nat_Genet,Malignant epithelial,FCGBP,0.0874,0.1487
Epithelial,Lee_2020_Nat_Genet,Malignant epithelial,GCG,0.0014,0.0002
Epithelial,Lee_2020_Nat_Genet,Malignant epithelial,KRT20,0.482,0.3551
Epithelial,Lee_2020_Nat_Genet,Malignant epithelial,LGR5,0.1857,0.1326
Epithelial,Lee_2020_Nat_Genet,Malignant epithelial,MUC2,0.0017,0.0331
Epithelial,Lee_2020_Nat_Genet,Malignant epithelial,NEUROD1,0.0,0.0004
Epithelial,Lee_2020_Nat_Genet,Malignant epithelial,OLFM4,0.2306,0.2454
Epithelial,Lee_2020_Nat_Genet,Malignant epithelial,PLA2G2A,0.1182,0.2383
Epithelial,Lee_2020_Nat_Genet,Malignant epithelial,POU2F3,0.0094,0.0229
Epithelial,Lee_2020_Nat_Genet,Malignant epithelial,PYY,0.0003,0.0007
Epithelial,Lee_2020_Nat_Genet,Malignant epithelial,REG3A,0.0187,0.0961
Epithelial,Lee_2020_Nat_Genet,Malignant epithelial,SH2D6,0.0008,0.0035
Epithelial,Lee_2020_Nat_Genet,Malignant epithelial,SLC26A3,0.2012,0.0769
Epithelial,Lee_2020_Nat_Genet,Malignant epithelial,SMOC2,0.0474,0.0841
Epithelial,Lee_2020_Nat_Genet,Malignant epithelial,SPINK4,0.0923,0.1464
Epithelial,Lee_2020_Nat_Genet,Malignant epithelial,TFF3,0.7969,0.8215
Epithelial,Lee_2020_Nat_Genet,Malignant epithelial,TRPM5,0.0336,0.0257
Epithelial,Lee_2020_Nat_Genet,Malignant epithelial,ZG16,0.0116,0.0356
Epithelial,Liu_2024_Cancer_Res,Malignant epithelial,ASCL2,0.5855,0.6661
Epithelial,Liu_2024_Cancer_Res,Malignant epithelial,AXIN2,0.4845,0.5491
Epithelial,Liu_2024_Cancer_Res,Malignant epithelial,CA1,0.0051,0.0076
Epithelial,Liu_2024_Cancer_Res,Malignant epithelial,CA2,0.0311,0.0939
Epithelial,Liu_2024_Cancer_Res,Malignant epithelial,CEACAM7,0.1019,0.0753
Epithelial,Liu_2024_Cancer_Res,Malignant epithelial,CHGA,0.0002,0.0016
Epithelial,Liu_2024_Cancer_Res,Malignant epithelial,CHGB,0.0022,0.0089
Epithelial,Liu_2024_Cancer_Res,Malignant epithelial,CLCA1,0.0144,0.0247
Epithelial,Liu_2024_Cancer_Res,Malignant epithelial,DCLK1,0.0004,0.0
Epithelial,Liu_2024_Cancer_Res,Malignant epithelial,DEFA5,0.0217,0.0401
Epithelial,Liu_2024_Cancer_Res,Malignant epithelial,DEFA6,0.0199,0.0295
Epithelial,Liu_2024_Cancer_Res,Malignant epithelial,FABP1,0.4865,0.6439
Epithelial,Liu_2024_Cancer_Res,Malignant epithelial,FCGBP,0.0958,0.2592
Epithelial,Liu_2024_Cancer_Res,Malignant epithelial,GCG,0.0,0.0011
Epithelial,Liu_2024_Cancer_Res,Malignant epithelial,KRT20,0.428,0.5638
Epithelial,Liu_2024_Cancer_Res,Malignant epithelial,LGR5,0.2284,0.2599
Epithelial,Liu_2024_Cancer_Res,Malignant epithelial,MUC2,0.1485,0.4046
Epithelial,Liu_2024_Cancer_Res,Malignant epithelial,NEUROD1,0.0018,0.0039
Epithelial,Liu_2024_Cancer_Res,Malignant epithelial,OLFM4,0.208,0.2819
Epithelial,Liu_2024_Cancer_Res,Malignant epithelial,PLA2G2A,0.1313,0.1294
Epithelial,Liu_2024_Cancer_Res,Malignant epithelial,POU2F3,0.0137,0.0117
Epithelial,Liu_2024_Cancer_Res,Malignant epithelial,PYY,0.0001,0.0007
Epithelial,Liu_2024_Cancer_Res,Malignant epithelial,REG3A,0.0295,0.027
Epithelial,Liu_2024_Cancer_Res,Malignant epithelial,SH2D6,0.0012,0.0041
Epithelial,Liu_2024_Cancer_Res,Malignant epithelial,SLC26A3,0.1563,0.0676
Epithelial,Liu_2024_Cancer_Res,Malignant epithelial,SMOC2,0.1147,0.2494
Epithelial,Liu_2024_Cancer_Res,Malignant epithelial,SPINK4,0.0778,0.147
Epithelial,Liu_2024_Cancer_Res,Malignant epithelial,TFF3,0.7695,0.891
Epithelial,Liu_2024_Cancer_Res,Malignant epithelial,TRPM5,0.0117,0.0073
Epithelial,Liu_2024_Cancer_Res,Malignant epithelial,ZG16,0.0145,0.0348
Epithelial,MUI_Innsbruck,Malignant epithelial,ASCL2,0.577,0.4218
Epithelial,MUI_Innsbruck,Malignant epithelial,AXIN2,0.7703,0.6665
Epithelial,MUI_Innsbruck,Malignant epithelial,CA1,0.0038,0.0335
Epithelial,MUI_Innsbruck,Malignant epithelial,CA2,0.0624,0.1107
Epithelial,MUI_Innsbruck,Malignant epithelial,CEACAM7,0.1043,0.108
Epithelial,MUI_Innsbruck,Malignant epithelial,CHGA,0.2264,0.0203
Epithelial,MUI_Innsbruck,Malignant epithelial,CHGB,0.4465,0.0326
Epithelial,MUI_Innsbruck,Malignant epithelial,CLCA1,0.0068,0.0884
Epithelial,MUI_Innsbruck,Malignant epithelial,DCLK1,0.005,0.0021
Epithelial,MUI_Innsbruck,Malignant epithelial,DEFA5,0.004,0.0209
Epithelial,MUI_Innsbruck,Malignant epithelial,DEFA6,0.0101,0.0646
Epithelial,MUI_Innsbruck,Malignant epithelial,FABP1,0.2484,0.2903
Epithelial,MUI_Innsbruck,Malignant epithelial,FCGBP,0.015,0.2159
Epithelial,MUI_Innsbruck,Malignant epithelial,GCG,0.0007,0.0098
Epithelial,MUI_Innsbruck,Malignant epithelial,KRT20,0.5063,0.4357
Epithelial,MUI_Innsbruck,Malignant epithelial,LGR5,0.625,0.4371
Epithelial,MUI_Innsbruck,Malignant epithelial,MUC2,0.0369,0.2921
Epithelial,MUI_Innsbruck,Malignant epithelial,NEUROD1,0.0,0.0001
Epithelial,MUI_Innsbruck,Malignant epithelial,OLFM4,0.1996,0.2841
Epithelial,MUI_Innsbruck,Malignant epithelial,PLA2G2A,0.0885,0.3072
Epithelial,MUI_Innsbruck,Malignant epithelial,POU2F3,0.0489,0.0588
Epithelial,MUI_Innsbruck,Malignant epithelial,PYY,0.0005,0.0071
Epithelial,MUI_Innsbruck,Malignant epithelial,REG3A,0.0052,0.036
Epithelial,MUI_Innsbruck,Malignant epithelial,SH2D6,0.0007,0.0186
Epithelial,MUI_Innsbruck,Malignant epithelial,SLC26A3,0.0868,0.0708
Epithelial,MUI_Innsbruck,Malignant epithelial,SMOC2,0.3392,0.2286
Epithelial,MUI_Innsbruck,Malignant epithelial,SPINK4,0.009,0.2151
Epithelial,MUI_Innsbruck,Malignant epithelial,TFF3,0.637,0.6901
Epithelial,MUI_Innsbruck,Malignant epithelial,TRPM5,0.053,0.0931
Epithelial,MUI_Innsbruck,Malignant epithelial,ZG16,0.0078,0.0395
Epithelial,Qi_2022_Nat_Commun,Malignant epithelial,ASCL2,0.3135,0.3024
Epithelial,Qi_2022_Nat_Commun,Malignant epithelial,AXIN2,0.1976,0.2124
Epithelial,Qi_2022_Nat_Commun,Malignant epithelial,CA1,0.0494,0.0335
Epithelial,Qi_2022_Nat_Commun,Malignant epithelial,CA2,0.1179,0.1159
Epithelial,Qi_2022_Nat_Commun,Malignant epithelial,CEACAM7,0.1956,0.1111
Epithelial,Qi_2022_Nat_Commun,Malignant epithelial,CHGA,0.002,0.0013
Epithelial,Qi_2022_Nat_Commun,Malignant epithelial,CHGB,0.0,0.0017
Epithelial,Qi_2022_Nat_Commun,Malignant epithelial,CLCA1,0.0897,0.0421
Epithelial,Qi_2022_Nat_Commun,Malignant epithelial,DCLK1,0.0,0.0004
Epithelial,Qi_2022_Nat_Commun,Malignant epithelial,DEFA5,0.0,0.0013
Epithelial,Qi_2022_Nat_Commun,Malignant epithelial,DEFA6,0.003,0.0043
Epithelial,Qi_2022_Nat_Commun,Malignant epithelial,FABP1,0.7308,0.8272
Epithelial,Qi_2022_Nat_Commun,Malignant epithelial,FCGBP,0.1351,0.0745
Epithelial,Qi_2022_Nat_Commun,Malignant epithelial,GCG,0.001,0.0002
Epithelial,Qi_2022_Nat_Commun,Malignant epithelial,KRT20,0.4849,0.2654
Epithelial,Qi_2022_Nat_Commun,Malignant epithelial,LGR5,0.0615,0.0516
Epithelial,Qi_2022_Nat_Commun,Malignant epithelial,MUC2,0.1502,0.1235
Epithelial,Qi_2022_Nat_Commun,Malignant epithelial,NEUROD1,0.002,0.0011
Epithelial,Qi_2022_Nat_Commun,Malignant epithelial,OLFM4,0.0968,0.1231
Epithelial,Qi_2022_Nat_Commun,Malignant epithelial,PLA2G2A,0.2228,0.1762
Epithelial,Qi_2022_Nat_Commun,Malignant epithelial,POU2F3,0.0171,0.0096
Epithelial,Qi_2022_Nat_Commun,Malignant epithelial,PYY,0.0,0.0002
Epithelial,Qi_2022_Nat_Commun,Malignant epithelial,REG3A,0.0161,0.0044
Epithelial,Qi_2022_Nat_Commun,Malignant epithelial,SH2D6,0.001,0.0028
Epithelial,Qi_2022_Nat_Commun,Malignant epithelial,SLC26A3,0.1986,0.097
Epithelial,Qi_2022_Nat_Commun,Malignant epithelial,SMOC2,0.0363,0.0362
Epithelial,Qi_2022_Nat_Commun,Malignant epithelial,SPINK4,0.1583,0.093
Epithelial,Qi_2022_Nat_Commun,Malignant epithelial,TFF3,0.6038,0.6616
Epithelial,Qi_2022_Nat_Commun,Malignant epithelial,TRPM5,0.004,0.0148
Epithelial,Qi_2022_Nat_Commun,Malignant epithelial,ZG16,0.0675,0.0665
Epithelial,Uhlitz_2021_EMBO_Mol_Med,Malignant epithelial,ASCL2,0.2545,0.1791
Epithelial,Uhlitz_2021_EMBO_Mol_Med,Malignant epithelial,AXIN2,0.0845,0.085
Epithelial,Uhlitz_2021_EMBO_Mol_Med,Malignant epithelial,CA1,0.1345,0.1984
Epithelial,Uhlitz_2021_EMBO_Mol_Med,Malignant epithelial,CA2,0.2387,0.4738
Epithelial,Uhlitz_2021_EMBO_Mol_Med,Malignant epithelial,CEACAM7,0.2661,0.3128
Epithelial,Uhlitz_2021_EMBO_Mol_Med,Malignant epithelial,CHGA,0.0013,0.0034
Epithelial,Uhlitz_2021_EMBO_Mol_Med,Malignant epithelial,CHGB,0.0008,0.0021
Epithelial,Uhlitz_2021_EMBO_Mol_Med,Malignant epithelial,CLCA1,0.0561,0.189
Epithelial,Uhlitz_2021_EMBO_Mol_Med,Malignant epithelial,DCLK1,0.0013,0.0
Epithelial,Uhlitz_2021_EMBO_Mol_Med,Malignant epithelial,DEFA5,0.044,0.0318
Epithelial,Uhlitz_2021_EMBO_Mol_Med,Malignant epithelial,DEFA6,0.0197,0.0226
Epithelial,Uhlitz_2021_EMBO_Mol_Med,Malignant epithelial,FABP1,0.5249,0.5886
Epithelial,Uhlitz_2021_EMBO_Mol_Med,Malignant epithelial,FCGBP,0.4093,0.592
Epithelial,Uhlitz_2021_EMBO_Mol_Med,Malignant epithelial,GCG,0.0005,0.0017
Epithelial,Uhlitz_2021_EMBO_Mol_Med,Malignant epithelial,KRT20,0.493,0.5237
Epithelial,Uhlitz_2021_EMBO_Mol_Med,Malignant epithelial,LGR5,0.0716,0.0877
Epithelial,Uhlitz_2021_EMBO_Mol_Med,Malignant epithelial,MUC2,0.3519,0.4905
Epithelial,Uhlitz_2021_EMBO_Mol_Med,Malignant epithelial,NEUROD1,0.0,0.0006
Epithelial,Uhlitz_2021_EMBO_Mol_Med,Malignant epithelial,OLFM4,0.2303,0.3663
Epithelial,Uhlitz_2021_EMBO_Mol_Med,Malignant epithelial,PLA2G2A,0.3043,0.5214
Epithelial,Uhlitz_2021_EMBO_Mol_Med,Malignant epithelial,POU2F3,0.0121,0.0127
Epithelial,Uhlitz_2021_EMBO_Mol_Med,Malignant epithelial,PYY,0.0011,0.0043
Epithelial,Uhlitz_2021_EMBO_Mol_Med,Malignant epithelial,REG3A,0.0226,0.0381
Epithelial,Uhlitz_2021_EMBO_Mol_Med,Malignant epithelial,SH2D6,0.0053,0.0128
Epithelial,Uhlitz_2021_EMBO_Mol_Med,Malignant epithelial,SLC26A3,0.2974,0.3324
Epithelial,Uhlitz_2021_EMBO_Mol_Med,Malignant epithelial,SMOC2,0.0397,0.0376
Epithelial,Uhlitz_2021_EMBO_Mol_Med,Malignant epithelial,SPINK4,0.2353,0.3699
Epithelial,Uhlitz_2021_EMBO_Mol_Med,Malignant epithelial,TFF3,0.6594,0.777
Epithelial,Uhlitz_2021_EMBO_Mol_Med,Malignant epithelial,TRPM5,0.0216,0.0198
Epithelial,Uhlitz_2021_EMBO_Mol_Med,Malignant epithelial,ZG16,0.1295,0.2701
Immune,Chen_2024_Cancer_Cell,B,APOE,0.0076,0.0112
Immune,Chen_2024_Cancer_Cell,B,C1QA,0.0024,0.0106
Immune,Chen_2024_Cancer_Cell,B,C1QB,0.0033,0.0101
Immune,Chen_2024_Cancer_Cell,B,C1QC,0.0038,0.0109
Immune,Chen_2024_Cancer_Cell,B,CD14,0.0024,0.0259
Immune,Chen_2024_Cancer_Cell,B,CD19,0.5209,0.0269
Immune,Chen_2024_Cancer_Cell,B,CD1C,0.1058,0.0057
Immune,Chen_2024_Cancer_Cell,B,CD3D,0.0212,0.6328
Immune,Chen_2024_Cancer_Cell,B,CD3E,0.0304,0.7006
Immune,Chen_2024_Cancer_Cell,B,CD4,0.0025,0.1312
Immune,Chen_2024_Cancer_Cell,B,CD68,0.062,0.0544
Immune,Chen_2024_Cancer_Cell,B,CD79A,0.9669,0.1617
Immune,Chen_2024_Cancer_Cell,B,CD79B,0.3534,0.0907
Immune,Chen_2024_Cancer_Cell,B,CD8A,0.0115,0.2973
Immune,Chen_2024_Cancer_Cell,B,CD8B,0.0046,0.1867
Immune,Chen_2024_Cancer_Cell,B,CLEC10A,0.0006,0.0093
Immune,Chen_2024_Cancer_Cell,B,CLEC9A,0.0,0.0017
Immune,Chen_2024_Cancer_Cell,B,CPA3,0.0094,0.0301
Immune,Chen_2024_Cancer_Cell,B,CSF3R,0.0016,0.015
Immune,Chen_2024_Cancer_Cell,B,CXCR2,0.0011,0.0021
Immune,Chen_2024_Cancer_Cell,B,FCER1A,0.0002,0.0117
Immune,Chen_2024_Cancer_Cell,B,FCGR3B,0.0008,0.0033
Immune,Chen_2024_Cancer_Cell,B,FCN1,0.0008,0.0206
Immune,Chen_2024_Cancer_Cell,B,GNLY,0.012,0.1878
Immune,Chen_2024_Cancer_Cell,B,IL7R,0.0438,0.5208
Immune,Chen_2024_Cancer_Cell,B,JCHAIN,0.6737,0.526
Immune,Chen_2024_Cancer_Cell,B,KIT,0.0043,0.0362
Immune,Chen_2024_Cancer_Cell,B,KLRD1,0.003,0.1658
Immune,Chen_2024_Cancer_Cell,B,LILRA4,0.0118,0.0056
Immune,Chen_2024_Cancer_Cell,B,MERTK,0.0005,0.0068
Immune,Chen_2024_Cancer_Cell,B,MS4A1,0.9358,0.0137
Immune,Chen_2024_Cancer_Cell,B,MZB1,0.1297,0.2185
Immune,Chen_2024_Cancer_Cell,B,NCR1,0.0002,0.0217
Immune,Chen_2024_Cancer_Cell,B,NKG7,0.017,0.3994
Immune,Chen_2024_Cancer_Cell,B,S100A8,0.0196,0.0414
Immune,Chen_2024_Cancer_Cell,B,S100A9,0.0163,0.0406
Immune,Chen_2024_Cancer_Cell,B,SDC1,0.0024,0.0798
Immune,Chen_2024_Cancer_Cell,B,TPSAB1,0.0185,0.0384
Immune,Chen_2024_Cancer_Cell,B,TPSB2,0.0081,0.0294
Immune,Chen_2024_Cancer_Cell,B,VCAN,0.0025,0.0207
Immune,Chen_2024_Cancer_Cell,B,XBP1,0.1742,0.4202
Immune,Chen_2024_Cancer_Cell,B,XCR1,0.0,0.001
Immune,Chen_2024_Cancer_Cell,CD4 T,APOE,0.0037,0.0142
Immune,Chen_2024_Cancer_Cell,CD4 T,C1QA,0.0023,0.0133
Immune,Chen_2024_Cancer_Cell,CD4 T,C1QB,0.0026,0.0126
Immune,Chen_2024_Cancer_Cell,CD4 T,C1QC,0.0036,0.0133
Immune,Chen_2024_Cancer_Cell,CD4 T,CD14,0.0026,0.0334
Immune,Chen_2024_Cancer_Cell,CD4 T,CD19,0.0012,0.1196
Immune,Chen_2024_Cancer_Cell,CD4 T,CD1C,0.0004,0.0245
Immune,Chen_2024_Cancer_Cell,CD4 T,CD3D,0.8448,0.431
Immune,Chen_2024_Cancer_Cell,CD4 T,CD3E,0.917,0.487
Immune,Chen_2024_Cancer_Cell,CD4 T,CD4,0.2825,0.037
Immune,Chen_2024_Cancer_Cell,CD4 T,CD68,0.0101,0.077
Immune,Chen_2024_Cancer_Cell,CD4 T,CD79A,0.039,0.3519
Immune,Chen_2024_Cancer_Cell,CD4 T,CD79B,0.0848,0.1363
Immune,Chen_2024_Cancer_Cell,CD4 T,CD8A,0.0423,0.3742
Immune,Chen_2024_Cancer_Cell,CD4 T,CD8B,0.0134,0.241
Immune,Chen_2024_Cancer_Cell,CD4 T,CLEC10A,0.0004,0.0122
Immune,Chen_2024_Cancer_Cell,CD4 T,CLEC9A,0.0001,0.0021
Immune,Chen_2024_Cancer_Cell,CD4 T,CPA3,0.0083,0.0372
Immune,Chen_2024_Cancer_Cell,CD4 T,CSF3R,0.0029,0.0186
Immune,Chen_2024_Cancer_Cell,CD4 T,CXCR2,0.0007,0.0026
Immune,Chen_2024_Cancer_Cell,CD4 T,FCER1A,0.0002,0.0154
Immune,Chen_2024_Cancer_Cell,CD4 T,FCGR3B,0.0014,0.0037
Immune,Chen_2024_Cancer_Cell,CD4 T,FCN1,0.0014,0.0266
Immune,Chen_2024_Cancer_Cell,CD4 T,GNLY,0.0983,0.2025
Immune,Chen_2024_Cancer_Cell,CD4 T,IL7R,0.7988,0.3089
Immune,Chen_2024_Cancer_Cell,CD4 T,JCHAIN,0.4179,0.6023
Immune,Chen_2024_Cancer_Cell,CD4 T,KIT,0.0153,0.0412
Immune,Chen_2024_Cancer_Cell,CD4 T,KLRD1,0.0164,0.2116
Immune,Chen_2024_Cancer_Cell,CD4 T,LILRA4,0.0002,0.0092
Immune,Chen_2024_Cancer_Cell,CD4 T,MERTK,0.0012,0.0085
Immune,Chen_2024_Cancer_Cell,CD4 T,MS4A1,0.0072,0.1667
Immune,Chen_2024_Cancer_Cell,CD4 T,MZB1,0.0768,0.2727
Immune,Chen_2024_Cancer_Cell,CD4 T,NCR1,0.0021,0.0276
Immune,Chen_2024_Cancer_Cell,CD4 T,NKG7,0.1397,0.4629
Immune,Chen_2024_Cancer_Cell,CD4 T,S100A8,0.0202,0.0481
Immune,Chen_2024_Cancer_Cell,CD4 T,S100A9,0.014,0.0494
Immune,Chen_2024_Cancer_Cell,CD4 T,SDC1,0.0022,0.1048
Immune,Chen_2024_Cancer_Cell,CD4 T,TPSAB1,0.0151,0.0465
Immune,Chen_2024_Cancer_Cell,CD4 T,TPSB2,0.0085,0.0361
Immune,Chen_2024_Cancer_Cell,CD4 T,VCAN,0.0027,0.0265
Immune,Chen_2024_Cancer_Cell,CD4 T,XBP1,0.2986,0.4391
Immune,Chen_2024_Cancer_Cell,CD4 T,XCR1,0.0,0.0013
Immune,Chen_2024_Cancer_Cell,CD8 T,APOE,0.0027,0.0143
Immune,Chen_2024_Cancer_Cell,CD8 T,C1QA,0.002,0.0131
Immune,Chen_2024_Cancer_Cell,CD8 T,C1QB,0.0021,0.0125
Immune,Chen_2024_Cancer_Cell,CD8 T,C1QC,0.0025,0.0135
Immune,Chen_2024_Cancer_Cell,CD8 T,CD14,0.0019,0.0327
Immune,Chen_2024_Cancer_Cell,CD8 T,CD19,0.0009,0.1162
Immune,Chen_2024_Cancer_Cell,CD8 T,CD1C,0.0002,0.0239
Immune,Chen_2024_Cancer_Cell,CD8 T,CD3D,0.8624,0.4357
Immune,Chen_2024_Cancer_Cell,CD8 T,CD3E,0.9312,0.4938
Immune,Chen_2024_Cancer_Cell,CD8 T,CD4,0.0213,0.1591
Immune,Chen_2024_Cancer_Cell,CD8 T,CD68,0.0117,0.0743
Immune,Chen_2024_Cancer_Cell,CD8 T,CD79A,0.0233,0.3494
Immune,Chen_2024_Cancer_Cell,CD8 T,CD79B,0.0225,0.1621
Immune,Chen_2024_Cancer_Cell,CD8 T,CD8A,0.7593,0.0495
Immune,Chen_2024_Cancer_Cell,CD8 T,CD8B,0.5134,0.0146
Immune,Chen_2024_Cancer_Cell,CD8 T,CLEC10A,0.0003,0.0118
Immune,Chen_2024_Cancer_Cell,CD8 T,CLEC9A,0.0001,0.0021
Immune,Chen_2024_Cancer_Cell,CD8 T,CPA3,0.0087,0.0362
Immune,Chen_2024_Cancer_Cell,CD8 T,CSF3R,0.0019,0.0186
Immune,Chen_2024_Cancer_Cell,CD8 T,CXCR2,0.0011,0.0024
Immune,Chen_2024_Cancer_Cell,CD8 T,FCER1A,0.0003,0.0149
Immune,Chen_2024_Cancer_Cell,CD8 T,FCGR3B,0.0022,0.0033
Immune,Chen_2024_Cancer_Cell,CD8 T,FCN1,0.0009,0.0261
Immune,Chen_2024_Cancer_Cell,CD8 T,GNLY,0.3017,0.1101
Immune,Chen_2024_Cancer_Cell,CD8 T,IL7R,0.5298,0.4417
Immune,Chen_2024_Cancer_Cell,CD8 T,JCHAIN,0.4947,0.5631
Immune,Chen_2024_Cancer_Cell,CD8 T,KIT,0.012,0.0418
Immune,Chen_2024_Cancer_Cell,CD8 T,KLRD1,0.3596,0.0551
Immune,Chen_2024_Cancer_Cell,CD8 T,LILRA4,0.0002,0.0089
Immune,Chen_2024_Cancer_Cell,CD8 T,MERTK,0.0004,0.0086
Immune,Chen_2024_Cancer_Cell,CD8 T,MS4A1,0.0207,0.156
Immune,Chen_2024_Cancer_Cell,CD8 T,MZB1,0.0798,0.2654
Immune,Chen_2024_Cancer_Cell,CD8 T,NCR1,0.035,0.0124
Immune,Chen_2024_Cancer_Cell,CD8 T,NKG7,0.8243,0.1527
Immune,Chen_2024_Cancer_Cell,CD8 T,S100A8,0.0149,0.0495
Immune,Chen_2024_Cancer_Cell,CD8 T,S100A9,0.012,0.0493
Immune,Chen_2024_Cancer_Cell,CD8 T,SDC1,0.0039,0.1009
Immune,Chen_2024_Cancer_Cell,CD8 T,TPSAB1,0.0178,0.0443
Immune,Chen_2024_Cancer_Cell,CD8 T,TPSB2,0.0087,0.0352
Immune,Chen_2024_Cancer_Cell,CD8 T,VCAN,0.0018,0.0261
Immune,Chen_2024_Cancer_Cell,CD8 T,XBP1,0.2872,0.4398
Immune,Chen_2024_Cancer_Cell,CD8 T,XCR1,0.0001,0.0013
Immune,Chen_2024_Cancer_Cell,Dendritic cell,APOE,0.0,0.0108
Immune,Chen_2024_Cancer_Cell,Dendritic cell,C1QA,0.1282,0.0096
Immune,Chen_2024_Cancer_Cell,Dendritic cell,C1QB,0.1026,0.0092
Immune,Chen_2024_Cancer_Cell,Dendritic cell,C1QC,0.0641,0.0101
Immune,Chen_2024_Cancer_Cell,Dendritic cell,CD14,0.1667,0.0231
Immune,Chen_2024_Cancer_Cell,Dendritic cell,CD19,0.0128,0.0811
Immune,Chen_2024_Cancer_Cell,Dendritic cell,CD1C,0.8205,0.0156
Immune,Chen_2024_Cancer_Cell,Dendritic cell,CD3D,0.0385,0.5666
Immune,Chen_2024_Cancer_Cell,Dendritic cell,CD3E,0.0256,0.628
Immune,Chen_2024_Cancer_Cell,Dendritic cell,CD4,0.5641,0.1165
Immune,Chen_2024_Cancer_Cell,Dendritic cell,CD68,0.6282,0.0544
Immune,Chen_2024_Cancer_Cell,Dendritic cell,CD79A,0.0897,0.2501
Immune,Chen_2024_Cancer_Cell,Dendritic cell,CD79B,0.0256,0.1196
Immune,Chen_2024_Cancer_Cell,Dendritic cell,CD8A,0.0385,0.2663
Immune,Chen_2024_Cancer_Cell,Dendritic cell,CD8B,0.0128,0.167
Immune,Chen_2024_Cancer_Cell,Dendritic cell,CLEC10A,0.8077,0.0072
Immune,Chen_2024_Cancer_Cell,Dendritic cell,CLEC9A,0.1154,0.0013
Immune,Chen_2024_Cancer_Cell,Dendritic cell,CPA3,0.0128,0.0278
Immune,Chen_2024_Cancer_Cell,Dendritic cell,CSF3R,0.2564,0.0132
Immune,Chen_2024_Cancer_Cell,Dendritic cell,CXCR2,0.0128,0.002
Immune,Chen_2024_Cancer_Cell,Dendritic cell,FCER1A,0.7821,0.0094
Immune,Chen_2024_Cancer_Cell,Dendritic cell,FCGR3B,0.0128,0.003
Immune,Chen_2024_Cancer_Cell,Dendritic cell,FCN1,0.1538,0.0182
Immune,Chen_2024_Cancer_Cell,Dendritic cell,GNLY,0.0128,0.1687
Immune,Chen_2024_Cancer_Cell,Dendritic cell,IL7R,0.2692,0.4689
Immune,Chen_2024_Cancer_Cell,Dendritic cell,JCHAIN,0.4615,0.5423
Immune,Chen_2024_Cancer_Cell,Dendritic cell,KIT,0.0256,0.0327
Immune,Chen_2024_Cancer_Cell,Dendritic cell,KLRD1,0.0256,0.1481
Immune,Chen_2024_Cancer_Cell,Dendritic cell,LILRA4,0.0769,0.0062
Immune,Chen_2024_Cancer_Cell,Dendritic cell,MERTK,0.0,0.0061
Immune,Chen_2024_Cancer_Cell,Dendritic cell,MS4A1,0.0,0.1149
Immune,Chen_2024_Cancer_Cell,Dendritic cell,MZB1,0.0769,0.209
Immune,Chen_2024_Cancer_Cell,Dendritic cell,NCR1,0.0,0.0193
Immune,Chen_2024_Cancer_Cell,Dendritic cell,NKG7,0.1154,0.3579
Immune,Chen_2024_Cancer_Cell,Dendritic cell,S100A8,0.0513,0.039
Immune,Chen_2024_Cancer_Cell,Dendritic cell,S100A9,0.1026,0.0378
Immune,Chen_2024_Cancer_Cell,Dendritic cell,SDC1,0.0128,0.0714
Immune,Chen_2024_Cancer_Cell,Dendritic cell,TPSAB1,0.0513,0.0362
Immune,Chen_2024_Cancer_Cell,Dendritic cell,TPSB2,0.0256,0.0271
Immune,Chen_2024_Cancer_Cell,Dendritic cell,VCAN,0.0385,0.0187
Immune,Chen_2024_Cancer_Cell,Dendritic cell,XBP1,0.6154,0.393
Immune,Chen_2024_Cancer_Cell,Dendritic cell,XCR1,0.0897,0.0008
Immune,Chen_2024_Cancer_Cell,Macrophage,APOE,0.4479,0.0083
Immune,Chen_2024_Cancer_Cell,Macrophage,C1QA,0.9387,0.0044
Immune,Chen_2024_Cancer_Cell,Macrophage,C1QB,0.911,0.0042
Immune,Chen_2024_Cancer_Cell,Macrophage,C1QC,0.9417,0.0048
Immune,Chen_2024_Cancer_Cell,Macrophage,CD14,0.7301,0.0193
Immune,Chen_2024_Cancer_Cell,Macrophage,CD19,0.0061,0.0814
Immune,Chen_2024_Cancer_Cell,Macrophage,CD1C,0.1595,0.0158
Immune,Chen_2024_Cancer_Cell,Macrophage,CD3D,0.0399,0.5689
Immune,Chen_2024_Cancer_Cell,Macrophage,CD3E,0.0368,0.6306
Immune,Chen_2024_Cancer_Cell,Macrophage,CD4,0.5061,0.1148
Immune,Chen_2024_Cancer_Cell,Macrophage,CD68,0.9141,0.0503
Immune,Chen_2024_Cancer_Cell,Macrophage,CD79A,0.0307,0.2512
Immune,Chen_2024_Cancer_Cell,Macrophage,CD79B,0.0092,0.1201
Immune,Chen_2024_Cancer_Cell,Macrophage,CD8A,0.0153,0.2674
Immune,Chen_2024_Cancer_Cell,Macrophage,CD8B,0.0031,0.1677
Immune,Chen_2024_Cancer_Cell,Macrophage,CLEC10A,0.3589,0.0063
Immune,Chen_2024_Cancer_Cell,Macrophage,CLEC9A,0.0184,0.0014
Immune,Chen_2024_Cancer_Cell,Macrophage,CPA3,0.0,0.028
Immune,Chen_2024_Cancer_Cell,Macrophage,CSF3R,0.2362,0.0122
Immune,Chen_2024_Cancer_Cell,Macrophage,CXCR2,0.0,0.002
Immune,Chen_2024_Cancer_Cell,Macrophage,FCER1A,0.1135,0.0098
Immune,Chen_2024_Cancer_Cell,Macrophage,FCGR3B,0.0399,0.0028
Immune,Chen_2024_Cancer_Cell,Macrophage,FCN1,0.0859,0.018
Immune,Chen_2024_Cancer_Cell,Macrophage,GNLY,0.0123,0.1694
Immune,Chen_2024_Cancer_Cell,Macrophage,IL7R,0.4325,0.4688
Immune,Chen_2024_Cancer_Cell,Macrophage,JCHAIN,0.3098,0.5435
Immune,Chen_2024_Cancer_Cell,Macrophage,KIT,0.0,0.0329
Immune,Chen_2024_Cancer_Cell,Macrophage,KLRD1,0.0031,0.1488
Immune,Chen_2024_Cancer_Cell,Macrophage,LILRA4,0.0061,0.0063
Immune,Chen_2024_Cancer_Cell,Macrophage,MERTK,0.2209,0.0049
Immune,Chen_2024_Cancer_Cell,Macrophage,MS4A1,0.0184,0.1153
Immune,Chen_2024_Cancer_Cell,Macrophage,MZB1,0.0245,0.2099
Immune,Chen_2024_Cancer_Cell,Macrophage,NCR1,0.0031,0.0194
Immune,Chen_2024_Cancer_Cell,Macrophage,NKG7,0.1258,0.3589
Immune,Chen_2024_Cancer_Cell,Macrophage,S100A8,0.1933,0.0381
Immune,Chen_2024_Cancer_Cell,Macrophage,S100A9,0.4356,0.0356
Immune,Chen_2024_Cancer_Cell,Macrophage,SDC1,0.0031,0.0717
Immune,Chen_2024_Cancer_Cell,Macrophage,TPSAB1,0.0092,0.0364
Immune,Chen_2024_Cancer_Cell,Macrophage,TPSB2,0.0061,0.0272
Immune,Chen_2024_Cancer_Cell,Macrophage,VCAN,0.1012,0.0183
Immune,Chen_2024_Cancer_Cell,Macrophage,XBP1,0.5123,0.3926
Immune,Chen_2024_Cancer_Cell,Macrophage,XCR1,0.0031,0.0009
Immune,Chen_2024_Cancer_Cell,Mast,APOE,0.1434,0.0083
Immune,Chen_2024_Cancer_Cell,Mast,C1QA,0.0028,0.0099
Immune,Chen_2024_Cancer_Cell,Mast,C1QB,0.0037,0.0094
Immune,Chen_2024_Cancer_Cell,Mast,C1QC,0.0028,0.0103
Immune,Chen_2024_Cancer_Cell,Mast,CD14,0.0065,0.0237
Immune,Chen_2024_Cancer_Cell,Mast,CD19,0.0046,0.0825
Immune,Chen_2024_Cancer_Cell,Mast,CD1C,0.0,0.017
Immune,Chen_2024_Cancer_Cell,Mast,CD3D,0.0111,0.5765
Immune,Chen_2024_Cancer_Cell,Mast,CD3E,0.025,0.6388
Immune,Chen_2024_Cancer_Cell,Mast,CD4,0.0722,0.1179
Immune,Chen_2024_Cancer_Cell,Mast,CD68,0.234,0.0518
Immune,Chen_2024_Cancer_Cell,Mast,CD79A,0.0204,0.2543
Immune,Chen_2024_Cancer_Cell,Mast,CD79B,0.0398,0.121
Immune,Chen_2024_Cancer_Cell,Mast,CD8A,0.0074,0.271
Immune,Chen_2024_Cancer_Cell,Mast,CD8B,0.0019,0.17
Immune,Chen_2024_Cancer_Cell,Mast,CLEC10A,0.0,0.0085
Immune,Chen_2024_Cancer_Cell,Mast,CLEC9A,0.0,0.0015
Immune,Chen_2024_Cancer_Cell,Mast,CPA3,0.9907,0.0093
Immune,Chen_2024_Cancer_Cell,Mast,CSF3R,0.0019,0.0137
Immune,Chen_2024_Cancer_Cell,Mast,CXCR2,0.0037,0.002
Immune,Chen_2024_Cancer_Cell,Mast,FCER1A,0.3404,0.0041
Immune,Chen_2024_Cancer_Cell,Mast,FCGR3B,0.0028,0.003
Immune,Chen_2024_Cancer_Cell,Mast,FCN1,0.0019,0.0187
Immune,Chen_2024_Cancer_Cell,Mast,GNLY,0.0157,0.1714
Immune,Chen_2024_Cancer_Cell,Mast,IL7R,0.0481,0.4767
Immune,Chen_2024_Cancer_Cell,Mast,JCHAIN,0.4625,0.5437
Immune,Chen_2024_Cancer_Cell,Mast,KIT,0.8649,0.0167
Immune,Chen_2024_Cancer_Cell,Mast,KLRD1,0.0093,0.1506
Immune,Chen_2024_Cancer_Cell,Mast,LILRA4,0.0009,0.0064
Immune,Chen_2024_Cancer_Cell,Mast,MERTK,0.0046,0.0061
Immune,Chen_2024_Cancer_Cell,Mast,MS4A1,0.0065,0.1168
Immune,Chen_2024_Cancer_Cell,Mast,MZB1,0.0324,0.2122
Immune,Chen_2024_Cancer_Cell,Mast,NCR1,0.0,0.0197
Immune,Chen_2024_Cancer_Cell,Mast,NKG7,0.1369,0.3618
Immune,Chen_2024_Cancer_Cell,Mast,S100A8,0.0176,0.0394
Immune,Chen_2024_Cancer_Cell,Mast,S100A9,0.0111,0.0384
Immune,Chen_2024_Cancer_Cell,Mast,SDC1,0.0074,0.0726
Immune,Chen_2024_Cancer_Cell,Mast,TPSAB1,0.9954,0.0178
Immune,Chen_2024_Cancer_Cell,Mast,TPSB2,0.987,0.0086
Immune,Chen_2024_Cancer_Cell,Mast,VCAN,0.0056,0.019
Immune,Chen_2024_Cancer_Cell,Mast,XBP1,0.494,0.3913
Immune,Chen_2024_Cancer_Cell,Mast,XCR1,0.0,0.0009
Immune,Chen_2024_Cancer_Cell,Monocyte,APOE,0.0347,0.0103
Immune,Chen_2024_Cancer_Cell,Monocyte,C1QA,0.062,0.0086
Immune,Chen_2024_Cancer_Cell,Monocyte,C1QB,0.038,0.0087
Immune,Chen_2024_Cancer_Cell,Monocyte,C1QC,0.0488,0.0093
Immune,Chen_2024_Cancer_Cell,Monocyte,CD14,0.7306,0.0081
Immune,Chen_2024_Cancer_Cell,Monocyte,CD19,0.0008,0.0827
Immune,Chen_2024_Cancer_Cell,Monocyte,CD1C,0.024,0.0165
Immune,Chen_2024_Cancer_Cell,Monocyte,CD3D,0.0099,0.5778
Immune,Chen_2024_Cancer_Cell,Monocyte,CD3E,0.0091,0.6405
Immune,Chen_2024_Cancer_Cell,Monocyte,CD4,0.2504,0.1142
Immune,Chen_2024_Cancer_Cell,Monocyte,CD68,0.8041,0.0391
Immune,Chen_2024_Cancer_Cell,Monocyte,CD79A,0.0091,0.2551
Immune,Chen_2024_Cancer_Cell,Monocyte,CD79B,0.024,0.1215
Immune,Chen_2024_Cancer_Cell,Monocyte,CD8A,0.005,0.2716
Immune,Chen_2024_Cancer_Cell,Monocyte,CD8B,0.0008,0.1704
Immune,Chen_2024_Cancer_Cell,Monocyte,CLEC10A,0.1033,0.0063
Immune,Chen_2024_Cancer_Cell,Monocyte,CLEC9A,0.0,0.0015
Immune,Chen_2024_Cancer_Cell,Monocyte,CPA3,0.005,0.0283
Immune,Chen_2024_Cancer_Cell,Monocyte,CSF3R,0.3744,0.0057
Immune,Chen_2024_Cancer_Cell,Monocyte,CXCR2,0.0033,0.002
Immune,Chen_2024_Cancer_Cell,Monocyte,FCER1A,0.0124,0.0104
Immune,Chen_2024_Cancer_Cell,Monocyte,FCGR3B,0.0248,0.0025
Immune,Chen_2024_Cancer_Cell,Monocyte,FCN1,0.7504,0.0026
Immune,Chen_2024_Cancer_Cell,Monocyte,GNLY,0.0116,0.1719
Immune,Chen_2024_Cancer_Cell,Monocyte,IL7R,0.2041,0.4743
Immune,Chen_2024_Cancer_Cell,Monocyte,JCHAIN,0.1587,0.5505
Immune,Chen_2024_Cancer_Cell,Monocyte,KIT,0.0017,0.0334
Immune,Chen_2024_Cancer_Cell,Monocyte,KLRD1,0.0025,0.1511
Immune,Chen_2024_Cancer_Cell,Monocyte,LILRA4,0.0033,0.0063
Immune,Chen_2024_Cancer_Cell,Monocyte,MERTK,0.0521,0.0051
Immune,Chen_2024_Cancer_Cell,Monocyte,MS4A1,0.0025,0.1171
Immune,Chen_2024_Cancer_Cell,Monocyte,MZB1,0.014,0.213
Immune,Chen_2024_Cancer_Cell,Monocyte,NCR1,0.0025,0.0197
Immune,Chen_2024_Cancer_Cell,Monocyte,NKG7,0.1124,0.3628
Immune,Chen_2024_Cancer_Cell,Monocyte,S100A8,0.9124,0.0201
Immune,Chen_2024_Cancer_Cell,Monocyte,S100A9,0.9545,0.0181
Immune,Chen_2024_Cancer_Cell,Monocyte,SDC1,0.0083,0.0727
Immune,Chen_2024_Cancer_Cell,Monocyte,TPSAB1,0.0066,0.0369
Immune,Chen_2024_Cancer_Cell,Monocyte,TPSB2,0.0008,0.0276
Immune,Chen_2024_Cancer_Cell,Monocyte,VCAN,0.714,0.0037
Immune,Chen_2024_Cancer_Cell,Monocyte,XBP1,0.5281,0.3904
Immune,Chen_2024_Cancer_Cell,Monocyte,XCR1,0.0033,0.0009
Immune,Chen_2024_Cancer_Cell,NK,APOE,0.0078,0.0109
Immune,Chen_2024_Cancer_Cell,NK,C1QA,0.0033,0.0099
Immune,Chen_2024_Cancer_Cell,NK,C1QB,0.0056,0.0095
Immune,Chen_2024_Cancer_Cell,NK,C1QC,0.0039,0.0104
Immune,Chen_2024_Cancer_Cell,NK,CD14,0.0045,0.0239
Immune,Chen_2024_Cancer_Cell,NK,CD19,0.0011,0.0836
Immune,Chen_2024_Cancer_Cell,NK,CD1C,0.0033,0.0171
Immune,Chen_2024_Cancer_Cell,NK,CD3D,0.1009,0.5809
Immune,Chen_2024_Cancer_Cell,NK,CD3E,0.3809,0.6351
Immune,Chen_2024_Cancer_Cell,NK,CD4,0.0084,0.1206
Immune,Chen_2024_Cancer_Cell,NK,CD68,0.0218,0.0563
Immune,Chen_2024_Cancer_Cell,NK,CD79A,0.0301,0.257
Immune,Chen_2024_Cancer_Cell,NK,CD79B,0.0368,0.1221
Immune,Chen_2024_Cancer_Cell,NK,CD8A,0.179,0.2688
Immune,Chen_2024_Cancer_Cell,NK,CD8B,0.039,0.1709
Immune,Chen_2024_Cancer_Cell,NK,CLEC10A,0.0011,0.0086
Immune,Chen_2024_Cancer_Cell,NK,CLEC9A,0.0206,0.0009
Immune,Chen_2024_Cancer_Cell,NK,CPA3,0.0039,0.0286
Immune,Chen_2024_Cancer_Cell,NK,CSF3R,0.0089,0.0137
Immune,Chen_2024_Cancer_Cell,NK,CXCR2,0.0178,0.0015
Immune,Chen_2024_Cancer_Cell,NK,FCER1A,0.0,0.0108
Immune,Chen_2024_Cancer_Cell,NK,FCGR3B,0.0112,0.0027
Immune,Chen_2024_Cancer_Cell,NK,FCN1,0.0017,0.0189
Immune,Chen_2024_Cancer_Cell,NK,GNLY,0.8466,0.1466
Immune,Chen_2024_Cancer_Cell,NK,IL7R,0.1824,0.4778
Immune,Chen_2024_Cancer_Cell,NK,JCHAIN,0.3123,0.5496
Immune,Chen_2024_Cancer_Cell,NK,KIT,0.0619,0.0318
Immune,Chen_2024_Cancer_Cell,NK,KLRD1,0.7524,0.1285
Immune,Chen_2024_Cancer_Cell,NK,LILRA4,0.0006,0.0065
Immune,Chen_2024_Cancer_Cell,NK,MERTK,0.0006,0.0063
Immune,Chen_2024_Cancer_Cell,NK,MS4A1,0.0139,0.118
Immune,Chen_2024_Cancer_Cell,NK,MZB1,0.0775,0.2131
Immune,Chen_2024_Cancer_Cell,NK,NCR1,0.1935,0.0137
Immune,Chen_2024_Cancer_Cell,NK,NKG7,0.9141,0.3395
Immune,Chen_2024_Cancer_Cell,NK,S100A8,0.0307,0.0393
Immune,Chen_2024_Cancer_Cell,NK,S100A9,0.0273,0.0382
Immune,Chen_2024_Cancer_Cell,NK,SDC1,0.0011,0.0736
Immune,Chen_2024_Cancer_Cell,NK,TPSAB1,0.0112,0.0371
Immune,Chen_2024_Cancer_Cell,NK,TPSB2,0.0061,0.0278
Immune,Chen_2024_Cancer_Cell,NK,VCAN,0.0006,0.0193
Immune,Chen_2024_Cancer_Cell,NK,XBP1,0.4395,0.3918
Immune,Chen_2024_Cancer_Cell,NK,XCR1,0.0028,0.0008
Immune,Chen_2024_Cancer_Cell,Plasma,APOE,0.0078,0.0113
Immune,Chen_2024_Cancer_Cell,Plasma,C1QA,0.0013,0.0111
Immune,Chen_2024_Cancer_Cell,Plasma,C1QB,0.0023,0.0104
Immune,Chen_2024_Cancer_Cell,Plasma,C1QC,0.0024,0.0114
Immune,Chen_2024_Cancer_Cell,Plasma,CD14,0.0017,0.0268
Immune,Chen_2024_Cancer_Cell,Plasma,CD19,0.1685,0.0672
Immune,Chen_2024_Cancer_Cell,Plasma,CD1C,0.0012,0.0191
Immune,Chen_2024_Cancer_Cell,Plasma,CD3D,0.0235,0.6515
Immune,Chen_2024_Cancer_Cell,Plasma,CD3E,0.0279,0.7218
Immune,Chen_2024_Cancer_Cell,Plasma,CD4,0.0017,0.1353
Immune,Chen_2024_Cancer_Cell,Plasma,CD68,0.042,0.0573
Immune,Chen_2024_Cancer_Cell,Plasma,CD79A,0.8858,0.1495
Immune,Chen_2024_Cancer_Cell,Plasma,CD79B,0.3119,0.0891
Immune,Chen_2024_Cancer_Cell,Plasma,CD8A,0.0194,0.3049
Immune,Chen_2024_Cancer_Cell,Plasma,CD8B,0.0058,0.1922
Immune,Chen_2024_Cancer_Cell,Plasma,CLEC10A,0.0001,0.0096
Immune,Chen_2024_Cancer_Cell,Plasma,CLEC9A,0.0006,0.0016
Immune,Chen_2024_Cancer_Cell,Plasma,CPA3,0.0139,0.03
Immune,Chen_2024_Cancer_Cell,Plasma,CSF3R,0.0019,0.0153
Immune,Chen_2024_Cancer_Cell,Plasma,CXCR2,0.0008,0.0022
Immune,Chen_2024_Cancer_Cell,Plasma,FCER1A,0.0005,0.012
Immune,Chen_2024_Cancer_Cell,Plasma,FCGR3B,0.0009,0.0033
Immune,Chen_2024_Cancer_Cell,Plasma,FCN1,0.0008,0.0212
Immune,Chen_2024_Cancer_Cell,Plasma,GNLY,0.0234,0.1914
Immune,Chen_2024_Cancer_Cell,Plasma,IL7R,0.0348,0.5371
Immune,Chen_2024_Cancer_Cell,Plasma,JCHAIN,0.9907,0.4714
Immune,Chen_2024_Cancer_Cell,Plasma,KIT,0.0052,0.0371
Immune,Chen_2024_Cancer_Cell,Plasma,KLRD1,0.0059,0.1704
Immune,Chen_2024_Cancer_Cell,Plasma,LILRA4,0.0003,0.0072
Immune,Chen_2024_Cancer_Cell,Plasma,MERTK,0.0203,0.0039
Immune,Chen_2024_Cancer_Cell,Plasma,MS4A1,0.017,0.1301
Immune,Chen_2024_Cancer_Cell,Plasma,MZB1,0.9887,0.0856
Immune,Chen_2024_Cancer_Cell,Plasma,NCR1,0.0005,0.0223
Immune,Chen_2024_Cancer_Cell,Plasma,NKG7,0.0188,0.411
Immune,Chen_2024_Cancer_Cell,Plasma,S100A8,0.0087,0.0438
Immune,Chen_2024_Cancer_Cell,Plasma,S100A9,0.0092,0.0424
Immune,Chen_2024_Cancer_Cell,Plasma,SDC1,0.5028,0.0032
Immune,Chen_2024_Cancer_Cell,Plasma,TPSAB1,0.0281,0.0375
Immune,Chen_2024_Cancer_Cell,Plasma,TPSB2,0.0118,0.0295
Immune,Chen_2024_Cancer_Cell,Plasma,VCAN,0.0015,0.0214
Immune,Chen_2024_Cancer_Cell,Plasma,XBP1,0.9657,0.3029
Immune,Chen_2024_Cancer_Cell,Plasma,XCR1,0.0028,0.0006
Immune,Guo_2022_JCI_Insight,B,APOE,0.0004,0.0882
Immune,Guo_2022_JCI_Insight,B,C1QA,0.0029,0.1153
Immune,Guo_2022_JCI_Insight,B,C1QB,0.0011,0.1109
Immune,Guo_2022_JCI_Insight,B,C1QC,0.0004,0.1081
Immune,Guo_2022_JCI_Insight,B,CD14,0.0006,0.1269
Immune,Guo_2022_JCI_Insight,B,CD19,0.3392,0.0014
Immune,Guo_2022_JCI_Insight,B,CD1C,0.1589,0.0109
Immune,Guo_2022_JCI_Insight,B,CD3D,0.0055,0.5639
Immune,Guo_2022_JCI_Insight,B,CD3E,0.0019,0.5373
Immune,Guo_2022_JCI_Insight,B,CD4,0.0019,0.282
Immune,Guo_2022_JCI_Insight,B,CD68,0.0002,0.0518
Immune,Guo_2022_JCI_Insight,B,CD79A,0.91,0.0437
Immune,Guo_2022_JCI_Insight,B,CD79B,0.4846,0.0441
Immune,Guo_2022_JCI_Insight,B,CD8A,0.0013,0.1738
Immune,Guo_2022_JCI_Insight,B,CD8B,0.0015,0.1272
Immune,Guo_2022_JCI_Insight,B,CLEC10A,0.0,0.0315
Immune,Guo_2022_JCI_Insight,B,CLEC9A,0.0,0.0011
Immune,Guo_2022_JCI_Insight,B,CPA3,0.0002,0.035
Immune,Guo_2022_JCI_Insight,B,CSF3R,0.0015,0.1211
Immune,Guo_2022_JCI_Insight,B,CXCR2,0.0,0.0384
Immune,Guo_2022_JCI_Insight,B,FCER1A,0.0,0.0141
Immune,Guo_2022_JCI_Insight,B,FCGR3B,0.0,0.0775
Immune,Guo_2022_JCI_Insight,B,FCN1,0.0,0.0331
Immune,Guo_2022_JCI_Insight,B,GNLY,0.0004,0.1127
Immune,Guo_2022_JCI_Insight,B,IL7R,0.0055,0.6184
Immune,Guo_2022_JCI_Insight,B,JCHAIN,0.0008,0.0406
Immune,Guo_2022_JCI_Insight,B,KIT,0.0004,0.0412
Immune,Guo_2022_JCI_Insight,B,KLRD1,0.0019,0.1453
Immune,Guo_2022_JCI_Insight,B,LILRA4,0.0002,0.0018
Immune,Guo_2022_JCI_Insight,B,MERTK,0.0,0.0498
Immune,Guo_2022_JCI_Insight,B,MS4A1,0.9372,0.0068
Immune,Guo_2022_JCI_Insight,B,MZB1,0.04,0.0587
Immune,Guo_2022_JCI_Insight,B,NCR1,0.0,0.0249
Immune,Guo_2022_JCI_Insight,B,NKG7,0.0029,0.2257
Immune,Guo_2022_JCI_Insight,B,S100A8,0.0004,0.1429
Immune,Guo_2022_JCI_Insight,B,S100A9,0.0,0.1861
Immune,Guo_2022_JCI_Insight,B,SDC1,0.0,0.0189
Immune,Guo_2022_JCI_Insight,B,TPSAB1,0.0002,0.0355
Immune,Guo_2022_JCI_Insight,B,TPSB2,0.0,0.0358
Immune,Guo_2022_JCI_Insight,B,VCAN,0.0,0.0492
Immune,Guo_2022_JCI_Insight,B,XBP1,0.1452,0.3577
Immune,Guo_2022_JCI_Insight,B,XCR1,0.0,0.0
Immune,Guo_2022_JCI_Insight,CD4 T,APOE,0.0003,0.0971
Immune,Guo_2022_JCI_Insight,CD4 T,C1QA,0.0008,0.1276
Immune,Guo_2022_JCI_Insight,CD4 T,C1QB,0.0005,0.1223
Immune,Guo_2022_JCI_Insight,CD4 T,C1QC,0.0005,0.1189
Immune,Guo_2022_JCI_Insight,CD4 T,CD14,0.0002,0.1399
Immune,Guo_2022_JCI_Insight,CD4 T,CD19,0.0,0.1169
Immune,Guo_2022_JCI_Insight,CD4 T,CD1C,0.0,0.066
Immune,Guo_2022_JCI_Insight,CD4 T,CD3D,0.951,0.2034
Immune,Guo_2022_JCI_Insight,CD4 T,CD3E,0.8995,0.1955
Immune,Guo_2022_JCI_Insight,CD4 T,CD4,0.4704,0.1037
Immune,Guo_2022_JCI_Insight,CD4 T,CD68,0.0,0.0572
Immune,Guo_2022_JCI_Insight,CD4 T,CD79A,0.0065,0.3546
Immune,Guo_2022_JCI_Insight,CD4 T,CD79B,0.0851,0.1758
Immune,Guo_2022_JCI_Insight,CD4 T,CD8A,0.0408,0.1738
Immune,Guo_2022_JCI_Insight,CD4 T,CD8B,0.0292,0.1276
Immune,Guo_2022_JCI_Insight,CD4 T,CLEC10A,0.0,0.0347
Immune,Guo_2022_JCI_Insight,CD4 T,CLEC9A,0.0,0.0012
Immune,Guo_2022_JCI_Insight,CD4 T,CPA3,0.0,0.0386
Immune,Guo_2022_JCI_Insight,CD4 T,CSF3R,0.0002,0.1337
Immune,Guo_2022_JCI_Insight,CD4 T,CXCR2,0.0002,0.0422
Immune,Guo_2022_JCI_Insight,CD4 T,FCER1A,0.0,0.0155
Immune,Guo_2022_JCI_Insight,CD4 T,FCGR3B,0.0002,0.0852
Immune,Guo_2022_JCI_Insight,CD4 T,FCN1,0.0,0.0365
Immune,Guo_2022_JCI_Insight,CD4 T,GNLY,0.037,0.1079
Immune,Guo_2022_JCI_Insight,CD4 T,IL7R,0.9553,0.2614
Immune,Guo_2022_JCI_Insight,CD4 T,JCHAIN,0.0002,0.0449
Immune,Guo_2022_JCI_Insight,CD4 T,KIT,0.0071,0.0424
Immune,Guo_2022_JCI_Insight,CD4 T,KLRD1,0.0289,0.1478
Immune,Guo_2022_JCI_Insight,CD4 T,LILRA4,0.0,0.002
Immune,Guo_2022_JCI_Insight,CD4 T,MERTK,0.0003,0.0547
Immune,Guo_2022_JCI_Insight,CD4 T,MS4A1,0.0015,0.3255
Immune,Guo_2022_JCI_Insight,CD4 T,MZB1,0.0013,0.0777
Immune,Guo_2022_JCI_Insight,CD4 T,NCR1,0.0002,0.0274
Immune,Guo_2022_JCI_Insight,CD4 T,NKG7,0.0757,0.2162
Immune,Guo_2022_JCI_Insight,CD4 T,S100A8,0.0042,0.1556
Immune,Guo_2022_JCI_Insight,CD4 T,S100A9,0.0063,0.2021
Immune,Guo_2022_JCI_Insight,CD4 T,SDC1,0.0,0.0208
Immune,Guo_2022_JCI_Insight,CD4 T,TPSAB1,0.0006,0.0389
Immune,Guo_2022_JCI_Insight,CD4 T,TPSB2,0.0008,0.039
Immune,Guo_2022_JCI_Insight,CD4 T,VCAN,0.0002,0.0541
Immune,Guo_2022_JCI_Insight,CD4 T,XBP1,0.3159,0.3038
Immune,Guo_2022_JCI_Insight,CD4 T,XCR1,0.0,0.0
Immune,Guo_2022_JCI_Insight,CD8 T,APOE,0.0004,0.0769
Immune,Guo_2022_JCI_Insight,CD8 T,C1QA,0.0,0.1012
Immune,Guo_2022_JCI_Insight,CD8 T,C1QB,0.0004,0.0968
Immune,Guo_2022_JCI_Insight,CD8 T,C1QC,0.0,0.0942
Immune,Guo_2022_JCI_Insight,CD8 T,CD14,0.0004,0.1107
Immune,Guo_2022_JCI_Insight,CD8 T,CD19,0.0,0.0925
Immune,Guo_2022_JCI_Insight,CD8 T,CD1C,0.0,0.0522
Immune,Guo_2022_JCI_Insight,CD8 T,CD3D,0.9417,0.3608
Immune,Guo_2022_JCI_Insight,CD8 T,CD3E,0.8951,0.3432
Immune,Guo_2022_JCI_Insight,CD8 T,CD4,0.0579,0.238
Immune,Guo_2022_JCI_Insight,CD8 T,CD68,0.0004,0.0452
Immune,Guo_2022_JCI_Insight,CD8 T,CD79A,0.0008,0.2827
Immune,Guo_2022_JCI_Insight,CD8 T,CD79B,0.0182,0.1662
Immune,Guo_2022_JCI_Insight,CD8 T,CD8A,0.798,0.04
Immune,Guo_2022_JCI_Insight,CD8 T,CD8B,0.6304,0.0229
Immune,Guo_2022_JCI_Insight,CD8 T,CLEC10A,0.0,0.0274
Immune,Guo_2022_JCI_Insight,CD8 T,CLEC9A,0.0,0.001
Immune,Guo_2022_JCI_Insight,CD8 T,CPA3,0.0,0.0305
Immune,Guo_2022_JCI_Insight,CD8 T,CSF3R,0.0008,0.1057
Immune,Guo_2022_JCI_Insight,CD8 T,CXCR2,0.0,0.0334
Immune,Guo_2022_JCI_Insight,CD8 T,FCER1A,0.0,0.0122
Immune,Guo_2022_JCI_Insight,CD8 T,FCGR3B,0.0004,0.0674
Immune,Guo_2022_JCI_Insight,CD8 T,FCN1,0.0,0.0288
Immune,Guo_2022_JCI_Insight,CD8 T,GNLY,0.4028,0.0419
Immune,Guo_2022_JCI_Insight,CD8 T,IL7R,0.7672,0.4327
Immune,Guo_2022_JCI_Insight,CD8 T,JCHAIN,0.0012,0.0354
Immune,Guo_2022_JCI_Insight,CD8 T,KIT,0.0024,0.0357
Immune,Guo_2022_JCI_Insight,CD8 T,KLRD1,0.5777,0.0462
Immune,Guo_2022_JCI_Insight,CD8 T,LILRA4,0.0,0.0016
Immune,Guo_2022_JCI_Insight,CD8 T,MERTK,0.0,0.0434
Immune,Guo_2022_JCI_Insight,CD8 T,MS4A1,0.0045,0.2574
Immune,Guo_2022_JCI_Insight,CD8 T,MZB1,0.0024,0.0616
Immune,Guo_2022_JCI_Insight,CD8 T,NCR1,0.0753,0.0112
Immune,Guo_2022_JCI_Insight,CD8 T,NKG7,0.9186,0.0688
Immune,Guo_2022_JCI_Insight,CD8 T,S100A8,0.0081,0.1235
Immune,Guo_2022_JCI_Insight,CD8 T,S100A9,0.0036,0.1616
Immune,Guo_2022_JCI_Insight,CD8 T,SDC1,0.0,0.0164
Immune,Guo_2022_JCI_Insight,CD8 T,TPSAB1,0.0,0.031
Immune,Guo_2022_JCI_Insight,CD8 T,TPSB2,0.0004,0.0311
Immune,Guo_2022_JCI_Insight,CD8 T,VCAN,0.0,0.0428
Immune,Guo_2022_JCI_Insight,CD8 T,XBP1,0.2781,0.3117
Immune,Guo_2022_JCI_Insight,CD8 T,XCR1,0.0,0.0
Immune,Guo_2022_JCI_Insight,Macrophage,APOE,0.7442,0.0063
Immune,Guo_2022_JCI_Insight,Macrophage,C1QA,0.9664,0.0094
Immune,Guo_2022_JCI_Insight,Macrophage,C1QB,0.9533,0.0065
Immune,Guo_2022_JCI_Insight,Macrophage,C1QC,0.9359,0.0055
Immune,Guo_2022_JCI_Insight,Macrophage,CD14,0.7184,0.0409
Immune,Guo_2022_JCI_Insight,Macrophage,CD19,0.0,0.0885
Immune,Guo_2022_JCI_Insight,Macrophage,CD1C,0.0473,0.0457
Immune,Guo_2022_JCI_Insight,Macrophage,CD3D,0.0006,0.4712
Immune,Guo_2022_JCI_Insight,Macrophage,CD3E,0.0012,0.448
Immune,Guo_2022_JCI_Insight,Macrophage,CD4,0.5003,0.1902
Immune,Guo_2022_JCI_Insight,Macrophage,CD68,0.3613,0.0106
Immune,Guo_2022_JCI_Insight,Macrophage,CD79A,0.0042,0.2702
Immune,Guo_2022_JCI_Insight,Macrophage,CD79B,0.0,0.1614
Immune,Guo_2022_JCI_Insight,Macrophage,CD8A,0.0,0.1451
Immune,Guo_2022_JCI_Insight,Macrophage,CD8B,0.0,0.1063
Immune,Guo_2022_JCI_Insight,Macrophage,CLEC10A,0.2049,0.0077
Immune,Guo_2022_JCI_Insight,Macrophage,CLEC9A,0.0054,0.0004
Immune,Guo_2022_JCI_Insight,Macrophage,CPA3,0.0006,0.0292
Immune,Guo_2022_JCI_Insight,Macrophage,CSF3R,0.1899,0.0841
Immune,Guo_2022_JCI_Insight,Macrophage,CXCR2,0.0,0.032
Immune,Guo_2022_JCI_Insight,Macrophage,FCER1A,0.0078,0.011
Immune,Guo_2022_JCI_Insight,Macrophage,FCGR3B,0.0024,0.0643
Immune,Guo_2022_JCI_Insight,Macrophage,FCN1,0.0282,0.025
Immune,Guo_2022_JCI_Insight,Macrophage,GNLY,0.0006,0.0939
Immune,Guo_2022_JCI_Insight,Macrophage,IL7R,0.2846,0.4909
Immune,Guo_2022_JCI_Insight,Macrophage,JCHAIN,0.0012,0.0339
Immune,Guo_2022_JCI_Insight,Macrophage,KIT,0.0,0.0345
Immune,Guo_2022_JCI_Insight,Macrophage,KLRD1,0.0252,0.1192
Immune,Guo_2022_JCI_Insight,Macrophage,LILRA4,0.0,0.0015
Immune,Guo_2022_JCI_Insight,Macrophage,MERTK,0.3895,0.0063
Immune,Guo_2022_JCI_Insight,Macrophage,MS4A1,0.0,0.2468
Immune,Guo_2022_JCI_Insight,Macrophage,MZB1,0.0042,0.0589
Immune,Guo_2022_JCI_Insight,Macrophage,NCR1,0.0,0.0208
Immune,Guo_2022_JCI_Insight,Macrophage,NKG7,0.0419,0.1851
Immune,Guo_2022_JCI_Insight,Macrophage,S100A8,0.1378,0.1067
Immune,Guo_2022_JCI_Insight,Macrophage,S100A9,0.4781,0.1118
Immune,Guo_2022_JCI_Insight,Macrophage,SDC1,0.0012,0.0156
Immune,Guo_2022_JCI_Insight,Macrophage,TPSAB1,0.0,0.0296
Immune,Guo_2022_JCI_Insight,Macrophage,TPSB2,0.0,0.0298
Immune,Guo_2022_JCI_Insight,Macrophage,VCAN,0.0683,0.0348
Immune,Guo_2022_JCI_Insight,Macrophage,XBP1,0.3667,0.3022
Immune,Guo_2022_JCI_Insight,Macrophage,XCR1,0.0,0.0
Immune,Guo_2022_JCI_Insight,Mast,APOE,0.1259,0.0659
Immune,Guo_2022_JCI_Insight,Mast,C1QA,0.0093,0.091
Immune,Guo_2022_JCI_Insight,Mast,C1QB,0.0056,0.0872
Immune,Guo_2022_JCI_Insight,Mast,C1QC,0.0019,0.0849
Immune,Guo_2022_JCI_Insight,Mast,CD14,0.0019,0.0998
Immune,Guo_2022_JCI_Insight,Mast,CD19,0.0,0.0834
Immune,Guo_2022_JCI_Insight,Mast,CD1C,0.0019,0.047
Immune,Guo_2022_JCI_Insight,Mast,CD3D,0.0074,0.4439
Immune,Guo_2022_JCI_Insight,Mast,CD3E,0.0037,0.4222
Immune,Guo_2022_JCI_Insight,Mast,CD4,0.0611,0.2202
Immune,Guo_2022_JCI_Insight,Mast,CD68,0.0056,0.0406
Immune,Guo_2022_JCI_Insight,Mast,CD79A,0.0019,0.2549
Immune,Guo_2022_JCI_Insight,Mast,CD79B,0.0389,0.151
Immune,Guo_2022_JCI_Insight,Mast,CD8A,0.0,0.1367
Immune,Guo_2022_JCI_Insight,Mast,CD8B,0.0,0.1002
Immune,Guo_2022_JCI_Insight,Mast,CLEC10A,0.0,0.0247
Immune,Guo_2022_JCI_Insight,Mast,CLEC9A,0.0,0.0009
Immune,Guo_2022_JCI_Insight,Mast,CPA3,0.9815,0.0005
Immune,Guo_2022_JCI_Insight,Mast,CSF3R,0.0056,0.0953
Immune,Guo_2022_JCI_Insight,Mast,CXCR2,0.0,0.0301
Immune,Guo_2022_JCI_Insight,Mast,FCER1A,0.2944,0.0029
Immune,Guo_2022_JCI_Insight,Mast,FCGR3B,0.0,0.0608
Immune,Guo_2022_JCI_Insight,Mast,FCN1,0.0,0.026
Immune,Guo_2022_JCI_Insight,Mast,GNLY,0.0204,0.088
Immune,Guo_2022_JCI_Insight,Mast,IL7R,0.0333,0.486
Immune,Guo_2022_JCI_Insight,Mast,JCHAIN,0.0074,0.0319
Immune,Guo_2022_JCI_Insight,Mast,KIT,0.9315,0.0068
Immune,Guo_2022_JCI_Insight,Mast,KLRD1,0.0019,0.1145
Immune,Guo_2022_JCI_Insight,Mast,LILRA4,0.0,0.0014
Immune,Guo_2022_JCI_Insight,Mast,MERTK,0.0056,0.039
Immune,Guo_2022_JCI_Insight,Mast,MS4A1,0.0074,0.2324
Immune,Guo_2022_JCI_Insight,Mast,MZB1,0.0056,0.0557
Immune,Guo_2022_JCI_Insight,Mast,NCR1,0.0019,0.0195
Immune,Guo_2022_JCI_Insight,Mast,NKG7,0.0519,0.1765
Immune,Guo_2022_JCI_Insight,Mast,S100A8,0.0222,0.1117
Immune,Guo_2022_JCI_Insight,Mast,S100A9,0.0204,0.1456
Immune,Guo_2022_JCI_Insight,Mast,SDC1,0.0,0.0148
Immune,Guo_2022_JCI_Insight,Mast,TPSAB1,0.9907,0.0006
Immune,Guo_2022_JCI_Insight,Mast,TPSB2,0.9981,0.0006
Immune,Guo_2022_JCI_Insight,Mast,VCAN,0.0,0.0386
Immune,Guo_2022_JCI_Insight,Mast,XBP1,0.4944,0.3024
Immune,Guo_2022_JCI_Insight,Mast,XCR1,0.0,0.0
Immune,Guo_2022_JCI_Insight,Monocyte,APOE,0.0325,0.0688
Immune,Guo_2022_JCI_Insight,Monocyte,C1QA,0.0948,0.0886
Immune,Guo_2022_JCI_Insight,Monocyte,C1QB,0.0523,0.0862
Immune,Guo_2022_JCI_Insight,Monocyte,C1QC,0.0537,0.0837
Immune,Guo_2022_JCI_Insight,Monocyte,CD14,0.6818,0.0758
Immune,Guo_2022_JCI_Insight,Monocyte,CD19,0.0,0.0841
Immune,Guo_2022_JCI_Insight,Monocyte,CD1C,0.0113,0.0471
Immune,Guo_2022_JCI_Insight,Monocyte,CD3D,0.0014,0.4478
Immune,Guo_2022_JCI_Insight,Monocyte,CD3E,0.0014,0.4259
Immune,Guo_2022_JCI_Insight,Monocyte,CD4,0.2164,0.2159
Immune,Guo_2022_JCI_Insight,Monocyte,CD68,0.2291,0.0328
Immune,Guo_2022_JCI_Insight,Monocyte,CD79A,0.0,0.2571
Immune,Guo_2022_JCI_Insight,Monocyte,CD79B,0.0042,0.1533
Immune,Guo_2022_JCI_Insight,Monocyte,CD8A,0.0,0.1379
Immune,Guo_2022_JCI_Insight,Monocyte,CD8B,0.0,0.1011
Immune,Guo_2022_JCI_Insight,Monocyte,CLEC10A,0.0622,0.0227
Immune,Guo_2022_JCI_Insight,Monocyte,CLEC9A,0.0,0.0009
Immune,Guo_2022_JCI_Insight,Monocyte,CPA3,0.0,0.0278
Immune,Guo_2022_JCI_Insight,Monocyte,CSF3R,0.3847,0.0822
Immune,Guo_2022_JCI_Insight,Monocyte,CXCR2,0.0,0.0304
Immune,Guo_2022_JCI_Insight,Monocyte,FCER1A,0.0042,0.011
Immune,Guo_2022_JCI_Insight,Monocyte,FCGR3B,0.0085,0.061
Immune,Guo_2022_JCI_Insight,Monocyte,FCN1,0.5149,0.0075
Immune,Guo_2022_JCI_Insight,Monocyte,GNLY,0.0028,0.0892
Immune,Guo_2022_JCI_Insight,Monocyte,IL7R,0.447,0.4748
Immune,Guo_2022_JCI_Insight,Monocyte,JCHAIN,0.0,0.0324
Immune,Guo_2022_JCI_Insight,Monocyte,KIT,0.0,0.0328
Immune,Guo_2022_JCI_Insight,Monocyte,KLRD1,0.024,0.1146
Immune,Guo_2022_JCI_Insight,Monocyte,LILRA4,0.0,0.0014
Immune,Guo_2022_JCI_Insight,Monocyte,MERTK,0.0905,0.0362
Immune,Guo_2022_JCI_Insight,Monocyte,MS4A1,0.0,0.2346
Immune,Guo_2022_JCI_Insight,Monocyte,MZB1,0.0,0.0563
Immune,Guo_2022_JCI_Insight,Monocyte,NCR1,0.0,0.0197
Immune,Guo_2022_JCI_Insight,Monocyte,NKG7,0.0113,0.1791
Immune,Guo_2022_JCI_Insight,Monocyte,S100A8,0.7878,0.0846
Immune,Guo_2022_JCI_Insight,Monocyte,S100A9,0.9081,0.1143
Immune,Guo_2022_JCI_Insight,Monocyte,SDC1,0.0,0.0149
Immune,Guo_2022_JCI_Insight,Monocyte,TPSAB1,0.0014,0.0281
Immune,Guo_2022_JCI_Insight,Monocyte,TPSB2,0.0,0.0283
Immune,Guo_2022_JCI_Insight,Monocyte,VCAN,0.8034,0.0097
Immune,Guo_2022_JCI_Insight,Monocyte,XBP1,0.6789,0.294
Immune,Guo_2022_JCI_Insight,Monocyte,XCR1,0.0,0.0
Immune,Guo_2022_JCI_Insight,NK,APOE,0.0021,0.0691
Immune,Guo_2022_JCI_Insight,NK,C1QA,0.0124,0.0907
Immune,Guo_2022_JCI_Insight,NK,C1QB,0.0186,0.0866
Immune,Guo_2022_JCI_Insight,NK,C1QC,0.0021,0.0846
Immune,Guo_2022_JCI_Insight,NK,CD14,0.0,0.0995
Immune,Guo_2022_JCI_Insight,NK,CD19,0.0021,0.0831
Immune,Guo_2022_JCI_Insight,NK,CD1C,0.0289,0.0462
Immune,Guo_2022_JCI_Insight,NK,CD3D,0.3306,0.4347
Immune,Guo_2022_JCI_Insight,NK,CD3E,0.4504,0.41
Immune,Guo_2022_JCI_Insight,NK,CD4,0.0992,0.2188
Immune,Guo_2022_JCI_Insight,NK,CD68,0.0083,0.0404
Immune,Guo_2022_JCI_Insight,NK,CD79A,0.0103,0.2539
Immune,Guo_2022_JCI_Insight,NK,CD79B,0.0021,0.1516
Immune,Guo_2022_JCI_Insight,NK,CD8A,0.3678,0.1273
Immune,Guo_2022_JCI_Insight,NK,CD8B,0.188,0.0953
Immune,Guo_2022_JCI_Insight,NK,CLEC10A,0.0331,0.0238
Immune,Guo_2022_JCI_Insight,NK,CLEC9A,0.0145,0.0005
Immune,Guo_2022_JCI_Insight,NK,CPA3,0.0021,0.0274
Immune,Guo_2022_JCI_Insight,NK,CSF3R,0.0207,0.0946
Immune,Guo_2022_JCI_Insight,NK,CXCR2,0.0021,0.03
Immune,Guo_2022_JCI_Insight,NK,FCER1A,0.0145,0.0106
Immune,Guo_2022_JCI_Insight,NK,FCGR3B,0.0,0.0607
Immune,Guo_2022_JCI_Insight,NK,FCN1,0.0021,0.0259
Immune,Guo_2022_JCI_Insight,NK,GNLY,0.6281,0.0728
Immune,Guo_2022_JCI_Insight,NK,IL7R,0.5599,0.4717
Immune,Guo_2022_JCI_Insight,NK,JCHAIN,0.0041,0.0319
Immune,Guo_2022_JCI_Insight,NK,KIT,0.1012,0.0299
Immune,Guo_2022_JCI_Insight,NK,KLRD1,0.5744,0.1
Immune,Guo_2022_JCI_Insight,NK,LILRA4,0.0,0.0014
Immune,Guo_2022_JCI_Insight,NK,MERTK,0.0103,0.0388
Immune,Guo_2022_JCI_Insight,NK,MS4A1,0.0062,0.2317
Immune,Guo_2022_JCI_Insight,NK,MZB1,0.0124,0.0554
Immune,Guo_2022_JCI_Insight,NK,NCR1,0.2252,0.014
Immune,Guo_2022_JCI_Insight,NK,NKG7,0.6116,0.1624
Immune,Guo_2022_JCI_Insight,NK,S100A8,0.0145,0.1116
Immune,Guo_2022_JCI_Insight,NK,S100A9,0.031,0.145
Immune,Guo_2022_JCI_Insight,NK,SDC1,0.0021,0.0147
Immune,Guo_2022_JCI_Insight,NK,TPSAB1,0.0021,0.0278
Immune,Guo_2022_JCI_Insight,NK,TPSB2,0.0041,0.0279
Immune,Guo_2022_JCI_Insight,NK,VCAN,0.0,0.0385
Immune,Guo_2022_JCI_Insight,NK,XBP1,0.4525,0.304
Immune,Guo_2022_JCI_Insight,NK,XCR1,0.0,0.0
Immune,Guo_2022_JCI_Insight,Neutrophil,APOE,0.0022,0.0722
Immune,Guo_2022_JCI_Insight,Neutrophil,C1QA,0.0,0.0952
Immune,Guo_2022_JCI_Insight,Neutrophil,C1QB,0.0007,0.0911
Immune,Guo_2022_JCI_Insight,Neutrophil,C1QC,0.0007,0.0886
Immune,Guo_2022_JCI_Insight,Neutrophil,CD14,0.162,0.0924
Immune,Guo_2022_JCI_Insight,Neutrophil,CD19,0.0,0.087
Immune,Guo_2022_JCI_Insight,Neutrophil,CD1C,0.0,0.0491
Immune,Guo_2022_JCI_Insight,Neutrophil,CD3D,0.0007,0.4634
Immune,Guo_2022_JCI_Insight,Neutrophil,CD3E,0.0,0.4407
Immune,Guo_2022_JCI_Insight,Neutrophil,CD4,0.0007,0.2315
Immune,Guo_2022_JCI_Insight,Neutrophil,CD68,0.0037,0.0423
Immune,Guo_2022_JCI_Insight,Neutrophil,CD79A,0.0015,0.2659
Immune,Guo_2022_JCI_Insight,Neutrophil,CD79B,0.0007,0.1587
Immune,Guo_2022_JCI_Insight,Neutrophil,CD8A,0.0,0.1427
Immune,Guo_2022_JCI_Insight,Neutrophil,CD8B,0.0,0.1046
Immune,Guo_2022_JCI_Insight,Neutrophil,CLEC10A,0.0,0.0258
Immune,Guo_2022_JCI_Insight,Neutrophil,CLEC9A,0.0,0.0009
Immune,Guo_2022_JCI_Insight,Neutrophil,CPA3,0.0015,0.0286
Immune,Guo_2022_JCI_Insight,Neutrophil,CSF3R,0.8851,0.0355
Immune,Guo_2022_JCI_Insight,Neutrophil,CXCR2,0.433,0.0001
Immune,Guo_2022_JCI_Insight,Neutrophil,FCER1A,0.0007,0.0115
Immune,Guo_2022_JCI_Insight,Neutrophil,FCGR3B,0.863,0.001
Immune,Guo_2022_JCI_Insight,Neutrophil,FCN1,0.0508,0.0235
Immune,Guo_2022_JCI_Insight,Neutrophil,GNLY,0.0,0.0924
Immune,Guo_2022_JCI_Insight,Neutrophil,IL7R,0.0029,0.5079
Immune,Guo_2022_JCI_Insight,Neutrophil,JCHAIN,0.0022,0.0333
Immune,Guo_2022_JCI_Insight,Neutrophil,KIT,0.0007,0.0338
Immune,Guo_2022_JCI_Insight,Neutrophil,KLRD1,0.0287,0.1174
Immune,Guo_2022_JCI_Insight,Neutrophil,LILRA4,0.0,0.0015
Immune,Guo_2022_JCI_Insight,Neutrophil,MERTK,0.0,0.0408
Immune,Guo_2022_JCI_Insight,Neutrophil,MS4A1,0.0015,0.2426
Immune,Guo_2022_JCI_Insight,Neutrophil,MZB1,0.0015,0.0582
Immune,Guo_2022_JCI_Insight,Neutrophil,NCR1,0.0501,0.0168
Immune,Guo_2022_JCI_Insight,Neutrophil,NKG7,0.0029,0.1855
Immune,Guo_2022_JCI_Insight,Neutrophil,S100A8,0.9573,0.0479
Immune,Guo_2022_JCI_Insight,Neutrophil,S100A9,0.9455,0.0841
Immune,Guo_2022_JCI_Insight,Neutrophil,SDC1,0.0,0.0155
Immune,Guo_2022_JCI_Insight,Neutrophil,TPSAB1,0.0,0.0292
Immune,Guo_2022_JCI_Insight,Neutrophil,TPSB2,0.0,0.0293
Immune,Guo_2022_JCI_Insight,Neutrophil,VCAN,0.0206,0.0388
Immune,Guo_2022_JCI_Insight,Neutrophil,XBP1,0.1215,0.321
Immune,Guo_2022_JCI_Insight,Neutrophil,XCR1,0.0,0.0
Immune,Guo_2022_JCI_Insight,Plasma,APOE,0.0012,0.0704
Immune,Guo_2022_JCI_Insight,Plasma,C1QA,0.0012,0.0926
Immune,Guo_2022_JCI_Insight,Plasma,C1QB,0.0012,0.0887
Immune,Guo_2022_JCI_Insight,Plasma,C1QC,0.0,0.0863
Immune,Guo_2022_JCI_Insight,Plasma,CD14,0.0,0.1014
Immune,Guo_2022_JCI_Insight,Plasma,CD19,0.0119,0.0841
Immune,Guo_2022_JCI_Insight,Plasma,CD1C,0.0,0.0478
Immune,Guo_2022_JCI_Insight,Plasma,CD3D,0.0,0.451
Immune,Guo_2022_JCI_Insight,Plasma,CD3E,0.0,0.4289
Immune,Guo_2022_JCI_Insight,Plasma,CD4,0.0036,0.2252
Immune,Guo_2022_JCI_Insight,Plasma,CD68,0.0,0.0414
Immune,Guo_2022_JCI_Insight,Plasma,CD79A,0.69,0.2288
Immune,Guo_2022_JCI_Insight,Plasma,CD79B,0.0713,0.1514
Immune,Guo_2022_JCI_Insight,Plasma,CD8A,0.0,0.1389
Immune,Guo_2022_JCI_Insight,Plasma,CD8B,0.0,0.1018
Immune,Guo_2022_JCI_Insight,Plasma,CLEC10A,0.0,0.0251
Immune,Guo_2022_JCI_Insight,Plasma,CLEC9A,0.0,0.0009
Immune,Guo_2022_JCI_Insight,Plasma,CPA3,0.0,0.028
Immune,Guo_2022_JCI_Insight,Plasma,CSF3R,0.0,0.0969
Immune,Guo_2022_JCI_Insight,Plasma,CXCR2,0.0,0.0306
Immune,Guo_2022_JCI_Insight,Plasma,FCER1A,0.0,0.0112
Immune,Guo_2022_JCI_Insight,Plasma,FCGR3B,0.0,0.0618
Immune,Guo_2022_JCI_Insight,Plasma,FCN1,0.0012,0.0264
Immune,Guo_2022_JCI_Insight,Plasma,GNLY,0.0012,0.0899
Immune,Guo_2022_JCI_Insight,Plasma,IL7R,0.0024,0.4944
Immune,Guo_2022_JCI_Insight,Plasma,JCHAIN,0.7197,0.0011
Immune,Guo_2022_JCI_Insight,Plasma,KIT,0.0,0.033
Immune,Guo_2022_JCI_Insight,Plasma,KLRD1,0.0012,0.1163
Immune,Guo_2022_JCI_Insight,Plasma,LILRA4,0.0,0.0015
Immune,Guo_2022_JCI_Insight,Plasma,MERTK,0.0095,0.0393
Immune,Guo_2022_JCI_Insight,Plasma,MS4A1,0.0048,0.236
Immune,Guo_2022_JCI_Insight,Plasma,MZB1,0.981,0.0139
Immune,Guo_2022_JCI_Insight,Plasma,NCR1,0.0,0.0199
Immune,Guo_2022_JCI_Insight,Plasma,NKG7,0.0,0.1807
Immune,Guo_2022_JCI_Insight,Plasma,S100A8,0.0,0.1141
Immune,Guo_2022_JCI_Insight,Plasma,S100A9,0.0012,0.1484
Immune,Guo_2022_JCI_Insight,Plasma,SDC1,0.3409,0.0002
Immune,Guo_2022_JCI_Insight,Plasma,TPSAB1,0.0,0.0284
Immune,Guo_2022_JCI_Insight,Plasma,TPSB2,0.0,0.0285
Immune,Guo_2022_JCI_Insight,Plasma,VCAN,0.0,0.0392
Immune,Guo_2022_JCI_Insight,Plasma,XBP1,0.9774,0.2783
Immune,Guo_2022_JCI_Insight,Plasma,XCR1,0.0,0.0
Immune,Joanito_2022_Nat_Genet,B,APOE,0.0284,0.1552
Immune,Joanito_2022_Nat_Genet,B,C1QA,0.0263,0.1748
Immune,Joanito_2022_Nat_Genet,B,C1QB,0.0308,0.1694
Immune,Joanito_2022_Nat_Genet,B,C1QC,0.0289,0.1701
Immune,Joanito_2022_Nat_Genet,B,CD14,0.0085,0.1955
Immune,Joanito_2022_Nat_Genet,B,CD19,0.52,0.0527
Immune,Joanito_2022_Nat_Genet,B,CD1C,0.1366,0.0223
Immune,Joanito_2022_Nat_Genet,B,CD3D,0.0035,0.471
Immune,Joanito_2022_Nat_Genet,B,CD3E,0.0067,0.5258
Immune,Joanito_2022_Nat_Genet,B,CD4,0.0029,0.2723
Immune,Joanito_2022_Nat_Genet,B,CD68,0.0806,0.254
Immune,Joanito_2022_Nat_Genet,B,CD79A,0.8985,0.209
Immune,Joanito_2022_Nat_Genet,B,CD79B,0.6079,0.1695
Immune,Joanito_2022_Nat_Genet,B,CD8A,0.0027,0.1813
Immune,Joanito_2022_Nat_Genet,B,CD8B,0.0008,0.1414
Immune,Joanito_2022_Nat_Genet,B,CLEC10A,0.0012,0.0636
Immune,Joanito_2022_Nat_Genet,B,CLEC9A,0.0001,0.0041
Immune,Joanito_2022_Nat_Genet,B,CPA3,0.0011,0.0162
Immune,Joanito_2022_Nat_Genet,B,CSF3R,0.0029,0.1163
Immune,Joanito_2022_Nat_Genet,B,CXCR2,0.0004,0.0064
Immune,Joanito_2022_Nat_Genet,B,FCER1A,0.0003,0.0204
Immune,Joanito_2022_Nat_Genet,B,FCGR3B,0.0016,0.0261
Immune,Joanito_2022_Nat_Genet,B,FCN1,0.001,0.0704
Immune,Joanito_2022_Nat_Genet,B,GNLY,0.0019,0.0808
Immune,Joanito_2022_Nat_Genet,B,IL7R,0.0121,0.4331
Immune,Joanito_2022_Nat_Genet,B,JCHAIN,0.3738,0.3016
Immune,Joanito_2022_Nat_Genet,B,KIT,0.0003,0.0207
Immune,Joanito_2022_Nat_Genet,B,KLRD1,0.0009,0.1049
Immune,Joanito_2022_Nat_Genet,B,LILRA4,0.0174,0.0073
Immune,Joanito_2022_Nat_Genet,B,MERTK,0.0006,0.1129
Immune,Joanito_2022_Nat_Genet,B,MS4A1,0.8953,0.0095
Immune,Joanito_2022_Nat_Genet,B,MZB1,0.1206,0.241
Immune,Joanito_2022_Nat_Genet,B,NCR1,0.0,0.0109
Immune,Joanito_2022_Nat_Genet,B,NKG7,0.0055,0.2557
Immune,Joanito_2022_Nat_Genet,B,S100A8,0.0122,0.1266
Immune,Joanito_2022_Nat_Genet,B,S100A9,0.0144,0.18
Immune,Joanito_2022_Nat_Genet,B,SDC1,0.0014,0.1449
Immune,Joanito_2022_Nat_Genet,B,TPSAB1,0.0021,0.017
Immune,Joanito_2022_Nat_Genet,B,TPSB2,0.0019,0.0178
Immune,Joanito_2022_Nat_Genet,B,VCAN,0.0065,0.0877
Immune,Joanito_2022_Nat_Genet,B,XBP1,0.0825,0.4319
Immune,Joanito_2022_Nat_Genet,B,XCR1,0.0,0.0049
Immune,Joanito_2022_Nat_Genet,CD4 T,APOE,0.0328,0.1911
Immune,Joanito_2022_Nat_Genet,CD4 T,C1QA,0.0306,0.2172
Immune,Joanito_2022_Nat_Genet,CD4 T,C1QB,0.0312,0.2105
Immune,Joanito_2022_Nat_Genet,CD4 T,C1QC,0.0298,0.2118
Immune,Joanito_2022_Nat_Genet,CD4 T,CD14,0.0121,0.2496
Immune,Joanito_2022_Nat_Genet,CD4 T,CD19,0.0003,0.129
Immune,Joanito_2022_Nat_Genet,CD4 T,CD1C,0.0004,0.0447
Immune,Joanito_2022_Nat_Genet,CD4 T,CD3D,0.8603,0.2552
Immune,Joanito_2022_Nat_Genet,CD4 T,CD3E,0.9416,0.2929
Immune,Joanito_2022_Nat_Genet,CD4 T,CD4,0.3506,0.2084
Immune,Joanito_2022_Nat_Genet,CD4 T,CD68,0.031,0.3262
Immune,Joanito_2022_Nat_Genet,CD4 T,CD79A,0.0287,0.3642
Immune,Joanito_2022_Nat_Genet,CD4 T,CD79B,0.1286,0.2376
Immune,Joanito_2022_Nat_Genet,CD4 T,CD8A,0.0215,0.2267
Immune,Joanito_2022_Nat_Genet,CD4 T,CD8B,0.0091,0.1799
Immune,Joanito_2022_Nat_Genet,CD4 T,CLEC10A,0.001,0.0822
Immune,Joanito_2022_Nat_Genet,CD4 T,CLEC9A,0.0001,0.0053
Immune,Joanito_2022_Nat_Genet,CD4 T,CPA3,0.0014,0.0205
Immune,Joanito_2022_Nat_Genet,CD4 T,CSF3R,0.0026,0.1502
Immune,Joanito_2022_Nat_Genet,CD4 T,CXCR2,0.0005,0.0082
Immune,Joanito_2022_Nat_Genet,CD4 T,FCER1A,0.0003,0.0263
Immune,Joanito_2022_Nat_Genet,CD4 T,FCGR3B,0.0016,0.0334
Immune,Joanito_2022_Nat_Genet,CD4 T,FCN1,0.001,0.091
Immune,Joanito_2022_Nat_Genet,CD4 T,GNLY,0.0435,0.0871
Immune,Joanito_2022_Nat_Genet,CD4 T,IL7R,0.8151,0.2257
Immune,Joanito_2022_Nat_Genet,CD4 T,JCHAIN,0.1398,0.377
Immune,Joanito_2022_Nat_Genet,CD4 T,KIT,0.0053,0.0247
Immune,Joanito_2022_Nat_Genet,CD4 T,KLRD1,0.0165,0.1294
Immune,Joanito_2022_Nat_Genet,CD4 T,LILRA4,0.0,0.0115
Immune,Joanito_2022_Nat_Genet,CD4 T,MERTK,0.0025,0.1455
Immune,Joanito_2022_Nat_Genet,CD4 T,MS4A1,0.0039,0.1151
Immune,Joanito_2022_Nat_Genet,CD4 T,MZB1,0.06,0.302
Immune,Joanito_2022_Nat_Genet,CD4 T,NCR1,0.0032,0.0128
Immune,Joanito_2022_Nat_Genet,CD4 T,NKG7,0.0695,0.3036
Immune,Joanito_2022_Nat_Genet,CD4 T,S100A8,0.0132,0.1603
Immune,Joanito_2022_Nat_Genet,CD4 T,S100A9,0.0182,0.2277
Immune,Joanito_2022_Nat_Genet,CD4 T,SDC1,0.0017,0.1874
Immune,Joanito_2022_Nat_Genet,CD4 T,TPSAB1,0.0017,0.0217
Immune,Joanito_2022_Nat_Genet,CD4 T,TPSB2,0.002,0.0224
Immune,Joanito_2022_Nat_Genet,CD4 T,VCAN,0.0069,0.1117
Immune,Joanito_2022_Nat_Genet,CD4 T,XBP1,0.1846,0.4936
Immune,Joanito_2022_Nat_Genet,CD4 T,XCR1,0.0001,0.0063
Immune,Joanito_2022_Nat_Genet,CD8 T,APOE,0.0389,0.1689
Immune,Joanito_2022_Nat_Genet,CD8 T,C1QA,0.0302,0.1928
Immune,Joanito_2022_Nat_Genet,CD8 T,C1QB,0.0321,0.1868
Immune,Joanito_2022_Nat_Genet,CD8 T,C1QC,0.0307,0.1878
Immune,Joanito_2022_Nat_Genet,CD8 T,CD14,0.0103,0.2189
Immune,Joanito_2022_Nat_Genet,CD8 T,CD19,0.0002,0.1121
Immune,Joanito_2022_Nat_Genet,CD8 T,CD1C,0.0005,0.0389
Immune,Joanito_2022_Nat_Genet,CD8 T,CD3D,0.8686,0.3325
Immune,Joanito_2022_Nat_Genet,CD8 T,CD3E,0.9526,0.3754
Immune,Joanito_2022_Nat_Genet,CD8 T,CD4,0.0207,0.3026
Immune,Joanito_2022_Nat_Genet,CD8 T,CD68,0.0351,0.2866
Immune,Joanito_2022_Nat_Genet,CD8 T,CD79A,0.0124,0.324
Immune,Joanito_2022_Nat_Genet,CD8 T,CD79B,0.0413,0.2433
Immune,Joanito_2022_Nat_Genet,CD8 T,CD8A,0.8106,0.0191
Immune,Joanito_2022_Nat_Genet,CD8 T,CD8B,0.6594,0.0086
Immune,Joanito_2022_Nat_Genet,CD8 T,CLEC10A,0.0008,0.0716
Immune,Joanito_2022_Nat_Genet,CD8 T,CLEC9A,0.0001,0.0046
Immune,Joanito_2022_Nat_Genet,CD8 T,CPA3,0.0012,0.0181
Immune,Joanito_2022_Nat_Genet,CD8 T,CSF3R,0.0033,0.1307
Immune,Joanito_2022_Nat_Genet,CD8 T,CXCR2,0.0005,0.0072
Immune,Joanito_2022_Nat_Genet,CD8 T,FCER1A,0.0002,0.0229
Immune,Joanito_2022_Nat_Genet,CD8 T,FCGR3B,0.0085,0.0277
Immune,Joanito_2022_Nat_Genet,CD8 T,FCN1,0.0008,0.0793
Immune,Joanito_2022_Nat_Genet,CD8 T,GNLY,0.2102,0.0432
Immune,Joanito_2022_Nat_Genet,CD8 T,IL7R,0.432,0.3906
Immune,Joanito_2022_Nat_Genet,CD8 T,JCHAIN,0.1181,0.3509
Immune,Joanito_2022_Nat_Genet,CD8 T,KIT,0.0021,0.0229
Immune,Joanito_2022_Nat_Genet,CD8 T,KLRD1,0.3867,0.0298
Immune,Joanito_2022_Nat_Genet,CD8 T,LILRA4,0.0002,0.01
Immune,Joanito_2022_Nat_Genet,CD8 T,MERTK,0.0012,0.1271
Immune,Joanito_2022_Nat_Genet,CD8 T,MS4A1,0.0264,0.0954
Immune,Joanito_2022_Nat_Genet,CD8 T,MZB1,0.0649,0.2691
Immune,Joanito_2022_Nat_Genet,CD8 T,NCR1,0.0202,0.0076
Immune,Joanito_2022_Nat_Genet,CD8 T,NKG7,0.8431,0.0958
Immune,Joanito_2022_Nat_Genet,CD8 T,S100A8,0.0131,0.141
Immune,Joanito_2022_Nat_Genet,CD8 T,S100A9,0.0203,0.1998
Immune,Joanito_2022_Nat_Genet,CD8 T,SDC1,0.0019,0.1631
Immune,Joanito_2022_Nat_Genet,CD8 T,TPSAB1,0.0016,0.0191
Immune,Joanito_2022_Nat_Genet,CD8 T,TPSB2,0.0014,0.0199
Immune,Joanito_2022_Nat_Genet,CD8 T,VCAN,0.0074,0.0979
Immune,Joanito_2022_Nat_Genet,CD8 T,XBP1,0.174,0.4555
Immune,Joanito_2022_Nat_Genet,CD8 T,XCR1,0.0001,0.0055
Immune,Joanito_2022_Nat_Genet,Dendritic cell,APOE,0.0432,0.1452
Immune,Joanito_2022_Nat_Genet,Dendritic cell,C1QA,0.3408,0.1617
Immune,Joanito_2022_Nat_Genet,Dendritic cell,C1QB,0.288,0.1574
Immune,Joanito_2022_Nat_Genet,Dendritic cell,C1QC,0.2256,0.1582
Immune,Joanito_2022_Nat_Genet,Dendritic cell,CD14,0.2496,0.1797
Immune,Joanito_2022_Nat_Genet,Dendritic cell,CD19,0.016,0.0916
Immune,Joanito_2022_Nat_Genet,Dendritic cell,CD1C,0.8912,0.0276
Immune,Joanito_2022_Nat_Genet,Dendritic cell,CD3D,0.0096,0.4345
Immune,Joanito_2022_Nat_Genet,Dendritic cell,CD3E,0.0144,0.4852
Immune,Joanito_2022_Nat_Genet,Dendritic cell,CD4,0.7456,0.2477
Immune,Joanito_2022_Nat_Genet,Dendritic cell,CD68,0.7552,0.2373
Immune,Joanito_2022_Nat_Genet,Dendritic cell,CD79A,0.0176,0.2671
Immune,Joanito_2022_Nat_Genet,Dendritic cell,CD79B,0.04,0.2064
Immune,Joanito_2022_Nat_Genet,Dendritic cell,CD8A,0.0096,0.1673
Immune,Joanito_2022_Nat_Genet,Dendritic cell,CD8B,0.0016,0.1305
Immune,Joanito_2022_Nat_Genet,Dendritic cell,CLEC10A,0.896,0.0544
Immune,Joanito_2022_Nat_Genet,Dendritic cell,CLEC9A,0.1152,0.0032
Immune,Joanito_2022_Nat_Genet,Dendritic cell,CPA3,0.0016,0.015
Immune,Joanito_2022_Nat_Genet,Dendritic cell,CSF3R,0.4912,0.1051
Immune,Joanito_2022_Nat_Genet,Dendritic cell,CXCR2,0.0208,0.0058
Immune,Joanito_2022_Nat_Genet,Dendritic cell,FCER1A,0.8384,0.0148
Immune,Joanito_2022_Nat_Genet,Dendritic cell,FCGR3B,0.0032,0.0242
Immune,Joanito_2022_Nat_Genet,Dendritic cell,FCN1,0.2336,0.0639
Immune,Joanito_2022_Nat_Genet,Dendritic cell,GNLY,0.0064,0.0746
Immune,Joanito_2022_Nat_Genet,Dendritic cell,IL7R,0.1504,0.3995
Immune,Joanito_2022_Nat_Genet,Dendritic cell,JCHAIN,0.2128,0.308
Immune,Joanito_2022_Nat_Genet,Dendritic cell,KIT,0.0608,0.0188
Immune,Joanito_2022_Nat_Genet,Dendritic cell,KLRD1,0.0032,0.0968
Immune,Joanito_2022_Nat_Genet,Dendritic cell,LILRA4,0.024,0.0081
Immune,Joanito_2022_Nat_Genet,Dendritic cell,MERTK,0.032,0.104
Immune,Joanito_2022_Nat_Genet,Dendritic cell,MS4A1,0.008,0.0829
Immune,Joanito_2022_Nat_Genet,Dendritic cell,MZB1,0.0208,0.2321
Immune,Joanito_2022_Nat_Genet,Dendritic cell,NCR1,0.0,0.01
Immune,Joanito_2022_Nat_Genet,Dendritic cell,NKG7,0.0576,0.2359
Immune,Joanito_2022_Nat_Genet,Dendritic cell,S100A8,0.0528,0.1175
Immune,Joanito_2022_Nat_Genet,Dendritic cell,S100A9,0.1872,0.1662
Immune,Joanito_2022_Nat_Genet,Dendritic cell,SDC1,0.0048,0.1336
Immune,Joanito_2022_Nat_Genet,Dendritic cell,TPSAB1,0.0,0.0159
Immune,Joanito_2022_Nat_Genet,Dendritic cell,TPSB2,0.0032,0.0165
Immune,Joanito_2022_Nat_Genet,Dendritic cell,VCAN,0.1136,0.0809
Immune,Joanito_2022_Nat_Genet,Dendritic cell,XBP1,0.5312,0.4025
Immune,Joanito_2022_Nat_Genet,Dendritic cell,XCR1,0.0688,0.0042
Immune,Joanito_2022_Nat_Genet,Macrophage,APOE,0.7739,0.059
Immune,Joanito_2022_Nat_Genet,Macrophage,C1QA,0.9858,0.0504
Immune,Joanito_2022_Nat_Genet,Macrophage,C1QB,0.9768,0.0464
Immune,Joanito_2022_Nat_Genet,Macrophage,C1QC,0.9852,0.0458
Immune,Joanito_2022_Nat_Genet,Macrophage,CD14,0.9226,0.0789
Immune,Joanito_2022_Nat_Genet,Macrophage,CD19,0.0126,0.102
Immune,Joanito_2022_Nat_Genet,Macrophage,CD1C,0.0602,0.0279
Immune,Joanito_2022_Nat_Genet,Macrophage,CD3D,0.024,0.4881
Immune,Joanito_2022_Nat_Genet,Macrophage,CD3E,0.0287,0.5449
Immune,Joanito_2022_Nat_Genet,Macrophage,CD4,0.8161,0.1729
Immune,Joanito_2022_Nat_Genet,Macrophage,CD68,0.9879,0.1378
Immune,Joanito_2022_Nat_Genet,Macrophage,CD79A,0.013,0.3004
Immune,Joanito_2022_Nat_Genet,Macrophage,CD79B,0.0142,0.2317
Immune,Joanito_2022_Nat_Genet,Macrophage,CD8A,0.008,0.1882
Immune,Joanito_2022_Nat_Genet,Macrophage,CD8B,0.005,0.1469
Immune,Joanito_2022_Nat_Genet,Macrophage,CLEC10A,0.2827,0.0279
Immune,Joanito_2022_Nat_Genet,Macrophage,CLEC9A,0.0123,0.0026
Immune,Joanito_2022_Nat_Genet,Macrophage,CPA3,0.0013,0.0168
Immune,Joanito_2022_Nat_Genet,Macrophage,CSF3R,0.4639,0.0583
Immune,Joanito_2022_Nat_Genet,Macrophage,CXCR2,0.0127,0.005
Immune,Joanito_2022_Nat_Genet,Macrophage,FCER1A,0.0414,0.0156
Immune,Joanito_2022_Nat_Genet,Macrophage,FCGR3B,0.1004,0.0137
Immune,Joanito_2022_Nat_Genet,Macrophage,FCN1,0.1047,0.0592
Immune,Joanito_2022_Nat_Genet,Macrophage,GNLY,0.0091,0.0832
Immune,Joanito_2022_Nat_Genet,Macrophage,IL7R,0.3322,0.4074
Immune,Joanito_2022_Nat_Genet,Macrophage,JCHAIN,0.1355,0.331
Immune,Joanito_2022_Nat_Genet,Macrophage,KIT,0.0012,0.0215
Immune,Joanito_2022_Nat_Genet,Macrophage,KLRD1,0.0066,0.1086
Immune,Joanito_2022_Nat_Genet,Macrophage,LILRA4,0.0289,0.0053
Immune,Joanito_2022_Nat_Genet,Macrophage,MERTK,0.5146,0.0476
Immune,Joanito_2022_Nat_Genet,Macrophage,MS4A1,0.0045,0.0932
Immune,Joanito_2022_Nat_Genet,Macrophage,MZB1,0.021,0.2597
Immune,Joanito_2022_Nat_Genet,Macrophage,NCR1,0.0007,0.0112
Immune,Joanito_2022_Nat_Genet,Macrophage,NKG7,0.1701,0.2439
Immune,Joanito_2022_Nat_Genet,Macrophage,S100A8,0.3387,0.087
Immune,Joanito_2022_Nat_Genet,Macrophage,S100A9,0.6625,0.0987
Immune,Joanito_2022_Nat_Genet,Macrophage,SDC1,0.0077,0.1501
Immune,Joanito_2022_Nat_Genet,Macrophage,TPSAB1,0.0053,0.0172
Immune,Joanito_2022_Nat_Genet,Macrophage,TPSB2,0.0077,0.0177
Immune,Joanito_2022_Nat_Genet,Macrophage,VCAN,0.197,0.0652
Immune,Joanito_2022_Nat_Genet,Macrophage,XBP1,0.5724,0.38
Immune,Joanito_2022_Nat_Genet,Macrophage,XCR1,0.0004,0.005
Immune,Joanito_2022_Nat_Genet,Mast,APOE,0.1601,0.1445
Immune,Joanito_2022_Nat_Genet,Mast,C1QA,0.0248,0.1644
Immune,Joanito_2022_Nat_Genet,Mast,C1QB,0.0317,0.1597
Immune,Joanito_2022_Nat_Genet,Mast,C1QC,0.0328,0.1602
Immune,Joanito_2022_Nat_Genet,Mast,CD14,0.0173,0.1822
Immune,Joanito_2022_Nat_Genet,Mast,CD19,0.0052,0.0924
Immune,Joanito_2022_Nat_Genet,Mast,CD1C,0.0006,0.0322
Immune,Joanito_2022_Nat_Genet,Mast,CD3D,0.0127,0.4381
Immune,Joanito_2022_Nat_Genet,Mast,CD3E,0.0127,0.4893
Immune,Joanito_2022_Nat_Genet,Mast,CD4,0.0778,0.2524
Immune,Joanito_2022_Nat_Genet,Mast,CD68,0.3306,0.2385
Immune,Joanito_2022_Nat_Genet,Mast,CD79A,0.0156,0.2693
Immune,Joanito_2022_Nat_Genet,Mast,CD79B,0.0766,0.2074
Immune,Joanito_2022_Nat_Genet,Mast,CD8A,0.0029,0.1688
Immune,Joanito_2022_Nat_Genet,Mast,CD8B,0.004,0.1315
Immune,Joanito_2022_Nat_Genet,Mast,CLEC10A,0.0017,0.0592
Immune,Joanito_2022_Nat_Genet,Mast,CLEC9A,0.0006,0.0038
Immune,Joanito_2022_Nat_Genet,Mast,CPA3,0.9919,0.0018
Immune,Joanito_2022_Nat_Genet,Mast,CSF3R,0.0063,0.1083
Immune,Joanito_2022_Nat_Genet,Mast,CXCR2,0.0023,0.006
Immune,Joanito_2022_Nat_Genet,Mast,FCER1A,0.371,0.014
Immune,Joanito_2022_Nat_Genet,Mast,FCGR3B,0.0,0.0244
Immune,Joanito_2022_Nat_Genet,Mast,FCN1,0.0029,0.0655
Immune,Joanito_2022_Nat_Genet,Mast,GNLY,0.0029,0.0753
Immune,Joanito_2022_Nat_Genet,Mast,IL7R,0.0259,0.4034
Immune,Joanito_2022_Nat_Genet,Mast,JCHAIN,0.1843,0.3092
Immune,Joanito_2022_Nat_Genet,Mast,KIT,0.9286,0.0068
Immune,Joanito_2022_Nat_Genet,Mast,KLRD1,0.0023,0.0976
Immune,Joanito_2022_Nat_Genet,Mast,LILRA4,0.0,0.0083
Immune,Joanito_2022_Nat_Genet,Mast,MERTK,0.0115,0.1049
Immune,Joanito_2022_Nat_Genet,Mast,MS4A1,0.0046,0.0836
Immune,Joanito_2022_Nat_Genet,Mast,MZB1,0.0202,0.2339
Immune,Joanito_2022_Nat_Genet,Mast,NCR1,0.0006,0.0101
Immune,Joanito_2022_Nat_Genet,Mast,NKG7,0.0887,0.237
Immune,Joanito_2022_Nat_Genet,Mast,S100A8,0.0156,0.1186
Immune,Joanito_2022_Nat_Genet,Mast,S100A9,0.0127,0.1684
Immune,Joanito_2022_Nat_Genet,Mast,SDC1,0.0069,0.1347
Immune,Joanito_2022_Nat_Genet,Mast,TPSAB1,0.9948,0.0026
Immune,Joanito_2022_Nat_Genet,Mast,TPSB2,0.9787,0.0035
Immune,Joanito_2022_Nat_Genet,Mast,VCAN,0.0104,0.082
Immune,Joanito_2022_Nat_Genet,Mast,XBP1,0.284,0.4047
Immune,Joanito_2022_Nat_Genet,Mast,XCR1,0.0,0.0045
Immune,Joanito_2022_Nat_Genet,Monocyte,APOE,0.1857,0.1424
Immune,Joanito_2022_Nat_Genet,Monocyte,C1QA,0.1446,0.1636
Immune,Joanito_2022_Nat_Genet,Monocyte,C1QB,0.0863,0.1621
Immune,Joanito_2022_Nat_Genet,Monocyte,C1QC,0.1162,0.1609
Immune,Joanito_2022_Nat_Genet,Monocyte,CD14,0.8711,0.1406
Immune,Joanito_2022_Nat_Genet,Monocyte,CD19,0.0047,0.0962
Immune,Joanito_2022_Nat_Genet,Monocyte,CD1C,0.0528,0.0306
Immune,Joanito_2022_Nat_Genet,Monocyte,CD3D,0.0203,0.456
Immune,Joanito_2022_Nat_Genet,Monocyte,CD3E,0.0232,0.5092
Immune,Joanito_2022_Nat_Genet,Monocyte,CD4,0.4664,0.2377
Immune,Joanito_2022_Nat_Genet,Monocyte,CD68,0.9446,0.1995
Immune,Joanito_2022_Nat_Genet,Monocyte,CD79A,0.0101,0.2805
Immune,Joanito_2022_Nat_Genet,Monocyte,CD79B,0.0239,0.216
Immune,Joanito_2022_Nat_Genet,Monocyte,CD8A,0.0079,0.1756
Immune,Joanito_2022_Nat_Genet,Monocyte,CD8B,0.005,0.137
Immune,Joanito_2022_Nat_Genet,Monocyte,CLEC10A,0.2121,0.0496
Immune,Joanito_2022_Nat_Genet,Monocyte,CLEC9A,0.002,0.0039
Immune,Joanito_2022_Nat_Genet,Monocyte,CPA3,0.0018,0.0157
Immune,Joanito_2022_Nat_Genet,Monocyte,CSF3R,0.5618,0.0809
Immune,Joanito_2022_Nat_Genet,Monocyte,CXCR2,0.0102,0.0057
Immune,Joanito_2022_Nat_Genet,Monocyte,FCER1A,0.0166,0.0188
Immune,Joanito_2022_Nat_Genet,Monocyte,FCGR3B,0.0323,0.0236
Immune,Joanito_2022_Nat_Genet,Monocyte,FCN1,0.7971,0.0228
Immune,Joanito_2022_Nat_Genet,Monocyte,GNLY,0.0178,0.0775
Immune,Joanito_2022_Nat_Genet,Monocyte,IL7R,0.1643,0.4117
Immune,Joanito_2022_Nat_Genet,Monocyte,JCHAIN,0.1255,0.3179
Immune,Joanito_2022_Nat_Genet,Monocyte,KIT,0.0008,0.0201
Immune,Joanito_2022_Nat_Genet,Monocyte,KLRD1,0.0045,0.1016
Immune,Joanito_2022_Nat_Genet,Monocyte,LILRA4,0.015,0.0078
Immune,Joanito_2022_Nat_Genet,Monocyte,MERTK,0.1436,0.1013
Immune,Joanito_2022_Nat_Genet,Monocyte,MS4A1,0.0033,0.0871
Immune,Joanito_2022_Nat_Genet,Monocyte,MZB1,0.0171,0.2433
Immune,Joanito_2022_Nat_Genet,Monocyte,NCR1,0.0033,0.0103
Immune,Joanito_2022_Nat_Genet,Monocyte,NKG7,0.1502,0.2399
Immune,Joanito_2022_Nat_Genet,Monocyte,S100A8,0.914,0.0717
Immune,Joanito_2022_Nat_Genet,Monocyte,S100A9,0.9496,0.1216
Immune,Joanito_2022_Nat_Genet,Monocyte,SDC1,0.0064,0.1403
Immune,Joanito_2022_Nat_Genet,Monocyte,TPSAB1,0.0031,0.0165
Immune,Joanito_2022_Nat_Genet,Monocyte,TPSB2,0.0017,0.0173
Immune,Joanito_2022_Nat_Genet,Monocyte,VCAN,0.8241,0.0386
Immune,Joanito_2022_Nat_Genet,Monocyte,XBP1,0.5873,0.3925
Immune,Joanito_2022_Nat_Genet,Monocyte,XCR1,0.0013,0.0046
Immune,Joanito_2022_Nat_Genet,NK,APOE,0.0481,0.1464
Immune,Joanito_2022_Nat_Genet,NK,C1QA,0.0372,0.1648
Immune,Joanito_2022_Nat_Genet,NK,C1QB,0.0359,0.1602
Immune,Joanito_2022_Nat_Genet,NK,C1QC,0.0376,0.1606
Immune,Joanito_2022_Nat_Genet,NK,CD14,0.0188,0.1829
Immune,Joanito_2022_Nat_Genet,NK,CD19,0.0018,0.0929
Immune,Joanito_2022_Nat_Genet,NK,CD1C,0.0022,0.0323
Immune,Joanito_2022_Nat_Genet,NK,CD3D,0.0302,0.4396
Immune,Joanito_2022_Nat_Genet,NK,CD3E,0.3532,0.4853
Immune,Joanito_2022_Nat_Genet,NK,CD4,0.0267,0.254
Immune,Joanito_2022_Nat_Genet,NK,CD68,0.0722,0.2427
Immune,Joanito_2022_Nat_Genet,NK,CD79A,0.0175,0.2703
Immune,Joanito_2022_Nat_Genet,NK,CD79B,0.0595,0.2082
Immune,Joanito_2022_Nat_Genet,NK,CD8A,0.1339,0.1672
Immune,Joanito_2022_Nat_Genet,NK,CD8B,0.0228,0.1318
Immune,Joanito_2022_Nat_Genet,NK,CLEC10A,0.0044,0.0594
Immune,Joanito_2022_Nat_Genet,NK,CLEC9A,0.0376,0.0032
Immune,Joanito_2022_Nat_Genet,NK,CPA3,0.0009,0.0152
Immune,Joanito_2022_Nat_Genet,NK,CSF3R,0.0136,0.1086
Immune,Joanito_2022_Nat_Genet,NK,CXCR2,0.0315,0.0055
Immune,Joanito_2022_Nat_Genet,NK,FCER1A,0.0018,0.019
Immune,Joanito_2022_Nat_Genet,NK,FCGR3B,0.0258,0.0241
Immune,Joanito_2022_Nat_Genet,NK,FCN1,0.0018,0.0658
Immune,Joanito_2022_Nat_Genet,NK,GNLY,0.8053,0.0613
Immune,Joanito_2022_Nat_Genet,NK,IL7R,0.2455,0.4011
Immune,Joanito_2022_Nat_Genet,NK,JCHAIN,0.102,0.3112
Immune,Joanito_2022_Nat_Genet,NK,KIT,0.0477,0.0185
Immune,Joanito_2022_Nat_Genet,NK,KLRD1,0.8184,0.0835
Immune,Joanito_2022_Nat_Genet,NK,LILRA4,0.0031,0.0082
Immune,Joanito_2022_Nat_Genet,NK,MERTK,0.0048,0.1054
Immune,Joanito_2022_Nat_Genet,NK,MS4A1,0.0096,0.0839
Immune,Joanito_2022_Nat_Genet,NK,MZB1,0.0578,0.2342
Immune,Joanito_2022_Nat_Genet,NK,NCR1,0.2276,0.0061
Immune,Joanito_2022_Nat_Genet,NK,NKG7,0.8713,0.2237
Immune,Joanito_2022_Nat_Genet,NK,S100A8,0.0149,0.119
Immune,Joanito_2022_Nat_Genet,NK,S100A9,0.0263,0.1688
Immune,Joanito_2022_Nat_Genet,NK,SDC1,0.0018,0.1354
Immune,Joanito_2022_Nat_Genet,NK,TPSAB1,0.0009,0.0161
Immune,Joanito_2022_Nat_Genet,NK,TPSB2,0.0009,0.0167
Immune,Joanito_2022_Nat_Genet,NK,VCAN,0.0131,0.0822
Immune,Joanito_2022_Nat_Genet,NK,XBP1,0.3554,0.4039
Immune,Joanito_2022_Nat_Genet,NK,XCR1,0.014,0.0043
Immune,Joanito_2022_Nat_Genet,Neutrophil,APOE,0.0792,0.1456
Immune,Joanito_2022_Nat_Genet,Neutrophil,C1QA,0.0319,0.1642
Immune,Joanito_2022_Nat_Genet,Neutrophil,C1QB,0.0331,0.1596
Immune,Joanito_2022_Nat_Genet,Neutrophil,C1QC,0.016,0.1604
Immune,Joanito_2022_Nat_Genet,Neutrophil,CD14,0.2833,0.1787
Immune,Joanito_2022_Nat_Genet,Neutrophil,CD19,0.0006,0.0925
Immune,Joanito_2022_Nat_Genet,Neutrophil,CD1C,0.0,0.0322
Immune,Joanito_2022_Nat_Genet,Neutrophil,CD3D,0.016,0.4379
Immune,Joanito_2022_Nat_Genet,Neutrophil,CD3E,0.0089,0.4892
Immune,Joanito_2022_Nat_Genet,Neutrophil,CD4,0.0077,0.2532
Immune,Joanito_2022_Nat_Genet,Neutrophil,CD68,0.1975,0.2403
Immune,Joanito_2022_Nat_Genet,Neutrophil,CD79A,0.0101,0.2693
Immune,Joanito_2022_Nat_Genet,Neutrophil,CD79B,0.0047,0.2083
Immune,Joanito_2022_Nat_Genet,Neutrophil,CD8A,0.003,0.1687
Immune,Joanito_2022_Nat_Genet,Neutrophil,CD8B,0.0006,0.1315
Immune,Joanito_2022_Nat_Genet,Neutrophil,CLEC10A,0.0006,0.0592
Immune,Joanito_2022_Nat_Genet,Neutrophil,CLEC9A,0.0053,0.0037
Immune,Joanito_2022_Nat_Genet,Neutrophil,CPA3,0.003,0.0151
Immune,Joanito_2022_Nat_Genet,Neutrophil,CSF3R,0.7067,0.0991
Immune,Joanito_2022_Nat_Genet,Neutrophil,CXCR2,0.1922,0.0035
Immune,Joanito_2022_Nat_Genet,Neutrophil,FCER1A,0.0018,0.0189
Immune,Joanito_2022_Nat_Genet,Neutrophil,FCGR3B,0.5275,0.0175
Immune,Joanito_2022_Nat_Genet,Neutrophil,FCN1,0.1567,0.0635
Immune,Joanito_2022_Nat_Genet,Neutrophil,GNLY,0.0231,0.075
Immune,Joanito_2022_Nat_Genet,Neutrophil,IL7R,0.0171,0.4033
Immune,Joanito_2022_Nat_Genet,Neutrophil,JCHAIN,0.1898,0.3091
Immune,Joanito_2022_Nat_Genet,Neutrophil,KIT,0.0,0.0193
Immune,Joanito_2022_Nat_Genet,Neutrophil,KLRD1,0.0047,0.0975
Immune,Joanito_2022_Nat_Genet,Neutrophil,LILRA4,0.0006,0.0083
Immune,Joanito_2022_Nat_Genet,Neutrophil,MERTK,0.003,0.1049
Immune,Joanito_2022_Nat_Genet,Neutrophil,MS4A1,0.0012,0.0836
Immune,Joanito_2022_Nat_Genet,Neutrophil,MZB1,0.0308,0.2337
Immune,Joanito_2022_Nat_Genet,Neutrophil,NCR1,0.0041,0.01
Immune,Joanito_2022_Nat_Genet,Neutrophil,NKG7,0.0106,0.238
Immune,Joanito_2022_Nat_Genet,Neutrophil,S100A8,0.7694,0.1086
Immune,Joanito_2022_Nat_Genet,Neutrophil,S100A9,0.848,0.1574
Immune,Joanito_2022_Nat_Genet,Neutrophil,SDC1,0.0112,0.1346
Immune,Joanito_2022_Nat_Genet,Neutrophil,TPSAB1,0.0024,0.016
Immune,Joanito_2022_Nat_Genet,Neutrophil,TPSB2,0.003,0.0166
Immune,Joanito_2022_Nat_Genet,Neutrophil,VCAN,0.0142,0.0819
Immune,Joanito_2022_Nat_Genet,Neutrophil,XBP1,0.2348,0.4053
Immune,Joanito_2022_Nat_Genet,Neutrophil,XCR1,0.0,0.0045
Immune,Joanito_2022_Nat_Genet,Plasma,APOE,0.0788,0.1596
Immune,Joanito_2022_Nat_Genet,Plasma,C1QA,0.0557,0.1866
Immune,Joanito_2022_Nat_Genet,Plasma,C1QB,0.0539,0.1815
Immune,Joanito_2022_Nat_Genet,Plasma,C1QC,0.0462,0.1838
Immune,Joanito_2022_Nat_Genet,Plasma,CD14,0.0193,0.2163
Immune,Joanito_2022_Nat_Genet,Plasma,CD19,0.2505,0.0554
Immune,Joanito_2022_Nat_Genet,Plasma,CD1C,0.0036,0.0381
Immune,Joanito_2022_Nat_Genet,Plasma,CD3D,0.0288,0.5234
Immune,Joanito_2022_Nat_Genet,Plasma,CD3E,0.0339,0.5842
Immune,Joanito_2022_Nat_Genet,Plasma,CD4,0.0112,0.3039
Immune,Joanito_2022_Nat_Genet,Plasma,CD68,0.1196,0.2668
Immune,Joanito_2022_Nat_Genet,Plasma,CD79A,0.965,0.1083
Immune,Joanito_2022_Nat_Genet,Plasma,CD79B,0.5627,0.1252
Immune,Joanito_2022_Nat_Genet,Plasma,CD8A,0.0111,0.2016
Immune,Joanito_2022_Nat_Genet,Plasma,CD8B,0.0089,0.1571
Immune,Joanito_2022_Nat_Genet,Plasma,CLEC10A,0.0031,0.0709
Immune,Joanito_2022_Nat_Genet,Plasma,CLEC9A,0.0005,0.0045
Immune,Joanito_2022_Nat_Genet,Plasma,CPA3,0.0032,0.0176
Immune,Joanito_2022_Nat_Genet,Plasma,CSF3R,0.0072,0.1294
Immune,Joanito_2022_Nat_Genet,Plasma,CXCR2,0.0005,0.0071
Immune,Joanito_2022_Nat_Genet,Plasma,FCER1A,0.0008,0.0227
Immune,Joanito_2022_Nat_Genet,Plasma,FCGR3B,0.0015,0.0292
Immune,Joanito_2022_Nat_Genet,Plasma,FCN1,0.0025,0.0787
Immune,Joanito_2022_Nat_Genet,Plasma,GNLY,0.0109,0.0886
Immune,Joanito_2022_Nat_Genet,Plasma,IL7R,0.0334,0.4806
Immune,Joanito_2022_Nat_Genet,Plasma,JCHAIN,0.9603,0.1604
Immune,Joanito_2022_Nat_Genet,Plasma,KIT,0.0028,0.0227
Immune,Joanito_2022_Nat_Genet,Plasma,KLRD1,0.0066,0.1166
Immune,Joanito_2022_Nat_Genet,Plasma,LILRA4,0.0006,0.0099
Immune,Joanito_2022_Nat_Genet,Plasma,MERTK,0.1635,0.0901
Immune,Joanito_2022_Nat_Genet,Plasma,MS4A1,0.0071,0.0996
Immune,Joanito_2022_Nat_Genet,Plasma,MZB1,0.9983,0.0581
Immune,Joanito_2022_Nat_Genet,Plasma,NCR1,0.0006,0.0121
Immune,Joanito_2022_Nat_Genet,Plasma,NKG7,0.0158,0.2845
Immune,Joanito_2022_Nat_Genet,Plasma,S100A8,0.0218,0.1387
Immune,Joanito_2022_Nat_Genet,Plasma,S100A9,0.0281,0.1975
Immune,Joanito_2022_Nat_Genet,Plasma,SDC1,0.7081,0.0034
Immune,Joanito_2022_Nat_Genet,Plasma,TPSAB1,0.0039,0.0185
Immune,Joanito_2022_Nat_Genet,Plasma,TPSB2,0.0068,0.0186
Immune,Joanito_2022_Nat_Genet,Plasma,VCAN,0.013,0.0964
Immune,Joanito_2022_Nat_Genet,Plasma,XBP1,0.9846,0.272
Immune,Joanito_2022_Nat_Genet,Plasma,XCR1,0.0178,0.0014
Immune,Khaliq_2022_Genome_Biol,B,APOE,0.0013,0.0279
Immune,Khaliq_2022_Genome_Biol,B,C1QA,0.0013,0.0443
Immune,Khaliq_2022_Genome_Biol,B,C1QB,0.0,0.0436
Immune,Khaliq_2022_Genome_Biol,B,C1QC,0.0,0.0448
Immune,Khaliq_2022_Genome_Biol,B,CD14,0.0,0.0534
Immune,Khaliq_2022_Genome_Biol,B,CD19,0.4696,0.0161
Immune,Khaliq_2022_Genome_Biol,B,CD1C,0.1684,0.0129
Immune,Khaliq_2022_Genome_Biol,B,CD3D,0.0278,0.6125
Immune,Khaliq_2022_Genome_Biol,B,CD3E,0.0342,0.6828
Immune,Khaliq_2022_Genome_Biol,B,CD4,0.0063,0.2152
Immune,Khaliq_2022_Genome_Biol,B,CD68,0.0519,0.0885
Immune,Khaliq_2022_Genome_Biol,B,CD79A,0.9354,0.1346
Immune,Khaliq_2022_Genome_Biol,B,CD79B,0.6076,0.1247
Immune,Khaliq_2022_Genome_Biol,B,CD8A,0.0063,0.1392
Immune,Khaliq_2022_Genome_Biol,B,CD8B,0.0013,0.0947
Immune,Khaliq_2022_Genome_Biol,B,CLEC10A,0.0,0.0134
Immune,Khaliq_2022_Genome_Biol,B,CLEC9A,0.0,0.0011
Immune,Khaliq_2022_Genome_Biol,B,CPA3,0.0013,0.011
Immune,Khaliq_2022_Genome_Biol,B,CSF3R,0.0,0.0204
Immune,Khaliq_2022_Genome_Biol,B,CXCR2,0.0,0.003
Immune,Khaliq_2022_Genome_Biol,B,FCER1A,0.0,0.0129
Immune,Khaliq_2022_Genome_Biol,B,FCGR3B,0.0,0.0024
Immune,Khaliq_2022_Genome_Biol,B,FCN1,0.0,0.0283
Immune,Khaliq_2022_Genome_Biol,B,GNLY,0.0051,0.141
Immune,Khaliq_2022_Genome_Biol,B,IL7R,0.0418,0.5913
Immune,Khaliq_2022_Genome_Biol,B,JCHAIN,0.1481,0.1748
Immune,Khaliq_2022_Genome_Biol,B,KIT,0.0,0.0174
Immune,Khaliq_2022_Genome_Biol,B,KLRD1,0.0,0.1034
Immune,Khaliq_2022_Genome_Biol,B,LILRA4,0.0342,0.0011
Immune,Khaliq_2022_Genome_Biol,B,MERTK,0.0013,0.0166
Immune,Khaliq_2022_Genome_Biol,B,MS4A1,0.7886,0.0065
Immune,Khaliq_2022_Genome_Biol,B,MZB1,0.1063,0.1826
Immune,Khaliq_2022_Genome_Biol,B,NCR1,0.0013,0.0213
Immune,Khaliq_2022_Genome_Biol,B,NKG7,0.0114,0.2415
Immune,Khaliq_2022_Genome_Biol,B,S100A8,0.0,0.0349
Immune,Khaliq_2022_Genome_Biol,B,S100A9,0.0,0.0471
Immune,Khaliq_2022_Genome_Biol,B,SDC1,0.0,0.0641
Immune,Khaliq_2022_Genome_Biol,B,TPSAB1,0.0,0.0149
Immune,Khaliq_2022_Genome_Biol,B,TPSB2,0.0,0.0149
Immune,Khaliq_2022_Genome_Biol,B,VCAN,0.0013,0.0254
Immune,Khaliq_2022_Genome_Biol,B,XBP1,0.1595,0.3834
Immune,Khaliq_2022_Genome_Biol,B,XCR1,0.0,0.0015
Immune,Khaliq_2022_Genome_Biol,CD4 T,APOE,0.0008,0.0476
Immune,Khaliq_2022_Genome_Biol,CD4 T,C1QA,0.0014,0.0754
Immune,Khaliq_2022_Genome_Biol,CD4 T,C1QB,0.0014,0.0738
Immune,Khaliq_2022_Genome_Biol,CD4 T,C1QC,0.0028,0.0746
Immune,Khaliq_2022_Genome_Biol,CD4 T,CD14,0.0011,0.0912
Immune,Khaliq_2022_Genome_Biol,CD4 T,CD19,0.0,0.1253
Immune,Khaliq_2022_Genome_Biol,CD4 T,CD1C,0.0,0.0573
Immune,Khaliq_2022_Genome_Biol,CD4 T,CD3D,0.8488,0.2706
Immune,Khaliq_2022_Genome_Biol,CD4 T,CD3E,0.92,0.3269
Immune,Khaliq_2022_Genome_Biol,CD4 T,CD4,0.3157,0.078
Immune,Khaliq_2022_Genome_Biol,CD4 T,CD68,0.0211,0.1437
Immune,Khaliq_2022_Genome_Biol,CD4 T,CD79A,0.0225,0.4054
Immune,Khaliq_2022_Genome_Biol,CD4 T,CD79B,0.1262,0.2236
Immune,Khaliq_2022_Genome_Biol,CD4 T,CD8A,0.0307,0.2128
Immune,Khaliq_2022_Genome_Biol,CD4 T,CD8B,0.0141,0.1506
Immune,Khaliq_2022_Genome_Biol,CD4 T,CLEC10A,0.0003,0.0229
Immune,Khaliq_2022_Genome_Biol,CD4 T,CLEC9A,0.0,0.0018
Immune,Khaliq_2022_Genome_Biol,CD4 T,CPA3,0.0,0.0192
Immune,Khaliq_2022_Genome_Biol,CD4 T,CSF3R,0.0011,0.0342
Immune,Khaliq_2022_Genome_Biol,CD4 T,CXCR2,0.0,0.0053
Immune,Khaliq_2022_Genome_Biol,CD4 T,FCER1A,0.0003,0.0221
Immune,Khaliq_2022_Genome_Biol,CD4 T,FCGR3B,0.0,0.0042
Immune,Khaliq_2022_Genome_Biol,CD4 T,FCN1,0.0,0.0489
Immune,Khaliq_2022_Genome_Biol,CD4 T,GNLY,0.0929,0.1576
Immune,Khaliq_2022_Genome_Biol,CD4 T,IL7R,0.8569,0.2294
Immune,Khaliq_2022_Genome_Biol,CD4 T,JCHAIN,0.0341,0.3006
Immune,Khaliq_2022_Genome_Biol,CD4 T,KIT,0.0045,0.0257
Immune,Khaliq_2022_Genome_Biol,CD4 T,KLRD1,0.0149,0.1645
Immune,Khaliq_2022_Genome_Biol,CD4 T,LILRA4,0.0,0.0089
Immune,Khaliq_2022_Genome_Biol,CD4 T,MERTK,0.0017,0.0273
Immune,Khaliq_2022_Genome_Biol,CD4 T,MS4A1,0.0025,0.1726
Immune,Khaliq_2022_Genome_Biol,CD4 T,MZB1,0.0513,0.2893
Immune,Khaliq_2022_Genome_Biol,CD4 T,NCR1,0.0045,0.0328
Immune,Khaliq_2022_Genome_Biol,CD4 T,NKG7,0.1022,0.3237
Immune,Khaliq_2022_Genome_Biol,CD4 T,S100A8,0.0014,0.0589
Immune,Khaliq_2022_Genome_Biol,CD4 T,S100A9,0.0028,0.0786
Immune,Khaliq_2022_Genome_Biol,CD4 T,SDC1,0.0014,0.1093
Immune,Khaliq_2022_Genome_Biol,CD4 T,TPSAB1,0.0042,0.0218
Immune,Khaliq_2022_Genome_Biol,CD4 T,TPSB2,0.0054,0.0208
Immune,Khaliq_2022_Genome_Biol,CD4 T,VCAN,0.0008,0.0434
Immune,Khaliq_2022_Genome_Biol,CD4 T,XBP1,0.274,0.439
Immune,Khaliq_2022_Genome_Biol,CD4 T,XCR1,0.0003,0.0024
Immune,Khaliq_2022_Genome_Biol,CD8 T,APOE,0.0011,0.0285
Immune,Khaliq_2022_Genome_Biol,CD8 T,C1QA,0.0032,0.045
Immune,Khaliq_2022_Genome_Biol,CD8 T,C1QB,0.0011,0.0444
Immune,Khaliq_2022_Genome_Biol,CD8 T,C1QC,0.0011,0.0456
Immune,Khaliq_2022_Genome_Biol,CD8 T,CD14,0.0,0.0547
Immune,Khaliq_2022_Genome_Biol,CD8 T,CD19,0.0,0.0743
Immune,Khaliq_2022_Genome_Biol,CD8 T,CD1C,0.0,0.034
Immune,Khaliq_2022_Genome_Biol,CD8 T,CD3D,0.8485,0.5061
Immune,Khaliq_2022_Genome_Biol,CD8 T,CD3E,0.9285,0.5671
Immune,Khaliq_2022_Genome_Biol,CD8 T,CD4,0.0277,0.2168
Immune,Khaliq_2022_Genome_Biol,CD8 T,CD68,0.0171,0.0944
Immune,Khaliq_2022_Genome_Biol,CD8 T,CD79A,0.0064,0.2519
Immune,Khaliq_2022_Genome_Biol,CD8 T,CD79B,0.0213,0.1992
Immune,Khaliq_2022_Genome_Biol,CD8 T,CD8A,0.7289,0.0368
Immune,Khaliq_2022_Genome_Biol,CD8 T,CD8B,0.5368,0.0187
Immune,Khaliq_2022_Genome_Biol,CD8 T,CLEC10A,0.0,0.0137
Immune,Khaliq_2022_Genome_Biol,CD8 T,CLEC9A,0.0,0.0011
Immune,Khaliq_2022_Genome_Biol,CD8 T,CPA3,0.0021,0.0111
Immune,Khaliq_2022_Genome_Biol,CD8 T,CSF3R,0.0,0.0209
Immune,Khaliq_2022_Genome_Biol,CD8 T,CXCR2,0.0011,0.003
Immune,Khaliq_2022_Genome_Biol,CD8 T,FCER1A,0.0,0.0132
Immune,Khaliq_2022_Genome_Biol,CD8 T,FCGR3B,0.0011,0.0023
Immune,Khaliq_2022_Genome_Biol,CD8 T,FCN1,0.0,0.029
Immune,Khaliq_2022_Genome_Biol,CD8 T,GNLY,0.3148,0.0989
Immune,Khaliq_2022_Genome_Biol,CD8 T,IL7R,0.555,0.529
Immune,Khaliq_2022_Genome_Biol,CD8 T,JCHAIN,0.0363,0.1917
Immune,Khaliq_2022_Genome_Biol,CD8 T,KIT,0.0043,0.0171
Immune,Khaliq_2022_Genome_Biol,CD8 T,KLRD1,0.3778,0.0506
Immune,Khaliq_2022_Genome_Biol,CD8 T,LILRA4,0.0,0.0053
Immune,Khaliq_2022_Genome_Biol,CD8 T,MERTK,0.0,0.0171
Immune,Khaliq_2022_Genome_Biol,CD8 T,MS4A1,0.0192,0.1009
Immune,Khaliq_2022_Genome_Biol,CD8 T,MZB1,0.0544,0.1919
Immune,Khaliq_2022_Genome_Biol,CD8 T,NCR1,0.048,0.015
Immune,Khaliq_2022_Genome_Biol,CD8 T,NKG7,0.8143,0.1296
Immune,Khaliq_2022_Genome_Biol,CD8 T,S100A8,0.0011,0.0355
Immune,Khaliq_2022_Genome_Biol,CD8 T,S100A9,0.0,0.0481
Immune,Khaliq_2022_Genome_Biol,CD8 T,SDC1,0.0011,0.0654
Immune,Khaliq_2022_Genome_Biol,CD8 T,TPSAB1,0.0,0.0153
Immune,Khaliq_2022_Genome_Biol,CD8 T,TPSB2,0.0011,0.0151
Immune,Khaliq_2022_Genome_Biol,CD8 T,VCAN,0.0011,0.026
Immune,Khaliq_2022_Genome_Biol,CD8 T,XBP1,0.2465,0.3759
Immune,Khaliq_2022_Genome_Biol,CD8 T,XCR1,0.0,0.0016
Immune,Khaliq_2022_Genome_Biol,Macrophage,APOE,0.5438,0.0049
Immune,Khaliq_2022_Genome_Biol,Macrophage,C1QA,0.9197,0.0056
Immune,Khaliq_2022_Genome_Biol,Macrophage,C1QB,0.9088,0.0052
Immune,Khaliq_2022_Genome_Biol,Macrophage,C1QC,0.9343,0.0054
Immune,Khaliq_2022_Genome_Biol,Macrophage,CD14,0.7263,0.0215
Immune,Khaliq_2022_Genome_Biol,Macrophage,CD19,0.0036,0.0672
Immune,Khaliq_2022_Genome_Biol,Macrophage,CD1C,0.1423,0.0253
Immune,Khaliq_2022_Genome_Biol,Macrophage,CD3D,0.0365,0.5695
Immune,Khaliq_2022_Genome_Biol,Macrophage,CD3E,0.0365,0.6355
Immune,Khaliq_2022_Genome_Biol,Macrophage,CD4,0.5219,0.18
Immune,Khaliq_2022_Genome_Biol,Macrophage,CD68,0.8686,0.0542
Immune,Khaliq_2022_Genome_Biol,Macrophage,CD79A,0.0109,0.2287
Immune,Khaliq_2022_Genome_Biol,Macrophage,CD79B,0.0182,0.1827
Immune,Khaliq_2022_Genome_Biol,Macrophage,CD8A,0.0146,0.1292
Immune,Khaliq_2022_Genome_Biol,Macrophage,CD8B,0.0182,0.0873
Immune,Khaliq_2022_Genome_Biol,Macrophage,CLEC10A,0.1642,0.0061
Immune,Khaliq_2022_Genome_Biol,Macrophage,CLEC9A,0.0073,0.0007
Immune,Khaliq_2022_Genome_Biol,Macrophage,CPA3,0.0,0.0103
Immune,Khaliq_2022_Genome_Biol,Macrophage,CSF3R,0.1934,0.0114
Immune,Khaliq_2022_Genome_Biol,Macrophage,CXCR2,0.0219,0.002
Immune,Khaliq_2022_Genome_Biol,Macrophage,FCER1A,0.0985,0.0082
Immune,Khaliq_2022_Genome_Biol,Macrophage,FCGR3B,0.0401,0.0007
Immune,Khaliq_2022_Genome_Biol,Macrophage,FCN1,0.073,0.0234
Immune,Khaliq_2022_Genome_Biol,Macrophage,GNLY,0.0,0.1313
Immune,Khaliq_2022_Genome_Biol,Macrophage,IL7R,0.1788,0.546
Immune,Khaliq_2022_Genome_Biol,Macrophage,JCHAIN,0.0401,0.177
Immune,Khaliq_2022_Genome_Biol,Macrophage,KIT,0.0,0.0161
Immune,Khaliq_2022_Genome_Biol,Macrophage,KLRD1,0.0,0.0959
Immune,Khaliq_2022_Genome_Biol,Macrophage,LILRA4,0.0036,0.0047
Immune,Khaliq_2022_Genome_Biol,Macrophage,MERTK,0.2409,0.0062
Immune,Khaliq_2022_Genome_Biol,Macrophage,MS4A1,0.0036,0.0939
Immune,Khaliq_2022_Genome_Biol,Macrophage,MZB1,0.0109,0.1807
Immune,Khaliq_2022_Genome_Biol,Macrophage,NCR1,0.0,0.0199
Immune,Khaliq_2022_Genome_Biol,Macrophage,NKG7,0.1934,0.2177
Immune,Khaliq_2022_Genome_Biol,Macrophage,S100A8,0.1496,0.0265
Immune,Khaliq_2022_Genome_Biol,Macrophage,S100A9,0.3942,0.0284
Immune,Khaliq_2022_Genome_Biol,Macrophage,SDC1,0.0073,0.0592
Immune,Khaliq_2022_Genome_Biol,Macrophage,TPSAB1,0.0109,0.0134
Immune,Khaliq_2022_Genome_Biol,Macrophage,TPSB2,0.0073,0.0136
Immune,Khaliq_2022_Genome_Biol,Macrophage,VCAN,0.0657,0.0212
Immune,Khaliq_2022_Genome_Biol,Macrophage,XBP1,0.3869,0.3583
Immune,Khaliq_2022_Genome_Biol,Macrophage,XCR1,0.0,0.0014
Immune,Khaliq_2022_Genome_Biol,Mast,APOE,0.1667,0.0236
Immune,Khaliq_2022_Genome_Biol,Mast,C1QA,0.0,0.0401
Immune,Khaliq_2022_Genome_Biol,Mast,C1QB,0.0,0.0393
Immune,Khaliq_2022_Genome_Biol,Mast,C1QC,0.0,0.0404
Immune,Khaliq_2022_Genome_Biol,Mast,CD14,0.0139,0.048
Immune,Khaliq_2022_Genome_Biol,Mast,CD19,0.0,0.0655
Immune,Khaliq_2022_Genome_Biol,Mast,CD1C,0.0,0.0299
Immune,Khaliq_2022_Genome_Biol,Mast,CD3D,0.0,0.5551
Immune,Khaliq_2022_Genome_Biol,Mast,CD3E,0.0,0.6192
Immune,Khaliq_2022_Genome_Biol,Mast,CD4,0.0139,0.1945
Immune,Khaliq_2022_Genome_Biol,Mast,CD68,0.3472,0.0819
Immune,Khaliq_2022_Genome_Biol,Mast,CD79A,0.0139,0.2226
Immune,Khaliq_2022_Genome_Biol,Mast,CD79B,0.0694,0.1776
Immune,Khaliq_2022_Genome_Biol,Mast,CD8A,0.0,0.1261
Immune,Khaliq_2022_Genome_Biol,Mast,CD8B,0.0,0.0855
Immune,Khaliq_2022_Genome_Biol,Mast,CLEC10A,0.0,0.0121
Immune,Khaliq_2022_Genome_Biol,Mast,CLEC9A,0.0,0.001
Immune,Khaliq_2022_Genome_Biol,Mast,CPA3,0.9722,0.0004
Immune,Khaliq_2022_Genome_Biol,Mast,CSF3R,0.0,0.0184
Immune,Khaliq_2022_Genome_Biol,Mast,CXCR2,0.0278,0.0025
Immune,Khaliq_2022_Genome_Biol,Mast,FCER1A,0.375,0.008
Immune,Khaliq_2022_Genome_Biol,Mast,FCGR3B,0.0,0.0022
Immune,Khaliq_2022_Genome_Biol,Mast,FCN1,0.0,0.0255
Immune,Khaliq_2022_Genome_Biol,Mast,GNLY,0.0,0.1277
Immune,Khaliq_2022_Genome_Biol,Mast,IL7R,0.0278,0.5373
Immune,Khaliq_2022_Genome_Biol,Mast,JCHAIN,0.0139,0.1735
Immune,Khaliq_2022_Genome_Biol,Mast,KIT,0.7222,0.0085
Immune,Khaliq_2022_Genome_Biol,Mast,KLRD1,0.0,0.0932
Immune,Khaliq_2022_Genome_Biol,Mast,LILRA4,0.0,0.0047
Immune,Khaliq_2022_Genome_Biol,Mast,MERTK,0.0139,0.015
Immune,Khaliq_2022_Genome_Biol,Mast,MS4A1,0.0,0.0914
Immune,Khaliq_2022_Genome_Biol,Mast,MZB1,0.0,0.1761
Immune,Khaliq_2022_Genome_Biol,Mast,NCR1,0.0,0.0194
Immune,Khaliq_2022_Genome_Biol,Mast,NKG7,0.1944,0.217
Immune,Khaliq_2022_Genome_Biol,Mast,S100A8,0.0,0.0314
Immune,Khaliq_2022_Genome_Biol,Mast,S100A9,0.0,0.0424
Immune,Khaliq_2022_Genome_Biol,Mast,SDC1,0.0,0.0578
Immune,Khaliq_2022_Genome_Biol,Mast,TPSAB1,0.9861,0.0037
Immune,Khaliq_2022_Genome_Biol,Mast,TPSB2,0.9722,0.0038
Immune,Khaliq_2022_Genome_Biol,Mast,VCAN,0.0,0.0231
Immune,Khaliq_2022_Genome_Biol,Mast,XBP1,0.2778,0.3602
Immune,Khaliq_2022_Genome_Biol,Mast,XCR1,0.0,0.0014
Immune,Khaliq_2022_Genome_Biol,Monocyte,APOE,0.0184,0.0252
Immune,Khaliq_2022_Genome_Biol,Monocyte,C1QA,0.0369,0.0398
Immune,Khaliq_2022_Genome_Biol,Monocyte,C1QB,0.0092,0.0398
Immune,Khaliq_2022_Genome_Biol,Monocyte,C1QC,0.023,0.0405
Immune,Khaliq_2022_Genome_Biol,Monocyte,CD14,0.5714,0.0318
Immune,Khaliq_2022_Genome_Biol,Monocyte,CD19,0.0,0.0668
Immune,Khaliq_2022_Genome_Biol,Monocyte,CD1C,0.0553,0.0289
Immune,Khaliq_2022_Genome_Biol,Monocyte,CD3D,0.0323,0.5654
Immune,Khaliq_2022_Genome_Biol,Monocyte,CD3E,0.0415,0.6305
Immune,Khaliq_2022_Genome_Biol,Monocyte,CD4,0.2396,0.1913
Immune,Khaliq_2022_Genome_Biol,Monocyte,CD68,0.6728,0.0667
Immune,Khaliq_2022_Genome_Biol,Monocyte,CD79A,0.0046,0.2272
Immune,Khaliq_2022_Genome_Biol,Monocyte,CD79B,0.0369,0.1808
Immune,Khaliq_2022_Genome_Biol,Monocyte,CD8A,0.0138,0.1283
Immune,Khaliq_2022_Genome_Biol,Monocyte,CD8B,0.0046,0.0871
Immune,Khaliq_2022_Genome_Biol,Monocyte,CLEC10A,0.0876,0.0097
Immune,Khaliq_2022_Genome_Biol,Monocyte,CLEC9A,0.0,0.001
Immune,Khaliq_2022_Genome_Biol,Monocyte,CPA3,0.0,0.0102
Immune,Khaliq_2022_Genome_Biol,Monocyte,CSF3R,0.2673,0.0106
Immune,Khaliq_2022_Genome_Biol,Monocyte,CXCR2,0.0046,0.0027
Immune,Khaliq_2022_Genome_Biol,Monocyte,FCER1A,0.0323,0.0109
Immune,Khaliq_2022_Genome_Biol,Monocyte,FCGR3B,0.0,0.0022
Immune,Khaliq_2022_Genome_Biol,Monocyte,FCN1,0.7051,0.0046
Immune,Khaliq_2022_Genome_Biol,Monocyte,GNLY,0.023,0.1296
Immune,Khaliq_2022_Genome_Biol,Monocyte,IL7R,0.0783,0.5461
Immune,Khaliq_2022_Genome_Biol,Monocyte,JCHAIN,0.0369,0.1761
Immune,Khaliq_2022_Genome_Biol,Monocyte,KIT,0.0,0.016
Immune,Khaliq_2022_Genome_Biol,Monocyte,KLRD1,0.0092,0.0948
Immune,Khaliq_2022_Genome_Biol,Monocyte,LILRA4,0.0,0.0048
Immune,Khaliq_2022_Genome_Biol,Monocyte,MERTK,0.0415,0.0141
Immune,Khaliq_2022_Genome_Biol,Monocyte,MS4A1,0.0046,0.0931
Immune,Khaliq_2022_Genome_Biol,Monocyte,MZB1,0.0046,0.1796
Immune,Khaliq_2022_Genome_Biol,Monocyte,NCR1,0.0,0.0197
Immune,Khaliq_2022_Genome_Biol,Monocyte,NKG7,0.1244,0.2196
Immune,Khaliq_2022_Genome_Biol,Monocyte,S100A8,0.7788,0.0084
Immune,Khaliq_2022_Genome_Biol,Monocyte,S100A9,0.7373,0.0209
Immune,Khaliq_2022_Genome_Biol,Monocyte,SDC1,0.0,0.059
Immune,Khaliq_2022_Genome_Biol,Monocyte,TPSAB1,0.0046,0.0136
Immune,Khaliq_2022_Genome_Biol,Monocyte,TPSB2,0.0,0.0137
Immune,Khaliq_2022_Genome_Biol,Monocyte,VCAN,0.6037,0.0052
Immune,Khaliq_2022_Genome_Biol,Monocyte,XBP1,0.4286,0.3573
Immune,Khaliq_2022_Genome_Biol,Monocyte,XCR1,0.0,0.0014
Immune,Khaliq_2022_Genome_Biol,NK,APOE,0.0039,0.0258
Immune,Khaliq_2022_Genome_Biol,NK,C1QA,0.0,0.0411
Immune,Khaliq_2022_Genome_Biol,NK,C1QB,0.0,0.0403
Immune,Khaliq_2022_Genome_Biol,NK,C1QC,0.0,0.0414
Immune,Khaliq_2022_Genome_Biol,NK,CD14,0.0039,0.0493
Immune,Khaliq_2022_Genome_Biol,NK,CD19,0.0079,0.0669
Immune,Khaliq_2022_Genome_Biol,NK,CD1C,0.0039,0.0306
Immune,Khaliq_2022_Genome_Biol,NK,CD3D,0.0394,0.5679
Immune,Khaliq_2022_Genome_Biol,NK,CD3E,0.3307,0.6233
Immune,Khaliq_2022_Genome_Biol,NK,CD4,0.0079,0.1994
Immune,Khaliq_2022_Genome_Biol,NK,CD68,0.0276,0.0866
Immune,Khaliq_2022_Genome_Biol,NK,CD79A,0.0354,0.2272
Immune,Khaliq_2022_Genome_Biol,NK,CD79B,0.0709,0.1803
Immune,Khaliq_2022_Genome_Biol,NK,CD8A,0.0984,0.1259
Immune,Khaliq_2022_Genome_Biol,NK,CD8B,0.0118,0.0873
Immune,Khaliq_2022_Genome_Biol,NK,CLEC10A,0.0,0.0124
Immune,Khaliq_2022_Genome_Biol,NK,CLEC9A,0.0197,0.0003
Immune,Khaliq_2022_Genome_Biol,NK,CPA3,0.0,0.0103
Immune,Khaliq_2022_Genome_Biol,NK,CSF3R,0.0118,0.0184
Immune,Khaliq_2022_Genome_Biol,NK,CXCR2,0.0354,0.0015
Immune,Khaliq_2022_Genome_Biol,NK,FCER1A,0.0,0.012
Immune,Khaliq_2022_Genome_Biol,NK,FCGR3B,0.0118,0.0018
Immune,Khaliq_2022_Genome_Biol,NK,FCN1,0.0,0.0262
Immune,Khaliq_2022_Genome_Biol,NK,GNLY,0.7874,0.1028
Immune,Khaliq_2022_Genome_Biol,NK,IL7R,0.2559,0.5422
Immune,Khaliq_2022_Genome_Biol,NK,JCHAIN,0.0236,0.1772
Immune,Khaliq_2022_Genome_Biol,NK,KIT,0.0591,0.0139
Immune,Khaliq_2022_Genome_Biol,NK,KLRD1,0.7992,0.067
Immune,Khaliq_2022_Genome_Biol,NK,LILRA4,0.0039,0.0046
Immune,Khaliq_2022_Genome_Biol,NK,MERTK,0.0118,0.0151
Immune,Khaliq_2022_Genome_Biol,NK,MS4A1,0.0157,0.0932
Immune,Khaliq_2022_Genome_Biol,NK,MZB1,0.0433,0.1791
Immune,Khaliq_2022_Genome_Biol,NK,NCR1,0.2402,0.0113
Immune,Khaliq_2022_Genome_Biol,NK,NKG7,0.8583,0.1939
Immune,Khaliq_2022_Genome_Biol,NK,S100A8,0.0,0.0322
Immune,Khaliq_2022_Genome_Biol,NK,S100A9,0.0079,0.0432
Immune,Khaliq_2022_Genome_Biol,NK,SDC1,0.0,0.0593
Immune,Khaliq_2022_Genome_Biol,NK,TPSAB1,0.0039,0.0137
Immune,Khaliq_2022_Genome_Biol,NK,TPSB2,0.0039,0.0137
Immune,Khaliq_2022_Genome_Biol,NK,VCAN,0.0,0.0237
Immune,Khaliq_2022_Genome_Biol,NK,XBP1,0.4409,0.3565
Immune,Khaliq_2022_Genome_Biol,NK,XCR1,0.0079,0.0011
Immune,Khaliq_2022_Genome_Biol,Plasma,APOE,0.0052,0.028
Immune,Khaliq_2022_Genome_Biol,Plasma,C1QA,0.0052,0.0449
Immune,Khaliq_2022_Genome_Biol,Plasma,C1QB,0.0115,0.043
Immune,Khaliq_2022_Genome_Biol,Plasma,C1QC,0.0073,0.0449
Immune,Khaliq_2022_Genome_Biol,Plasma,CD14,0.0031,0.0544
Immune,Khaliq_2022_Genome_Biol,Plasma,CD19,0.1053,0.0588
Immune,Khaliq_2022_Genome_Biol,Plasma,CD1C,0.001,0.0339
Immune,Khaliq_2022_Genome_Biol,Plasma,CD3D,0.0636,0.6225
Immune,Khaliq_2022_Genome_Biol,Plasma,CD3E,0.0709,0.6944
Immune,Khaliq_2022_Genome_Biol,Plasma,CD4,0.0177,0.219
Immune,Khaliq_2022_Genome_Biol,Plasma,CD68,0.0313,0.0925
Immune,Khaliq_2022_Genome_Biol,Plasma,CD79A,0.8029,0.1333
Immune,Khaliq_2022_Genome_Biol,Plasma,CD79B,0.318,0.1554
Immune,Khaliq_2022_Genome_Biol,Plasma,CD8A,0.0261,0.1397
Immune,Khaliq_2022_Genome_Biol,Plasma,CD8B,0.0198,0.0944
Immune,Khaliq_2022_Genome_Biol,Plasma,CLEC10A,0.0,0.0138
Immune,Khaliq_2022_Genome_Biol,Plasma,CLEC9A,0.0,0.0011
Immune,Khaliq_2022_Genome_Biol,Plasma,CPA3,0.0,0.0114
Immune,Khaliq_2022_Genome_Biol,Plasma,CSF3R,0.001,0.0208
Immune,Khaliq_2022_Genome_Biol,Plasma,CXCR2,0.0,0.0031
Immune,Khaliq_2022_Genome_Biol,Plasma,FCER1A,0.001,0.0131
Immune,Khaliq_2022_Genome_Biol,Plasma,FCGR3B,0.001,0.0023
Immune,Khaliq_2022_Genome_Biol,Plasma,FCN1,0.001,0.0289
Immune,Khaliq_2022_Genome_Biol,Plasma,GNLY,0.0198,0.1424
Immune,Khaliq_2022_Genome_Biol,Plasma,IL7R,0.0542,0.6039
Immune,Khaliq_2022_Genome_Biol,Plasma,JCHAIN,0.9927,0.0489
Immune,Khaliq_2022_Genome_Biol,Plasma,KIT,0.0021,0.0175
Immune,Khaliq_2022_Genome_Biol,Plasma,KLRD1,0.0136,0.1041
Immune,Khaliq_2022_Genome_Biol,Plasma,LILRA4,0.0,0.0053
Immune,Khaliq_2022_Genome_Biol,Plasma,MERTK,0.0209,0.0141
Immune,Khaliq_2022_Genome_Biol,Plasma,MS4A1,0.0042,0.1035
Immune,Khaliq_2022_Genome_Biol,Plasma,MZB1,0.9739,0.0545
Immune,Khaliq_2022_Genome_Biol,Plasma,NCR1,0.001,0.0219
Immune,Khaliq_2022_Genome_Biol,Plasma,NKG7,0.0386,0.2435
Immune,Khaliq_2022_Genome_Biol,Plasma,S100A8,0.0031,0.0353
Immune,Khaliq_2022_Genome_Biol,Plasma,S100A9,0.0052,0.0475
Immune,Khaliq_2022_Genome_Biol,Plasma,SDC1,0.4296,0.0014
Immune,Khaliq_2022_Genome_Biol,Plasma,TPSAB1,0.0031,0.0148
Immune,Khaliq_2022_Genome_Biol,Plasma,TPSB2,0.001,0.0152
Immune,Khaliq_2022_Genome_Biol,Plasma,VCAN,0.0031,0.0258
Immune,Khaliq_2022_Genome_Biol,Plasma,XBP1,0.9228,0.2749
Immune,Khaliq_2022_Genome_Biol,Plasma,XCR1,0.0073,0.0005
Immune,Lee_2020_Nat_Genet,B,APOE,0.0279,0.1454
Immune,Lee_2020_Nat_Genet,B,C1QA,0.0135,0.1427
Immune,Lee_2020_Nat_Genet,B,C1QB,0.0119,0.1345
Immune,Lee_2020_Nat_Genet,B,C1QC,0.0042,0.1173
Immune,Lee_2020_Nat_Genet,B,CD14,0.005,0.1576
Immune,Lee_2020_Nat_Genet,B,CD19,0.3601,0.0078
Immune,Lee_2020_Nat_Genet,B,CD1C,0.0937,0.013
Immune,Lee_2020_Nat_Genet,B,CD3D,0.0135,0.5756
Immune,Lee_2020_Nat_Genet,B,CD3E,0.0042,0.4736
Immune,Lee_2020_Nat_Genet,B,CD4,0.0018,0.2075
Immune,Lee_2020_Nat_Genet,B,CD68,0.0237,0.1574
Immune,Lee_2020_Nat_Genet,B,CD79A,0.8689,0.0811
Immune,Lee_2020_Nat_Genet,B,CD79B,0.6632,0.0817
Immune,Lee_2020_Nat_Genet,B,CD8A,0.0012,0.1574
Immune,Lee_2020_Nat_Genet,B,CD8B,0.0012,0.1103
Immune,Lee_2020_Nat_Genet,B,CLEC10A,0.001,0.0383
Immune,Lee_2020_Nat_Genet,B,CLEC9A,0.0,0.0018
Immune,Lee_2020_Nat_Genet,B,CPA3,0.001,0.0158
Immune,Lee_2020_Nat_Genet,B,CSF3R,0.0,0.0502
Immune,Lee_2020_Nat_Genet,B,CXCR2,0.0,0.001
Immune,Lee_2020_Nat_Genet,B,FCER1A,0.0006,0.0157
Immune,Lee_2020_Nat_Genet,B,FCGR3B,0.0002,0.005
Immune,Lee_2020_Nat_Genet,B,FCN1,0.0006,0.0583
Immune,Lee_2020_Nat_Genet,B,GNLY,0.0101,0.1638
Immune,Lee_2020_Nat_Genet,B,IL7R,0.0086,0.4282
Immune,Lee_2020_Nat_Genet,B,JCHAIN,0.2089,0.1591
Immune,Lee_2020_Nat_Genet,B,KIT,0.0002,0.0155
Immune,Lee_2020_Nat_Genet,B,KLRD1,0.0012,0.1246
Immune,Lee_2020_Nat_Genet,B,LILRA4,0.0052,0.0071
Immune,Lee_2020_Nat_Genet,B,MERTK,0.0004,0.0518
Immune,Lee_2020_Nat_Genet,B,MS4A1,0.8217,0.0037
Immune,Lee_2020_Nat_Genet,B,MZB1,0.0712,0.1203
Immune,Lee_2020_Nat_Genet,B,NCR1,0.0,0.0122
Immune,Lee_2020_Nat_Genet,B,NKG7,0.0105,0.2905
Immune,Lee_2020_Nat_Genet,B,S100A8,0.0056,0.1257
Immune,Lee_2020_Nat_Genet,B,S100A9,0.0103,0.1874
Immune,Lee_2020_Nat_Genet,B,SDC1,0.0012,0.0329
Immune,Lee_2020_Nat_Genet,B,TPSAB1,0.0014,0.0184
Immune,Lee_2020_Nat_Genet,B,TPSB2,0.0044,0.0235
Immune,Lee_2020_Nat_Genet,B,VCAN,0.0014,0.0726
Immune,Lee_2020_Nat_Genet,B,XBP1,0.0961,0.3235
Immune,Lee_2020_Nat_Genet,B,XCR1,0.0,0.0055
Immune,Lee_2020_Nat_Genet,CD4 T,APOE,0.038,0.1814
Immune,Lee_2020_Nat_Genet,CD4 T,C1QA,0.0213,0.1839
Immune,Lee_2020_Nat_Genet,CD4 T,C1QB,0.0185,0.1741
Immune,Lee_2020_Nat_Genet,CD4 T,C1QC,0.0072,0.1554
Immune,Lee_2020_Nat_Genet,CD4 T,CD14,0.0052,0.2109
Immune,Lee_2020_Nat_Genet,CD4 T,CD19,0.0003,0.0673
Immune,Lee_2020_Nat_Genet,CD4 T,CD1C,0.0003,0.0323
Immune,Lee_2020_Nat_Genet,CD4 T,CD3D,0.8789,0.3326
Immune,Lee_2020_Nat_Genet,CD4 T,CD3E,0.7364,0.2659
Immune,Lee_2020_Nat_Genet,CD4 T,CD4,0.2624,0.1471
Immune,Lee_2020_Nat_Genet,CD4 T,CD68,0.0105,0.2109
Immune,Lee_2020_Nat_Genet,CD4 T,CD79A,0.0193,0.2372
Immune,Lee_2020_Nat_Genet,CD4 T,CD79B,0.1139,0.1573
Immune,Lee_2020_Nat_Genet,CD4 T,CD8A,0.0162,0.2044
Immune,Lee_2020_Nat_Genet,CD4 T,CD8B,0.0098,0.144
Immune,Lee_2020_Nat_Genet,CD4 T,CLEC10A,0.0007,0.0515
Immune,Lee_2020_Nat_Genet,CD4 T,CLEC9A,0.0,0.0024
Immune,Lee_2020_Nat_Genet,CD4 T,CPA3,0.0006,0.0211
Immune,Lee_2020_Nat_Genet,CD4 T,CSF3R,0.0004,0.0675
Immune,Lee_2020_Nat_Genet,CD4 T,CXCR2,0.0001,0.0014
Immune,Lee_2020_Nat_Genet,CD4 T,FCER1A,0.0,0.0212
Immune,Lee_2020_Nat_Genet,CD4 T,FCGR3B,0.0004,0.0065
Immune,Lee_2020_Nat_Genet,CD4 T,FCN1,0.001,0.0783
Immune,Lee_2020_Nat_Genet,CD4 T,GNLY,0.0723,0.1861
Immune,Lee_2020_Nat_Genet,CD4 T,IL7R,0.7111,0.218
Immune,Lee_2020_Nat_Genet,CD4 T,JCHAIN,0.0917,0.2012
Immune,Lee_2020_Nat_Genet,CD4 T,KIT,0.0007,0.0206
Immune,Lee_2020_Nat_Genet,CD4 T,KLRD1,0.0114,0.1626
Immune,Lee_2020_Nat_Genet,CD4 T,LILRA4,0.0,0.0104
Immune,Lee_2020_Nat_Genet,CD4 T,MERTK,0.0006,0.0696
Immune,Lee_2020_Nat_Genet,CD4 T,MS4A1,0.0013,0.1343
Immune,Lee_2020_Nat_Genet,CD4 T,MZB1,0.0471,0.1497
Immune,Lee_2020_Nat_Genet,CD4 T,NCR1,0.0007,0.0161
Immune,Lee_2020_Nat_Genet,CD4 T,NKG7,0.0672,0.3597
Immune,Lee_2020_Nat_Genet,CD4 T,S100A8,0.0079,0.1666
Immune,Lee_2020_Nat_Genet,CD4 T,S100A9,0.0188,0.2451
Immune,Lee_2020_Nat_Genet,CD4 T,SDC1,0.0029,0.0432
Immune,Lee_2020_Nat_Genet,CD4 T,TPSAB1,0.0026,0.0237
Immune,Lee_2020_Nat_Genet,CD4 T,TPSB2,0.0057,0.0296
Immune,Lee_2020_Nat_Genet,CD4 T,VCAN,0.0023,0.097
Immune,Lee_2020_Nat_Genet,CD4 T,XBP1,0.1883,0.3562
Immune,Lee_2020_Nat_Genet,CD4 T,XCR1,0.0046,0.005
Immune,Lee_2020_Nat_Genet,CD8 T,APOE,0.0389,0.1562
Immune,Lee_2020_Nat_Genet,CD8 T,C1QA,0.0202,0.1559
Immune,Lee_2020_Nat_Genet,CD8 T,C1QB,0.021,0.1464
Immune,Lee_2020_Nat_Genet,CD8 T,C1QC,0.0092,0.1291
Immune,Lee_2020_Nat_Genet,CD8 T,CD14,0.0062,0.1748
Immune,Lee_2020_Nat_Genet,CD8 T,CD19,0.001,0.0555
Immune,Lee_2020_Nat_Genet,CD8 T,CD1C,0.0008,0.0266
Immune,Lee_2020_Nat_Genet,CD8 T,CD3D,0.9167,0.4183
Immune,Lee_2020_Nat_Genet,CD8 T,CD3E,0.735,0.3481
Immune,Lee_2020_Nat_Genet,CD8 T,CD4,0.0222,0.2262
Immune,Lee_2020_Nat_Genet,CD8 T,CD68,0.0095,0.1763
Immune,Lee_2020_Nat_Genet,CD8 T,CD79A,0.0096,0.2016
Immune,Lee_2020_Nat_Genet,CD8 T,CD79B,0.0337,0.1695
Immune,Lee_2020_Nat_Genet,CD8 T,CD8A,0.6371,0.0191
Immune,Lee_2020_Nat_Genet,CD8 T,CD8B,0.4606,0.0099
Immune,Lee_2020_Nat_Genet,CD8 T,CLEC10A,0.0004,0.0427
Immune,Lee_2020_Nat_Genet,CD8 T,CLEC9A,0.0002,0.0019
Immune,Lee_2020_Nat_Genet,CD8 T,CPA3,0.0002,0.0177
Immune,Lee_2020_Nat_Genet,CD8 T,CSF3R,0.0007,0.0558
Immune,Lee_2020_Nat_Genet,CD8 T,CXCR2,0.0004,0.0011
Immune,Lee_2020_Nat_Genet,CD8 T,FCER1A,0.0002,0.0175
Immune,Lee_2020_Nat_Genet,CD8 T,FCGR3B,0.0013,0.0053
Immune,Lee_2020_Nat_Genet,CD8 T,FCN1,0.0003,0.065
Immune,Lee_2020_Nat_Genet,CD8 T,GNLY,0.4031,0.085
Immune,Lee_2020_Nat_Genet,CD8 T,IL7R,0.3039,0.4039
Immune,Lee_2020_Nat_Genet,CD8 T,JCHAIN,0.0769,0.1858
Immune,Lee_2020_Nat_Genet,CD8 T,KIT,0.0007,0.0172
Immune,Lee_2020_Nat_Genet,CD8 T,KLRD1,0.3997,0.0408
Immune,Lee_2020_Nat_Genet,CD8 T,LILRA4,0.0001,0.0085
Immune,Lee_2020_Nat_Genet,CD8 T,MERTK,0.0008,0.0576
Immune,Lee_2020_Nat_Genet,CD8 T,MS4A1,0.009,0.1093
Immune,Lee_2020_Nat_Genet,CD8 T,MZB1,0.0443,0.1326
Immune,Lee_2020_Nat_Genet,CD8 T,NCR1,0.0307,0.0061
Immune,Lee_2020_Nat_Genet,CD8 T,NKG7,0.8621,0.1135
Immune,Lee_2020_Nat_Genet,CD8 T,S100A8,0.0075,0.1391
Immune,Lee_2020_Nat_Genet,CD8 T,S100A9,0.0183,0.2058
Immune,Lee_2020_Nat_Genet,CD8 T,SDC1,0.0034,0.0361
Immune,Lee_2020_Nat_Genet,CD8 T,TPSAB1,0.0021,0.0201
Immune,Lee_2020_Nat_Genet,CD8 T,TPSB2,0.0059,0.0254
Immune,Lee_2020_Nat_Genet,CD8 T,VCAN,0.0014,0.0808
Immune,Lee_2020_Nat_Genet,CD8 T,XBP1,0.1974,0.3247
Immune,Lee_2020_Nat_Genet,CD8 T,XCR1,0.0085,0.004
Immune,Lee_2020_Nat_Genet,Dendritic cell,APOE,0.065,0.1333
Immune,Lee_2020_Nat_Genet,Dendritic cell,C1QA,0.3333,0.1286
Immune,Lee_2020_Nat_Genet,Dendritic cell,C1QB,0.2683,0.1213
Immune,Lee_2020_Nat_Genet,Dendritic cell,C1QC,0.2033,0.1052
Immune,Lee_2020_Nat_Genet,Dendritic cell,CD14,0.187,0.1415
Immune,Lee_2020_Nat_Genet,Dendritic cell,CD19,0.0,0.0448
Immune,Lee_2020_Nat_Genet,Dendritic cell,CD1C,0.9024,0.0192
Immune,Lee_2020_Nat_Genet,Dendritic cell,CD3D,0.0569,0.5178
Immune,Lee_2020_Nat_Genet,Dendritic cell,CD3E,0.0569,0.4254
Immune,Lee_2020_Nat_Genet,Dendritic cell,CD4,0.748,0.1845
Immune,Lee_2020_Nat_Genet,Dendritic cell,CD68,0.3496,0.1429
Immune,Lee_2020_Nat_Genet,Dendritic cell,CD79A,0.0244,0.1641
Immune,Lee_2020_Nat_Genet,Dendritic cell,CD79B,0.0163,0.143
Immune,Lee_2020_Nat_Genet,Dendritic cell,CD8A,0.0081,0.1413
Immune,Lee_2020_Nat_Genet,Dendritic cell,CD8B,0.0,0.0991
Immune,Lee_2020_Nat_Genet,Dendritic cell,CLEC10A,0.8943,0.0322
Immune,Lee_2020_Nat_Genet,Dendritic cell,CLEC9A,0.1626,0.0012
Immune,Lee_2020_Nat_Genet,Dendritic cell,CPA3,0.0,0.0142
Immune,Lee_2020_Nat_Genet,Dendritic cell,CSF3R,0.4065,0.044
Immune,Lee_2020_Nat_Genet,Dendritic cell,CXCR2,0.0,0.0009
Immune,Lee_2020_Nat_Genet,Dendritic cell,FCER1A,0.8374,0.012
Immune,Lee_2020_Nat_Genet,Dendritic cell,FCGR3B,0.0,0.0045
Immune,Lee_2020_Nat_Genet,Dendritic cell,FCN1,0.3171,0.0515
Immune,Lee_2020_Nat_Genet,Dendritic cell,GNLY,0.0163,0.1481
Immune,Lee_2020_Nat_Genet,Dendritic cell,IL7R,0.122,0.3848
Immune,Lee_2020_Nat_Genet,Dendritic cell,JCHAIN,0.1382,0.1644
Immune,Lee_2020_Nat_Genet,Dendritic cell,KIT,0.0,0.014
Immune,Lee_2020_Nat_Genet,Dendritic cell,KLRD1,0.0,0.1119
Immune,Lee_2020_Nat_Genet,Dendritic cell,LILRA4,0.0163,0.0068
Immune,Lee_2020_Nat_Genet,Dendritic cell,MERTK,0.0163,0.0465
Immune,Lee_2020_Nat_Genet,Dendritic cell,MS4A1,0.0,0.0897
Immune,Lee_2020_Nat_Genet,Dendritic cell,MZB1,0.0081,0.1154
Immune,Lee_2020_Nat_Genet,Dendritic cell,NCR1,0.0,0.0109
Immune,Lee_2020_Nat_Genet,Dendritic cell,NKG7,0.0569,0.2617
Immune,Lee_2020_Nat_Genet,Dendritic cell,S100A8,0.0488,0.1133
Immune,Lee_2020_Nat_Genet,Dendritic cell,S100A9,0.2033,0.1687
Immune,Lee_2020_Nat_Genet,Dendritic cell,SDC1,0.0,0.0297
Immune,Lee_2020_Nat_Genet,Dendritic cell,TPSAB1,0.0081,0.0166
Immune,Lee_2020_Nat_Genet,Dendritic cell,TPSB2,0.0,0.0216
Immune,Lee_2020_Nat_Genet,Dendritic cell,VCAN,0.122,0.065
Immune,Lee_2020_Nat_Genet,Dendritic cell,XBP1,0.626,0.2988
Immune,Lee_2020_Nat_Genet,Dendritic cell,XCR1,0.0488,0.0048
Immune,Lee_2020_Nat_Genet,Macrophage,APOE,0.8051,0.0592
Immune,Lee_2020_Nat_Genet,Macrophage,C1QA,0.9499,0.0388
Immune,Lee_2020_Nat_Genet,Macrophage,C1QB,0.9337,0.0324
Immune,Lee_2020_Nat_Genet,Macrophage,C1QC,0.904,0.0176
Immune,Lee_2020_Nat_Genet,Macrophage,CD14,0.8257,0.0663
Immune,Lee_2020_Nat_Genet,Macrophage,CD19,0.0029,0.0493
Immune,Lee_2020_Nat_Genet,Macrophage,CD1C,0.0436,0.0191
Immune,Lee_2020_Nat_Genet,Macrophage,CD3D,0.0669,0.5661
Immune,Lee_2020_Nat_Genet,Macrophage,CD3E,0.0349,0.4673
Immune,Lee_2020_Nat_Genet,Macrophage,CD4,0.6183,0.1384
Immune,Lee_2020_Nat_Genet,Macrophage,CD68,0.7455,0.0772
Immune,Lee_2020_Nat_Genet,Macrophage,CD79A,0.0099,0.1807
Immune,Lee_2020_Nat_Genet,Macrophage,CD79B,0.0164,0.1566
Immune,Lee_2020_Nat_Genet,Macrophage,CD8A,0.0124,0.1551
Immune,Lee_2020_Nat_Genet,Macrophage,CD8B,0.0059,0.109
Immune,Lee_2020_Nat_Genet,Macrophage,CLEC10A,0.1884,0.0174
Immune,Lee_2020_Nat_Genet,Macrophage,CLEC9A,0.0053,0.0012
Immune,Lee_2020_Nat_Genet,Macrophage,CPA3,0.0025,0.0155
Immune,Lee_2020_Nat_Genet,Macrophage,CSF3R,0.2166,0.026
Immune,Lee_2020_Nat_Genet,Macrophage,CXCR2,0.0017,0.0009
Immune,Lee_2020_Nat_Genet,Macrophage,FCER1A,0.0248,0.0129
Immune,Lee_2020_Nat_Genet,Macrophage,FCGR3B,0.0145,0.0034
Immune,Lee_2020_Nat_Genet,Macrophage,FCN1,0.0688,0.0504
Immune,Lee_2020_Nat_Genet,Macrophage,GNLY,0.0387,0.1597
Immune,Lee_2020_Nat_Genet,Macrophage,IL7R,0.3817,0.3844
Immune,Lee_2020_Nat_Genet,Macrophage,JCHAIN,0.1286,0.1682
Immune,Lee_2020_Nat_Genet,Macrophage,KIT,0.0004,0.0154
Immune,Lee_2020_Nat_Genet,Macrophage,KLRD1,0.0101,0.1228
Immune,Lee_2020_Nat_Genet,Macrophage,LILRA4,0.0048,0.0071
Immune,Lee_2020_Nat_Genet,Macrophage,MERTK,0.3888,0.0087
Immune,Lee_2020_Nat_Genet,Macrophage,MS4A1,0.0011,0.0992
Immune,Lee_2020_Nat_Genet,Macrophage,MZB1,0.0362,0.1238
Immune,Lee_2020_Nat_Genet,Macrophage,NCR1,0.0013,0.012
Immune,Lee_2020_Nat_Genet,Macrophage,NKG7,0.1436,0.2741
Immune,Lee_2020_Nat_Genet,Macrophage,S100A8,0.3444,0.0877
Immune,Lee_2020_Nat_Genet,Macrophage,S100A9,0.7234,0.1078
Immune,Lee_2020_Nat_Genet,Macrophage,SDC1,0.0135,0.0314
Immune,Lee_2020_Nat_Genet,Macrophage,TPSAB1,0.0048,0.0179
Immune,Lee_2020_Nat_Genet,Macrophage,TPSB2,0.0181,0.0219
Immune,Lee_2020_Nat_Genet,Macrophage,VCAN,0.1436,0.0565
Immune,Lee_2020_Nat_Genet,Macrophage,XBP1,0.4419,0.284
Immune,Lee_2020_Nat_Genet,Macrophage,XCR1,0.0011,0.0053
Immune,Lee_2020_Nat_Genet,Mast,APOE,0.0789,0.1338
Immune,Lee_2020_Nat_Genet,Mast,C1QA,0.0062,0.1308
Immune,Lee_2020_Nat_Genet,Mast,C1QB,0.0062,0.1233
Immune,Lee_2020_Nat_Genet,Mast,C1QC,0.0046,0.1068
Immune,Lee_2020_Nat_Genet,Mast,CD14,0.0077,0.1434
Immune,Lee_2020_Nat_Genet,Mast,CD19,0.0,0.0453
Immune,Lee_2020_Nat_Genet,Mast,CD1C,0.0,0.0218
Immune,Lee_2020_Nat_Genet,Mast,CD3D,0.0155,0.5235
Immune,Lee_2020_Nat_Genet,Mast,CD3E,0.0077,0.4301
Immune,Lee_2020_Nat_Genet,Mast,CD4,0.0557,0.1877
Immune,Lee_2020_Nat_Genet,Mast,CD68,0.0449,0.1447
Immune,Lee_2020_Nat_Genet,Mast,CD79A,0.0,0.166
Immune,Lee_2020_Nat_Genet,Mast,CD79B,0.0464,0.144
Immune,Lee_2020_Nat_Genet,Mast,CD8A,0.0077,0.1428
Immune,Lee_2020_Nat_Genet,Mast,CD8B,0.0031,0.1001
Immune,Lee_2020_Nat_Genet,Mast,CLEC10A,0.0,0.0348
Immune,Lee_2020_Nat_Genet,Mast,CLEC9A,0.0,0.0016
Immune,Lee_2020_Nat_Genet,Mast,CPA3,0.9737,0.0011
Immune,Lee_2020_Nat_Genet,Mast,CSF3R,0.0,0.0455
Immune,Lee_2020_Nat_Genet,Mast,CXCR2,0.0,0.001
Immune,Lee_2020_Nat_Genet,Mast,FCER1A,0.3885,0.009
Immune,Lee_2020_Nat_Genet,Mast,FCGR3B,0.0,0.0045
Immune,Lee_2020_Nat_Genet,Mast,FCN1,0.0,0.0529
Immune,Lee_2020_Nat_Genet,Mast,GNLY,0.0139,0.1496
Immune,Lee_2020_Nat_Genet,Mast,IL7R,0.0325,0.389
Immune,Lee_2020_Nat_Genet,Mast,JCHAIN,0.0433,0.166
Immune,Lee_2020_Nat_Genet,Mast,KIT,0.8762,0.0021
Immune,Lee_2020_Nat_Genet,Mast,KLRD1,0.0124,0.113
Immune,Lee_2020_Nat_Genet,Mast,LILRA4,0.0,0.007
Immune,Lee_2020_Nat_Genet,Mast,MERTK,0.0062,0.0469
Immune,Lee_2020_Nat_Genet,Mast,MS4A1,0.0,0.0907
Immune,Lee_2020_Nat_Genet,Mast,MZB1,0.0031,0.1167
Immune,Lee_2020_Nat_Genet,Mast,NCR1,0.0,0.0111
Immune,Lee_2020_Nat_Genet,Mast,NKG7,0.1238,0.263
Immune,Lee_2020_Nat_Genet,Mast,S100A8,0.0108,0.1145
Immune,Lee_2020_Nat_Genet,Mast,S100A9,0.0139,0.1709
Immune,Lee_2020_Nat_Genet,Mast,SDC1,0.0015,0.03
Immune,Lee_2020_Nat_Genet,Mast,TPSAB1,0.9675,0.0036
Immune,Lee_2020_Nat_Genet,Mast,TPSB2,0.9412,0.009
Immune,Lee_2020_Nat_Genet,Mast,VCAN,0.0015,0.066
Immune,Lee_2020_Nat_Genet,Mast,XBP1,0.2663,0.3001
Immune,Lee_2020_Nat_Genet,Mast,XCR1,0.0,0.0049
Immune,Lee_2020_Nat_Genet,Monocyte,APOE,0.1853,0.1287
Immune,Lee_2020_Nat_Genet,Monocyte,C1QA,0.1314,0.1289
Immune,Lee_2020_Nat_Genet,Monocyte,C1QB,0.0901,0.1244
Immune,Lee_2020_Nat_Genet,Monocyte,C1QC,0.0598,0.1093
Immune,Lee_2020_Nat_Genet,Monocyte,CD14,0.6086,0.1022
Immune,Lee_2020_Nat_Genet,Monocyte,CD19,0.0021,0.0483
Immune,Lee_2020_Nat_Genet,Monocyte,CD1C,0.0206,0.0216
Immune,Lee_2020_Nat_Genet,Monocyte,CD3D,0.0343,0.5573
Immune,Lee_2020_Nat_Genet,Monocyte,CD3E,0.0137,0.4591
Immune,Lee_2020_Nat_Genet,Monocyte,CD4,0.2059,0.1843
Immune,Lee_2020_Nat_Genet,Monocyte,CD68,0.5845,0.1062
Immune,Lee_2020_Nat_Genet,Monocyte,CD79A,0.0088,0.1768
Immune,Lee_2020_Nat_Genet,Monocyte,CD79B,0.0153,0.1535
Immune,Lee_2020_Nat_Genet,Monocyte,CD8A,0.0038,0.1526
Immune,Lee_2020_Nat_Genet,Monocyte,CD8B,0.0035,0.1069
Immune,Lee_2020_Nat_Genet,Monocyte,CLEC10A,0.0925,0.0295
Immune,Lee_2020_Nat_Genet,Monocyte,CLEC9A,0.0005,0.0017
Immune,Lee_2020_Nat_Genet,Monocyte,CPA3,0.0016,0.0153
Immune,Lee_2020_Nat_Genet,Monocyte,CSF3R,0.2097,0.031
Immune,Lee_2020_Nat_Genet,Monocyte,CXCR2,0.0005,0.001
Immune,Lee_2020_Nat_Genet,Monocyte,FCER1A,0.0102,0.0144
Immune,Lee_2020_Nat_Genet,Monocyte,FCGR3B,0.0113,0.0039
Immune,Lee_2020_Nat_Genet,Monocyte,FCN1,0.522,0.0126
Immune,Lee_2020_Nat_Genet,Monocyte,GNLY,0.0354,0.1572
Immune,Lee_2020_Nat_Genet,Monocyte,IL7R,0.241,0.3962
Immune,Lee_2020_Nat_Genet,Monocyte,JCHAIN,0.0673,0.1725
Immune,Lee_2020_Nat_Genet,Monocyte,KIT,0.0005,0.015
Immune,Lee_2020_Nat_Genet,Monocyte,KLRD1,0.0056,0.1206
Immune,Lee_2020_Nat_Genet,Monocyte,LILRA4,0.0029,0.0072
Immune,Lee_2020_Nat_Genet,Monocyte,MERTK,0.0534,0.0458
Immune,Lee_2020_Nat_Genet,Monocyte,MS4A1,0.0027,0.0968
Immune,Lee_2020_Nat_Genet,Monocyte,MZB1,0.0123,0.1238
Immune,Lee_2020_Nat_Genet,Monocyte,NCR1,0.0021,0.0117
Immune,Lee_2020_Nat_Genet,Monocyte,NKG7,0.1,0.2748
Immune,Lee_2020_Nat_Genet,Monocyte,S100A8,0.83,0.0526
Immune,Lee_2020_Nat_Genet,Monocyte,S100A9,0.9115,0.1061
Immune,Lee_2020_Nat_Genet,Monocyte,SDC1,0.0072,0.0315
Immune,Lee_2020_Nat_Genet,Monocyte,TPSAB1,0.0046,0.0176
Immune,Lee_2020_Nat_Genet,Monocyte,TPSB2,0.0126,0.0223
Immune,Lee_2020_Nat_Genet,Monocyte,VCAN,0.581,0.0216
Immune,Lee_2020_Nat_Genet,Monocyte,XBP1,0.4903,0.2835
Immune,Lee_2020_Nat_Genet,Monocyte,XCR1,0.0003,0.0053
Immune,Lee_2020_Nat_Genet,NK,APOE,0.0523,0.1355
Immune,Lee_2020_Nat_Genet,NK,C1QA,0.0189,0.1324
Immune,Lee_2020_Nat_Genet,NK,C1QB,0.0218,0.1246
Immune,Lee_2020_Nat_Genet,NK,C1QC,0.0094,0.1083
Immune,Lee_2020_Nat_Genet,NK,CD14,0.0094,0.1455
Immune,Lee_2020_Nat_Genet,NK,CD19,0.0015,0.046
Immune,Lee_2020_Nat_Genet,NK,CD1C,0.0044,0.022
Immune,Lee_2020_Nat_Genet,NK,CD3D,0.167,0.527
Immune,Lee_2020_Nat_Genet,NK,CD3E,0.2556,0.4294
Immune,Lee_2020_Nat_Genet,NK,CD4,0.0327,0.1905
Immune,Lee_2020_Nat_Genet,NK,CD68,0.0305,0.1467
Immune,Lee_2020_Nat_Genet,NK,CD79A,0.0182,0.168
Immune,Lee_2020_Nat_Genet,NK,CD79B,0.0392,0.1458
Immune,Lee_2020_Nat_Genet,NK,CD8A,0.1075,0.142
Immune,Lee_2020_Nat_Genet,NK,CD8B,0.0283,0.1009
Immune,Lee_2020_Nat_Genet,NK,CLEC10A,0.0022,0.0353
Immune,Lee_2020_Nat_Genet,NK,CLEC9A,0.0094,0.0014
Immune,Lee_2020_Nat_Genet,NK,CPA3,0.0015,0.0146
Immune,Lee_2020_Nat_Genet,NK,CSF3R,0.0051,0.0461
Immune,Lee_2020_Nat_Genet,NK,CXCR2,0.0065,0.0008
Immune,Lee_2020_Nat_Genet,NK,FCER1A,0.0,0.0145
Immune,Lee_2020_Nat_Genet,NK,FCGR3B,0.0087,0.0044
Immune,Lee_2020_Nat_Genet,NK,FCN1,0.0007,0.0538
Immune,Lee_2020_Nat_Genet,NK,GNLY,0.7858,0.1289
Immune,Lee_2020_Nat_Genet,NK,IL7R,0.2324,0.3887
Immune,Lee_2020_Nat_Genet,NK,JCHAIN,0.0719,0.167
Immune,Lee_2020_Nat_Genet,NK,KIT,0.0153,0.0139
Immune,Lee_2020_Nat_Genet,NK,KLRD1,0.6906,0.0945
Immune,Lee_2020_Nat_Genet,NK,LILRA4,0.0007,0.007
Immune,Lee_2020_Nat_Genet,NK,MERTK,0.0109,0.0474
Immune,Lee_2020_Nat_Genet,NK,MS4A1,0.0022,0.0921
Immune,Lee_2020_Nat_Genet,NK,MZB1,0.0421,0.1173
Immune,Lee_2020_Nat_Genet,NK,NCR1,0.1314,0.0073
Immune,Lee_2020_Nat_Genet,NK,NKG7,0.8293,0.2443
Immune,Lee_2020_Nat_Genet,NK,S100A8,0.0138,0.1161
Immune,Lee_2020_Nat_Genet,NK,S100A9,0.029,0.173
Immune,Lee_2020_Nat_Genet,NK,SDC1,0.0029,0.0304
Immune,Lee_2020_Nat_Genet,NK,TPSAB1,0.0058,0.0169
Immune,Lee_2020_Nat_Genet,NK,TPSB2,0.0073,0.022
Immune,Lee_2020_Nat_Genet,NK,VCAN,0.0036,0.0669
Immune,Lee_2020_Nat_Genet,NK,XBP1,0.3326,0.2986
Immune,Lee_2020_Nat_Genet,NK,XCR1,0.0087,0.0048
Immune,Lee_2020_Nat_Genet,Neutrophil,APOE,0.0288,0.1335
Immune,Lee_2020_Nat_Genet,Neutrophil,C1QA,0.0337,0.1295
Immune,Lee_2020_Nat_Genet,Neutrophil,C1QB,0.0144,0.1222
Immune,Lee_2020_Nat_Genet,Neutrophil,C1QC,0.0048,0.1059
Immune,Lee_2020_Nat_Genet,Neutrophil,CD14,0.3029,0.1409
Immune,Lee_2020_Nat_Genet,Neutrophil,CD19,0.0,0.0449
Immune,Lee_2020_Nat_Genet,Neutrophil,CD1C,0.0,0.0216
Immune,Lee_2020_Nat_Genet,Neutrophil,CD3D,0.0144,0.5188
Immune,Lee_2020_Nat_Genet,Neutrophil,CD3E,0.0144,0.4262
Immune,Lee_2020_Nat_Genet,Neutrophil,CD4,0.0,0.1867
Immune,Lee_2020_Nat_Genet,Neutrophil,CD68,0.1827,0.1432
Immune,Lee_2020_Nat_Genet,Neutrophil,CD79A,0.0144,0.1644
Immune,Lee_2020_Nat_Genet,Neutrophil,CD79B,0.0,0.1433
Immune,Lee_2020_Nat_Genet,Neutrophil,CD8A,0.0,0.1416
Immune,Lee_2020_Nat_Genet,Neutrophil,CD8B,0.0,0.0993
Immune,Lee_2020_Nat_Genet,Neutrophil,CLEC10A,0.0,0.0345
Immune,Lee_2020_Nat_Genet,Neutrophil,CLEC9A,0.0,0.0016
Immune,Lee_2020_Nat_Genet,Neutrophil,CPA3,0.0048,0.0143
Immune,Lee_2020_Nat_Genet,Neutrophil,CSF3R,0.5048,0.0429
Immune,Lee_2020_Nat_Genet,Neutrophil,CXCR2,0.0721,0.0006
Immune,Lee_2020_Nat_Genet,Neutrophil,FCER1A,0.0,0.0141
Immune,Lee_2020_Nat_Genet,Neutrophil,FCGR3B,0.3077,0.0032
Immune,Lee_2020_Nat_Genet,Neutrophil,FCN1,0.0433,0.0523
Immune,Lee_2020_Nat_Genet,Neutrophil,GNLY,0.024,0.1483
Immune,Lee_2020_Nat_Genet,Neutrophil,IL7R,0.0,0.3858
Immune,Lee_2020_Nat_Genet,Neutrophil,JCHAIN,0.0288,0.1649
Immune,Lee_2020_Nat_Genet,Neutrophil,KIT,0.0,0.014
Immune,Lee_2020_Nat_Genet,Neutrophil,KLRD1,0.0,0.1121
Immune,Lee_2020_Nat_Genet,Neutrophil,LILRA4,0.0,0.0069
Immune,Lee_2020_Nat_Genet,Neutrophil,MERTK,0.0,0.0466
Immune,Lee_2020_Nat_Genet,Neutrophil,MS4A1,0.0,0.0899
Immune,Lee_2020_Nat_Genet,Neutrophil,MZB1,0.0048,0.1156
Immune,Lee_2020_Nat_Genet,Neutrophil,NCR1,0.0048,0.0109
Immune,Lee_2020_Nat_Genet,Neutrophil,NKG7,0.0096,0.2623
Immune,Lee_2020_Nat_Genet,Neutrophil,S100A8,0.7115,0.1105
Immune,Lee_2020_Nat_Genet,Neutrophil,S100A9,0.75,0.1663
Immune,Lee_2020_Nat_Genet,Neutrophil,SDC1,0.0,0.0297
Immune,Lee_2020_Nat_Genet,Neutrophil,TPSAB1,0.0048,0.0166
Immune,Lee_2020_Nat_Genet,Neutrophil,TPSB2,0.0048,0.0216
Immune,Lee_2020_Nat_Genet,Neutrophil,VCAN,0.0337,0.0652
Immune,Lee_2020_Nat_Genet,Neutrophil,XBP1,0.1442,0.3003
Immune,Lee_2020_Nat_Genet,Neutrophil,XCR1,0.0,0.0049
Immune,Lee_2020_Nat_Genet,Plasma,APOE,0.1014,0.1356
Immune,Lee_2020_Nat_Genet,Plasma,C1QA,0.053,0.1352
Immune,Lee_2020_Nat_Genet,Plasma,C1QB,0.0516,0.1273
Immune,Lee_2020_Nat_Genet,Plasma,C1QC,0.0169,0.1125
Immune,Lee_2020_Nat_Genet,Plasma,CD14,0.0152,0.1517
Immune,Lee_2020_Nat_Genet,Plasma,CD19,0.0817,0.0418
Immune,Lee_2020_Nat_Genet,Plasma,CD1C,0.0017,0.0231
Immune,Lee_2020_Nat_Genet,Plasma,CD3D,0.0535,0.5537
Immune,Lee_2020_Nat_Genet,Plasma,CD3E,0.0237,0.4565
Immune,Lee_2020_Nat_Genet,Plasma,CD4,0.0056,0.2004
Immune,Lee_2020_Nat_Genet,Plasma,CD68,0.0361,0.152
Immune,Lee_2020_Nat_Genet,Plasma,CD79A,0.8216,0.1111
Immune,Lee_2020_Nat_Genet,Plasma,CD79B,0.2939,0.1306
Immune,Lee_2020_Nat_Genet,Plasma,CD8A,0.0065,0.1517
Immune,Lee_2020_Nat_Genet,Plasma,CD8B,0.007,0.1062
Immune,Lee_2020_Nat_Genet,Plasma,CLEC10A,0.002,0.037
Immune,Lee_2020_Nat_Genet,Plasma,CLEC9A,0.0,0.0017
Immune,Lee_2020_Nat_Genet,Plasma,CPA3,0.0028,0.0151
Immune,Lee_2020_Nat_Genet,Plasma,CSF3R,0.0008,0.0484
Immune,Lee_2020_Nat_Genet,Plasma,CXCR2,0.0,0.001
Immune,Lee_2020_Nat_Genet,Plasma,FCER1A,0.0003,0.0152
Immune,Lee_2020_Nat_Genet,Plasma,FCGR3B,0.0008,0.0048
Immune,Lee_2020_Nat_Genet,Plasma,FCN1,0.0031,0.0562
Immune,Lee_2020_Nat_Genet,Plasma,GNLY,0.0445,0.156
Immune,Lee_2020_Nat_Genet,Plasma,IL7R,0.018,0.4134
Immune,Lee_2020_Nat_Genet,Plasma,JCHAIN,0.8746,0.1075
Immune,Lee_2020_Nat_Genet,Plasma,KIT,0.0011,0.0149
Immune,Lee_2020_Nat_Genet,Plasma,KLRD1,0.0076,0.12
Immune,Lee_2020_Nat_Genet,Plasma,LILRA4,0.0003,0.0074
Immune,Lee_2020_Nat_Genet,Plasma,MERTK,0.018,0.0487
Immune,Lee_2020_Nat_Genet,Plasma,MS4A1,0.0079,0.096
Immune,Lee_2020_Nat_Genet,Plasma,MZB1,0.9589,0.0477
Immune,Lee_2020_Nat_Genet,Plasma,NCR1,0.0,0.0118
Immune,Lee_2020_Nat_Genet,Plasma,NKG7,0.0428,0.2786
Immune,Lee_2020_Nat_Genet,Plasma,S100A8,0.0158,0.1209
Immune,Lee_2020_Nat_Genet,Plasma,S100A9,0.0313,0.1798
Immune,Lee_2020_Nat_Genet,Plasma,SDC1,0.3435,0.0045
Immune,Lee_2020_Nat_Genet,Plasma,TPSAB1,0.0101,0.0171
Immune,Lee_2020_Nat_Genet,Plasma,TPSB2,0.0189,0.0217
Immune,Lee_2020_Nat_Genet,Plasma,VCAN,0.0051,0.0699
Immune,Lee_2020_Nat_Genet,Plasma,XBP1,0.9625,0.2466
Immune,Lee_2020_Nat_Genet,Plasma,XCR1,0.0051,0.0049
Immune,Li_2023_Cancer_Cell,B,APOE,0.018,0.0455
Immune,Li_2023_Cancer_Cell,B,C1QA,0.0133,0.0569
Immune,Li_2023_Cancer_Cell,B,C1QB,0.0142,0.0547
Immune,Li_2023_Cancer_Cell,B,C1QC,0.011,0.0489
Immune,Li_2023_Cancer_Cell,B,CD14,0.0095,0.0955
Immune,Li_2023_Cancer_Cell,B,CD19,0.2601,0.0165
Immune,Li_2023_Cancer_Cell,B,CD1C,0.0801,0.0124
Immune,Li_2023_Cancer_Cell,B,CD3D,0.0447,0.5001
Immune,Li_2023_Cancer_Cell,B,CD3E,0.0193,0.2995
Immune,Li_2023_Cancer_Cell,B,CD4,0.0061,0.1037
Immune,Li_2023_Cancer_Cell,B,CD68,0.0222,0.086
Immune,Li_2023_Cancer_Cell,B,CD79A,0.6601,0.1021
Immune,Li_2023_Cancer_Cell,B,CD79B,0.5637,0.0785
Immune,Li_2023_Cancer_Cell,B,CD8A,0.0097,0.1505
Immune,Li_2023_Cancer_Cell,B,CD8B,0.0066,0.0969
Immune,Li_2023_Cancer_Cell,B,CLEC10A,0.0025,0.0276
Immune,Li_2023_Cancer_Cell,B,CLEC9A,0.0004,0.002
Immune,Li_2023_Cancer_Cell,B,CPA3,0.0006,0.0041
Immune,Li_2023_Cancer_Cell,B,CSF3R,0.0015,0.035
Immune,Li_2023_Cancer_Cell,B,CXCR2,0.0,0.0013
Immune,Li_2023_Cancer_Cell,B,FCER1A,0.0004,0.0066
Immune,Li_2023_Cancer_Cell,B,FCGR3B,0.0015,0.0017
Immune,Li_2023_Cancer_Cell,B,FCN1,0.0068,0.0725
Immune,Li_2023_Cancer_Cell,B,GNLY,0.0112,0.1627
Immune,Li_2023_Cancer_Cell,B,IL7R,0.0282,0.2511
Immune,Li_2023_Cancer_Cell,B,JCHAIN,0.3238,0.1908
Immune,Li_2023_Cancer_Cell,B,KIT,0.0006,0.0078
Immune,Li_2023_Cancer_Cell,B,KLRD1,0.0085,0.1498
Immune,Li_2023_Cancer_Cell,B,LILRA4,0.0049,0.0029
Immune,Li_2023_Cancer_Cell,B,MERTK,0.0006,0.014
Immune,Li_2023_Cancer_Cell,B,MS4A1,0.8422,0.0276
Immune,Li_2023_Cancer_Cell,B,MZB1,0.1044,0.1709
Immune,Li_2023_Cancer_Cell,B,NCR1,0.0004,0.0078
Immune,Li_2023_Cancer_Cell,B,NKG7,0.0138,0.2834
Immune,Li_2023_Cancer_Cell,B,S100A8,0.0256,0.1024
Immune,Li_2023_Cancer_Cell,B,S100A9,0.0396,0.1242
Immune,Li_2023_Cancer_Cell,B,SDC1,0.0025,0.0499
Immune,Li_2023_Cancer_Cell,B,TPSAB1,0.0002,0.0038
Immune,Li_2023_Cancer_Cell,B,TPSB2,0.0004,0.0048
Immune,Li_2023_Cancer_Cell,B,VCAN,0.0051,0.0704
Immune,Li_2023_Cancer_Cell,B,XBP1,0.0745,0.2488
Immune,Li_2023_Cancer_Cell,B,XCR1,0.0,0.001
Immune,Li_2023_Cancer_Cell,CD4 T,APOE,0.0127,0.0467
Immune,Li_2023_Cancer_Cell,CD4 T,C1QA,0.0118,0.0567
Immune,Li_2023_Cancer_Cell,CD4 T,C1QB,0.0118,0.0548
Immune,Li_2023_Cancer_Cell,CD4 T,C1QC,0.0078,0.0493
Immune,Li_2023_Cancer_Cell,CD4 T,CD14,0.0087,0.0945
Immune,Li_2023_Cancer_Cell,CD4 T,CD19,0.0051,0.0991
Immune,Li_2023_Cancer_Cell,CD4 T,CD1C,0.0,0.0382
Immune,Li_2023_Cancer_Cell,CD4 T,CD3D,0.7909,0.2622
Immune,Li_2023_Cancer_Cell,CD4 T,CD3E,0.4724,0.155
Immune,Li_2023_Cancer_Cell,CD4 T,CD4,0.2037,0.0411
Immune,Li_2023_Cancer_Cell,CD4 T,CD68,0.0069,0.0898
Immune,Li_2023_Cancer_Cell,CD4 T,CD79A,0.0347,0.3042
Immune,Li_2023_Cancer_Cell,CD4 T,CD79B,0.0925,0.2318
Immune,Li_2023_Cancer_Cell,CD4 T,CD8A,0.0107,0.148
Immune,Li_2023_Cancer_Cell,CD4 T,CD8B,0.0067,0.0954
Immune,Li_2023_Cancer_Cell,CD4 T,CLEC10A,0.0009,0.0277
Immune,Li_2023_Cancer_Cell,CD4 T,CLEC9A,0.0004,0.002
Immune,Li_2023_Cancer_Cell,CD4 T,CPA3,0.0004,0.0041
Immune,Li_2023_Cancer_Cell,CD4 T,CSF3R,0.0009,0.0347
Immune,Li_2023_Cancer_Cell,CD4 T,CXCR2,0.0002,0.0012
Immune,Li_2023_Cancer_Cell,CD4 T,FCER1A,0.0,0.0066
Immune,Li_2023_Cancer_Cell,CD4 T,FCGR3B,0.0007,0.002
Immune,Li_2023_Cancer_Cell,CD4 T,FCN1,0.0051,0.072
Immune,Li_2023_Cancer_Cell,CD4 T,GNLY,0.0583,0.1458
Immune,Li_2023_Cancer_Cell,CD4 T,IL7R,0.4778,0.1086
Immune,Li_2023_Cancer_Cell,CD4 T,JCHAIN,0.0614,0.2741
Immune,Li_2023_Cancer_Cell,CD4 T,KIT,0.0031,0.0069
Immune,Li_2023_Cancer_Cell,CD4 T,KLRD1,0.0127,0.1463
Immune,Li_2023_Cancer_Cell,CD4 T,LILRA4,0.0,0.0044
Immune,Li_2023_Cancer_Cell,CD4 T,MERTK,0.0027,0.0132
Immune,Li_2023_Cancer_Cell,CD4 T,MS4A1,0.0236,0.2935
Immune,Li_2023_Cancer_Cell,CD4 T,MZB1,0.0581,0.1842
Immune,Li_2023_Cancer_Cell,CD4 T,NCR1,0.0018,0.0073
Immune,Li_2023_Cancer_Cell,CD4 T,NKG7,0.0623,0.2642
Immune,Li_2023_Cancer_Cell,CD4 T,S100A8,0.0229,0.102
Immune,Li_2023_Cancer_Cell,CD4 T,S100A9,0.0383,0.1233
Immune,Li_2023_Cancer_Cell,CD4 T,SDC1,0.0029,0.0491
Immune,Li_2023_Cancer_Cell,CD4 T,TPSAB1,0.0004,0.0037
Immune,Li_2023_Cancer_Cell,CD4 T,TPSB2,0.0007,0.0047
Immune,Li_2023_Cancer_Cell,CD4 T,VCAN,0.0062,0.069
Immune,Li_2023_Cancer_Cell,CD4 T,XBP1,0.1141,0.2338
Immune,Li_2023_Cancer_Cell,CD4 T,XCR1,0.0,0.001
Immune,Li_2023_Cancer_Cell,CD8 T,APOE,0.0104,0.0459
Immune,Li_2023_Cancer_Cell,CD8 T,C1QA,0.0096,0.0554
Immune,Li_2023_Cancer_Cell,CD8 T,C1QB,0.0104,0.0534
Immune,Li_2023_Cancer_Cell,CD8 T,C1QC,0.0062,0.048
Immune,Li_2023_Cancer_Cell,CD8 T,CD14,0.0054,0.0917
Immune,Li_2023_Cancer_Cell,CD8 T,CD19,0.001,0.0963
Immune,Li_2023_Cancer_Cell,CD8 T,CD1C,0.0003,0.0366
Immune,Li_2023_Cancer_Cell,CD8 T,CD3D,0.7867,0.2853
Immune,Li_2023_Cancer_Cell,CD8 T,CD3E,0.4594,0.1715
Immune,Li_2023_Cancer_Cell,CD8 T,CD4,0.0111,0.0969
Immune,Li_2023_Cancer_Cell,CD8 T,CD68,0.0075,0.0862
Immune,Li_2023_Cancer_Cell,CD8 T,CD79A,0.0142,0.2982
Immune,Li_2023_Cancer_Cell,CD8 T,CD79B,0.0212,0.2442
Immune,Li_2023_Cancer_Cell,CD8 T,CD8A,0.5039,0.0167
Immune,Li_2023_Cancer_Cell,CD8 T,CD8B,0.33,0.0094
Immune,Li_2023_Cancer_Cell,CD8 T,CLEC10A,0.0013,0.0265
Immune,Li_2023_Cancer_Cell,CD8 T,CLEC9A,0.0,0.002
Immune,Li_2023_Cancer_Cell,CD8 T,CPA3,0.0005,0.0039
Immune,Li_2023_Cancer_Cell,CD8 T,CSF3R,0.0013,0.0332
Immune,Li_2023_Cancer_Cell,CD8 T,CXCR2,0.0,0.0013
Immune,Li_2023_Cancer_Cell,CD8 T,FCER1A,0.0003,0.0063
Immune,Li_2023_Cancer_Cell,CD8 T,FCGR3B,0.0,0.0021
Immune,Li_2023_Cancer_Cell,CD8 T,FCN1,0.0013,0.0701
Immune,Li_2023_Cancer_Cell,CD8 T,GNLY,0.3846,0.059
Immune,Li_2023_Cancer_Cell,CD8 T,IL7R,0.191,0.197
Immune,Li_2023_Cancer_Cell,CD8 T,JCHAIN,0.0362,0.2716
Immune,Li_2023_Cancer_Cell,CD8 T,KIT,0.0016,0.0071
Immune,Li_2023_Cancer_Cell,CD8 T,KLRD1,0.4208,0.0367
Immune,Li_2023_Cancer_Cell,CD8 T,LILRA4,0.0005,0.0041
Immune,Li_2023_Cancer_Cell,CD8 T,MERTK,0.0005,0.0133
Immune,Li_2023_Cancer_Cell,CD8 T,MS4A1,0.0145,0.2845
Immune,Li_2023_Cancer_Cell,CD8 T,MZB1,0.0468,0.1818
Immune,Li_2023_Cancer_Cell,CD8 T,NCR1,0.0129,0.0042
Immune,Li_2023_Cancer_Cell,CD8 T,NKG7,0.7642,0.077
Immune,Li_2023_Cancer_Cell,CD8 T,S100A8,0.0168,0.1003
Immune,Li_2023_Cancer_Cell,CD8 T,S100A9,0.0153,0.1256
Immune,Li_2023_Cancer_Cell,CD8 T,SDC1,0.0031,0.0471
Immune,Li_2023_Cancer_Cell,CD8 T,TPSAB1,0.0005,0.0036
Immune,Li_2023_Cancer_Cell,CD8 T,TPSB2,0.0013,0.0044
Immune,Li_2023_Cancer_Cell,CD8 T,VCAN,0.0031,0.0672
Immune,Li_2023_Cancer_Cell,CD8 T,XBP1,0.1058,0.2309
Immune,Li_2023_Cancer_Cell,CD8 T,XCR1,0.0,0.001
Immune,Li_2023_Cancer_Cell,Dendritic cell,APOE,0.025,0.0387
Immune,Li_2023_Cancer_Cell,Dendritic cell,C1QA,0.175,0.0458
Immune,Li_2023_Cancer_Cell,Dendritic cell,C1QB,0.25,0.0442
Immune,Li_2023_Cancer_Cell,Dendritic cell,C1QC,0.15,0.0393
Immune,Li_2023_Cancer_Cell,Dendritic cell,CD14,0.1,0.0741
Immune,Li_2023_Cancer_Cell,Dendritic cell,CD19,0.0,0.0771
Immune,Li_2023_Cancer_Cell,Dendritic cell,CD1C,0.825,0.0275
Immune,Li_2023_Cancer_Cell,Dendritic cell,CD3D,0.0,0.3879
Immune,Li_2023_Cancer_Cell,Dendritic cell,CD3E,0.05,0.2304
Immune,Li_2023_Cancer_Cell,Dendritic cell,CD4,0.525,0.0786
Immune,Li_2023_Cancer_Cell,Dendritic cell,CD68,0.25,0.0698
Immune,Li_2023_Cancer_Cell,Dendritic cell,CD79A,0.025,0.241
Immune,Li_2023_Cancer_Cell,Dendritic cell,CD79B,0.05,0.1992
Immune,Li_2023_Cancer_Cell,Dendritic cell,CD8A,0.0,0.1158
Immune,Li_2023_Cancer_Cell,Dendritic cell,CD8B,0.0,0.0746
Immune,Li_2023_Cancer_Cell,Dendritic cell,CLEC10A,0.9,0.0195
Immune,Li_2023_Cancer_Cell,Dendritic cell,CLEC9A,0.1,0.0014
Immune,Li_2023_Cancer_Cell,Dendritic cell,CPA3,0.0,0.0032
Immune,Li_2023_Cancer_Cell,Dendritic cell,CSF3R,0.225,0.0263
Immune,Li_2023_Cancer_Cell,Dendritic cell,CXCR2,0.025,0.0009
Immune,Li_2023_Cancer_Cell,Dendritic cell,FCER1A,0.725,0.0035
Immune,Li_2023_Cancer_Cell,Dendritic cell,FCGR3B,0.0,0.0017
Immune,Li_2023_Cancer_Cell,Dendritic cell,FCN1,0.2,0.0559
Immune,Li_2023_Cancer_Cell,Dendritic cell,GNLY,0.0,0.1254
Immune,Li_2023_Cancer_Cell,Dendritic cell,IL7R,0.05,0.1961
Immune,Li_2023_Cancer_Cell,Dendritic cell,JCHAIN,0.125,0.224
Immune,Li_2023_Cancer_Cell,Dendritic cell,KIT,0.075,0.0058
Immune,Li_2023_Cancer_Cell,Dendritic cell,KLRD1,0.0,0.1149
Immune,Li_2023_Cancer_Cell,Dendritic cell,LILRA4,0.0,0.0034
Immune,Li_2023_Cancer_Cell,Dendritic cell,MERTK,0.0,0.0107
Immune,Li_2023_Cancer_Cell,Dendritic cell,MS4A1,0.05,0.2301
Immune,Li_2023_Cancer_Cell,Dendritic cell,MZB1,0.025,0.1546
Immune,Li_2023_Cancer_Cell,Dendritic cell,NCR1,0.0,0.006
Immune,Li_2023_Cancer_Cell,Dendritic cell,NKG7,0.0,0.217
Immune,Li_2023_Cancer_Cell,Dendritic cell,S100A8,0.025,0.0835
Immune,Li_2023_Cancer_Cell,Dendritic cell,S100A9,0.15,0.1031
Immune,Li_2023_Cancer_Cell,Dendritic cell,SDC1,0.0,0.0382
Immune,Li_2023_Cancer_Cell,Dendritic cell,TPSAB1,0.0,0.0029
Immune,Li_2023_Cancer_Cell,Dendritic cell,TPSB2,0.0,0.0037
Immune,Li_2023_Cancer_Cell,Dendritic cell,VCAN,0.025,0.0542
Immune,Li_2023_Cancer_Cell,Dendritic cell,XBP1,0.375,0.2052
Immune,Li_2023_Cancer_Cell,Dendritic cell,XCR1,0.0,0.0008
Immune,Li_2023_Cancer_Cell,Macrophage,APOE,0.5964,0.0169
Immune,Li_2023_Cancer_Cell,Macrophage,C1QA,0.8156,0.016
Immune,Li_2023_Cancer_Cell,Macrophage,C1QB,0.7779,0.016
Immune,Li_2023_Cancer_Cell,Macrophage,C1QC,0.7458,0.0119
Immune,Li_2023_Cancer_Cell,Macrophage,CD14,0.5223,0.0567
Immune,Li_2023_Cancer_Cell,Macrophage,CD19,0.0098,0.0795
Immune,Li_2023_Cancer_Cell,Macrophage,CD1C,0.0726,0.0275
Immune,Li_2023_Cancer_Cell,Macrophage,CD3D,0.0182,0.4015
Immune,Li_2023_Cancer_Cell,Macrophage,CD3E,0.0112,0.2385
Immune,Li_2023_Cancer_Cell,Macrophage,CD4,0.2598,0.0725
Immune,Li_2023_Cancer_Cell,Macrophage,CD68,0.5349,0.052
Immune,Li_2023_Cancer_Cell,Macrophage,CD79A,0.0126,0.2495
Immune,Li_2023_Cancer_Cell,Macrophage,CD79B,0.0154,0.2061
Immune,Li_2023_Cancer_Cell,Macrophage,CD8A,0.0028,0.12
Immune,Li_2023_Cancer_Cell,Macrophage,CD8B,0.0014,0.0773
Immune,Li_2023_Cancer_Cell,Macrophage,CLEC10A,0.257,0.0122
Immune,Li_2023_Cancer_Cell,Macrophage,CLEC9A,0.0056,0.0015
Immune,Li_2023_Cancer_Cell,Macrophage,CPA3,0.0,0.0033
Immune,Li_2023_Cancer_Cell,Macrophage,CSF3R,0.081,0.0246
Immune,Li_2023_Cancer_Cell,Macrophage,CXCR2,0.007,0.0008
Immune,Li_2023_Cancer_Cell,Macrophage,FCER1A,0.0182,0.0045
Immune,Li_2023_Cancer_Cell,Macrophage,FCGR3B,0.0028,0.0016
Immune,Li_2023_Cancer_Cell,Macrophage,FCN1,0.0615,0.056
Immune,Li_2023_Cancer_Cell,Macrophage,GNLY,0.0098,0.1296
Immune,Li_2023_Cancer_Cell,Macrophage,IL7R,0.2109,0.1952
Immune,Li_2023_Cancer_Cell,Macrophage,JCHAIN,0.0866,0.2292
Immune,Li_2023_Cancer_Cell,Macrophage,KIT,0.0014,0.0062
Immune,Li_2023_Cancer_Cell,Macrophage,KLRD1,0.0084,0.1189
Immune,Li_2023_Cancer_Cell,Macrophage,LILRA4,0.0042,0.0033
Immune,Li_2023_Cancer_Cell,Macrophage,MERTK,0.1522,0.0052
Immune,Li_2023_Cancer_Cell,Macrophage,MS4A1,0.0154,0.2381
Immune,Li_2023_Cancer_Cell,Macrophage,MZB1,0.0126,0.1599
Immune,Li_2023_Cancer_Cell,Macrophage,NCR1,0.0,0.0062
Immune,Li_2023_Cancer_Cell,Macrophage,NKG7,0.0922,0.2214
Immune,Li_2023_Cancer_Cell,Macrophage,S100A8,0.148,0.0808
Immune,Li_2023_Cancer_Cell,Macrophage,S100A9,0.3631,0.093
Immune,Li_2023_Cancer_Cell,Macrophage,SDC1,0.0028,0.0395
Immune,Li_2023_Cancer_Cell,Macrophage,TPSAB1,0.0,0.0031
Immune,Li_2023_Cancer_Cell,Macrophage,TPSB2,0.0014,0.0038
Immune,Li_2023_Cancer_Cell,Macrophage,VCAN,0.0377,0.0548
Immune,Li_2023_Cancer_Cell,Macrophage,XBP1,0.1899,0.2062
Immune,Li_2023_Cancer_Cell,Macrophage,XCR1,0.0,0.0008
Immune,Li_2023_Cancer_Cell,Mast,APOE,0.2182,0.0382
Immune,Li_2023_Cancer_Cell,Mast,C1QA,0.0,0.0462
Immune,Li_2023_Cancer_Cell,Mast,C1QB,0.0,0.0448
Immune,Li_2023_Cancer_Cell,Mast,C1QC,0.0,0.0396
Immune,Li_2023_Cancer_Cell,Mast,CD14,0.0,0.0744
Immune,Li_2023_Cancer_Cell,Mast,CD19,0.0182,0.0771
Immune,Li_2023_Cancer_Cell,Mast,CD1C,0.0182,0.0292
Immune,Li_2023_Cancer_Cell,Mast,CD3D,0.0182,0.3882
Immune,Li_2023_Cancer_Cell,Mast,CD3E,0.0,0.2306
Immune,Li_2023_Cancer_Cell,Mast,CD4,0.0,0.0797
Immune,Li_2023_Cancer_Cell,Mast,CD68,0.1636,0.0699
Immune,Li_2023_Cancer_Cell,Mast,CD79A,0.0,0.2412
Immune,Li_2023_Cancer_Cell,Mast,CD79B,0.1455,0.1991
Immune,Li_2023_Cancer_Cell,Mast,CD8A,0.0,0.1159
Immune,Li_2023_Cancer_Cell,Mast,CD8B,0.0,0.0747
Immune,Li_2023_Cancer_Cell,Mast,CLEC10A,0.0,0.0214
Immune,Li_2023_Cancer_Cell,Mast,CLEC9A,0.0,0.0016
Immune,Li_2023_Cancer_Cell,Mast,CPA3,0.9818,0.0004
Immune,Li_2023_Cancer_Cell,Mast,CSF3R,0.0,0.0268
Immune,Li_2023_Cancer_Cell,Mast,CXCR2,0.0182,0.0009
Immune,Li_2023_Cancer_Cell,Mast,FCER1A,0.1273,0.0047
Immune,Li_2023_Cancer_Cell,Mast,FCGR3B,0.0,0.0017
Immune,Li_2023_Cancer_Cell,Mast,FCN1,0.0,0.0563
Immune,Li_2023_Cancer_Cell,Mast,GNLY,0.0,0.1255
Immune,Li_2023_Cancer_Cell,Mast,IL7R,0.0727,0.1961
Immune,Li_2023_Cancer_Cell,Mast,JCHAIN,0.0909,0.2242
Immune,Li_2023_Cancer_Cell,Mast,KIT,0.8,0.0037
Immune,Li_2023_Cancer_Cell,Mast,KLRD1,0.0,0.115
Immune,Li_2023_Cancer_Cell,Mast,LILRA4,0.0,0.0034
Immune,Li_2023_Cancer_Cell,Mast,MERTK,0.0182,0.0107
Immune,Li_2023_Cancer_Cell,Mast,MS4A1,0.0182,0.2303
Immune,Li_2023_Cancer_Cell,Mast,MZB1,0.0182,0.1548
Immune,Li_2023_Cancer_Cell,Mast,NCR1,0.0,0.006
Immune,Li_2023_Cancer_Cell,Mast,NKG7,0.1636,0.2167
Immune,Li_2023_Cancer_Cell,Mast,S100A8,0.0182,0.0835
Immune,Li_2023_Cancer_Cell,Mast,S100A9,0.0,0.1035
Immune,Li_2023_Cancer_Cell,Mast,SDC1,0.0182,0.0382
Immune,Li_2023_Cancer_Cell,Mast,TPSAB1,0.8909,0.0004
Immune,Li_2023_Cancer_Cell,Mast,TPSB2,0.9818,0.0009
Immune,Li_2023_Cancer_Cell,Mast,VCAN,0.0,0.0543
Immune,Li_2023_Cancer_Cell,Mast,XBP1,0.2727,0.2054
Immune,Li_2023_Cancer_Cell,Mast,XCR1,0.0,0.0008
Immune,Li_2023_Cancer_Cell,Monocyte,APOE,0.0341,0.039
Immune,Li_2023_Cancer_Cell,Monocyte,C1QA,0.045,0.0462
Immune,Li_2023_Cancer_Cell,Monocyte,C1QB,0.0349,0.0454
Immune,Li_2023_Cancer_Cell,Monocyte,C1QC,0.031,0.0401
Immune,Li_2023_Cancer_Cell,Monocyte,CD14,0.6628,0.0314
Immune,Li_2023_Cancer_Cell,Monocyte,CD19,0.0039,0.0822
Immune,Li_2023_Cancer_Cell,Monocyte,CD1C,0.0233,0.0296
Immune,Li_2023_Cancer_Cell,Monocyte,CD3D,0.0295,0.4131
Immune,Li_2023_Cancer_Cell,Monocyte,CD3E,0.0147,0.2456
Immune,Li_2023_Cancer_Cell,Monocyte,CD4,0.1481,0.0745
Immune,Li_2023_Cancer_Cell,Monocyte,CD68,0.4891,0.0397
Immune,Li_2023_Cancer_Cell,Monocyte,CD79A,0.0155,0.2569
Immune,Li_2023_Cancer_Cell,Monocyte,CD79B,0.0372,0.2107
Immune,Li_2023_Cancer_Cell,Monocyte,CD8A,0.0054,0.1236
Immune,Li_2023_Cancer_Cell,Monocyte,CD8B,0.0016,0.0798
Immune,Li_2023_Cancer_Cell,Monocyte,CLEC10A,0.0674,0.018
Immune,Li_2023_Cancer_Cell,Monocyte,CLEC9A,0.0008,0.0017
Immune,Li_2023_Cancer_Cell,Monocyte,CPA3,0.0,0.0034
Immune,Li_2023_Cancer_Cell,Monocyte,CSF3R,0.2992,0.0069
Immune,Li_2023_Cancer_Cell,Monocyte,CXCR2,0.0031,0.0008
Immune,Li_2023_Cancer_Cell,Monocyte,FCER1A,0.007,0.0049
Immune,Li_2023_Cancer_Cell,Monocyte,FCGR3B,0.007,0.0013
Immune,Li_2023_Cancer_Cell,Monocyte,FCN1,0.6984,0.0095
Immune,Li_2023_Cancer_Cell,Monocyte,GNLY,0.0116,0.1334
Immune,Li_2023_Cancer_Cell,Monocyte,IL7R,0.1031,0.2025
Immune,Li_2023_Cancer_Cell,Monocyte,JCHAIN,0.0767,0.2345
Immune,Li_2023_Cancer_Cell,Monocyte,KIT,0.0,0.0064
Immune,Li_2023_Cancer_Cell,Monocyte,KLRD1,0.0116,0.1222
Immune,Li_2023_Cancer_Cell,Monocyte,LILRA4,0.0054,0.0032
Immune,Li_2023_Cancer_Cell,Monocyte,MERTK,0.0318,0.0092
Immune,Li_2023_Cancer_Cell,Monocyte,MS4A1,0.0372,0.2437
Immune,Li_2023_Cancer_Cell,Monocyte,MZB1,0.0109,0.1648
Immune,Li_2023_Cancer_Cell,Monocyte,NCR1,0.0039,0.0061
Immune,Li_2023_Cancer_Cell,Monocyte,NKG7,0.0667,0.2274
Immune,Li_2023_Cancer_Cell,Monocyte,S100A8,0.8147,0.0302
Immune,Li_2023_Cancer_Cell,Monocyte,S100A9,0.8519,0.0488
Immune,Li_2023_Cancer_Cell,Monocyte,SDC1,0.0047,0.0406
Immune,Li_2023_Cancer_Cell,Monocyte,TPSAB1,0.0,0.0032
Immune,Li_2023_Cancer_Cell,Monocyte,TPSB2,0.0,0.004
Immune,Li_2023_Cancer_Cell,Monocyte,VCAN,0.6946,0.0076
Immune,Li_2023_Cancer_Cell,Monocyte,XBP1,0.2961,0.199
Immune,Li_2023_Cancer_Cell,Monocyte,XCR1,0.0,0.0008
Immune,Li_2023_Cancer_Cell,NK,APOE,0.0218,0.0391
Immune,Li_2023_Cancer_Cell,NK,C1QA,0.0099,0.0471
Immune,Li_2023_Cancer_Cell,NK,C1QB,0.0139,0.0455
Immune,Li_2023_Cancer_Cell,NK,C1QC,0.002,0.0405
Immune,Li_2023_Cancer_Cell,NK,CD14,0.004,0.0761
Immune,Li_2023_Cancer_Cell,NK,CD19,0.0,0.079
Immune,Li_2023_Cancer_Cell,NK,CD1C,0.004,0.0299
Immune,Li_2023_Cancer_Cell,NK,CD3D,0.125,0.3942
Immune,Li_2023_Cancer_Cell,NK,CD3E,0.1905,0.2311
Immune,Li_2023_Cancer_Cell,NK,CD4,0.0079,0.0814
Immune,Li_2023_Cancer_Cell,NK,CD68,0.0179,0.0716
Immune,Li_2023_Cancer_Cell,NK,CD79A,0.0099,0.2468
Immune,Li_2023_Cancer_Cell,NK,CD79B,0.0377,0.2033
Immune,Li_2023_Cancer_Cell,NK,CD8A,0.0833,0.1165
Immune,Li_2023_Cancer_Cell,NK,CD8B,0.0218,0.0759
Immune,Li_2023_Cancer_Cell,NK,CLEC10A,0.0079,0.0218
Immune,Li_2023_Cancer_Cell,NK,CLEC9A,0.006,0.0015
Immune,Li_2023_Cancer_Cell,NK,CPA3,0.0,0.0033
Immune,Li_2023_Cancer_Cell,NK,CSF3R,0.0,0.0274
Immune,Li_2023_Cancer_Cell,NK,CXCR2,0.004,0.0009
Immune,Li_2023_Cancer_Cell,NK,FCER1A,0.004,0.0051
Immune,Li_2023_Cancer_Cell,NK,FCGR3B,0.002,0.0017
Immune,Li_2023_Cancer_Cell,NK,FCN1,0.0079,0.0575
Immune,Li_2023_Cancer_Cell,NK,GNLY,0.7579,0.1079
Immune,Li_2023_Cancer_Cell,NK,IL7R,0.1468,0.1971
Immune,Li_2023_Cancer_Cell,NK,JCHAIN,0.0734,0.2279
Immune,Li_2023_Cancer_Cell,NK,KIT,0.0159,0.0057
Immune,Li_2023_Cancer_Cell,NK,KLRD1,0.6567,0.1
Immune,Li_2023_Cancer_Cell,NK,LILRA4,0.0,0.0035
Immune,Li_2023_Cancer_Cell,NK,MERTK,0.002,0.011
Immune,Li_2023_Cancer_Cell,NK,MS4A1,0.0159,0.2355
Immune,Li_2023_Cancer_Cell,NK,MZB1,0.0397,0.1575
Immune,Li_2023_Cancer_Cell,NK,NCR1,0.0853,0.0038
Immune,Li_2023_Cancer_Cell,NK,NKG7,0.7837,0.2011
Immune,Li_2023_Cancer_Cell,NK,S100A8,0.0258,0.0849
Immune,Li_2023_Cancer_Cell,NK,S100A9,0.0337,0.1051
Immune,Li_2023_Cancer_Cell,NK,SDC1,0.002,0.0391
Immune,Li_2023_Cancer_Cell,NK,TPSAB1,0.002,0.003
Immune,Li_2023_Cancer_Cell,NK,TPSB2,0.004,0.0037
Immune,Li_2023_Cancer_Cell,NK,VCAN,0.0099,0.0554
Immune,Li_2023_Cancer_Cell,NK,XBP1,0.2242,0.205
Immune,Li_2023_Cancer_Cell,NK,XCR1,0.0,0.0008
Immune,Li_2023_Cancer_Cell,Plasma,APOE,0.0174,0.0413
Immune,Li_2023_Cancer_Cell,Plasma,C1QA,0.0111,0.0504
Immune,Li_2023_Cancer_Cell,Plasma,C1QB,0.014,0.0484
Immune,Li_2023_Cancer_Cell,Plasma,C1QC,0.013,0.0428
Immune,Li_2023_Cancer_Cell,Plasma,CD14,0.0096,0.0821
Immune,Li_2023_Cancer_Cell,Plasma,CD19,0.0888,0.0755
Immune,Li_2023_Cancer_Cell,Plasma,CD1C,0.0053,0.0321
Immune,Li_2023_Cancer_Cell,Plasma,CD3D,0.0275,0.431
Immune,Li_2023_Cancer_Cell,Plasma,CD3E,0.0116,0.2567
Immune,Li_2023_Cancer_Cell,Plasma,CD4,0.0043,0.0887
Immune,Li_2023_Cancer_Cell,Plasma,CD68,0.0183,0.0765
Immune,Li_2023_Cancer_Cell,Plasma,CD79A,0.5591,0.2016
Immune,Li_2023_Cancer_Cell,Plasma,CD79B,0.2315,0.1949
Immune,Li_2023_Cancer_Cell,Plasma,CD8A,0.0053,0.1291
Immune,Li_2023_Cancer_Cell,Plasma,CD8B,0.0019,0.0833
Immune,Li_2023_Cancer_Cell,Plasma,CLEC10A,0.0024,0.0237
Immune,Li_2023_Cancer_Cell,Plasma,CLEC9A,0.0,0.0018
Immune,Li_2023_Cancer_Cell,Plasma,CPA3,0.0,0.0036
Immune,Li_2023_Cancer_Cell,Plasma,CSF3R,0.001,0.0298
Immune,Li_2023_Cancer_Cell,Plasma,CXCR2,0.0,0.0011
Immune,Li_2023_Cancer_Cell,Plasma,FCER1A,0.0,0.0057
Immune,Li_2023_Cancer_Cell,Plasma,FCGR3B,0.0005,0.0018
Immune,Li_2023_Cancer_Cell,Plasma,FCN1,0.0039,0.0626
Immune,Li_2023_Cancer_Cell,Plasma,GNLY,0.0116,0.139
Immune,Li_2023_Cancer_Cell,Plasma,IL7R,0.0164,0.2177
Immune,Li_2023_Cancer_Cell,Plasma,JCHAIN,0.9537,0.1346
Immune,Li_2023_Cancer_Cell,Plasma,KIT,0.0005,0.0067
Immune,Li_2023_Cancer_Cell,Plasma,KLRD1,0.0048,0.1281
Immune,Li_2023_Cancer_Cell,Plasma,LILRA4,0.0005,0.0037
Immune,Li_2023_Cancer_Cell,Plasma,MERTK,0.0121,0.0106
Immune,Li_2023_Cancer_Cell,Plasma,MS4A1,0.041,0.2528
Immune,Li_2023_Cancer_Cell,Plasma,MZB1,0.9122,0.0617
Immune,Li_2023_Cancer_Cell,Plasma,NCR1,0.0,0.0067
Immune,Li_2023_Cancer_Cell,Plasma,NKG7,0.0121,0.2415
Immune,Li_2023_Cancer_Cell,Plasma,S100A8,0.0154,0.0916
Immune,Li_2023_Cancer_Cell,Plasma,S100A9,0.0251,0.1127
Immune,Li_2023_Cancer_Cell,Plasma,SDC1,0.3251,0.0031
Immune,Li_2023_Cancer_Cell,Plasma,TPSAB1,0.0005,0.0032
Immune,Li_2023_Cancer_Cell,Plasma,TPSB2,0.0014,0.004
Immune,Li_2023_Cancer_Cell,Plasma,VCAN,0.0043,0.0603
Immune,Li_2023_Cancer_Cell,Plasma,XBP1,0.8688,0.1245
Immune,Li_2023_Cancer_Cell,Plasma,XCR1,0.0053,0.0002
Immune,Liu_2024_Cancer_Res,B,APOE,0.015,0.0483
Immune,Liu_2024_Cancer_Res,B,C1QA,0.0102,0.0673
Immune,Liu_2024_Cancer_Res,B,C1QB,0.0192,0.0697
Immune,Liu_2024_Cancer_Res,B,C1QC,0.015,0.0723
Immune,Liu_2024_Cancer_Res,B,CD14,0.0063,0.0945
Immune,Liu_2024_Cancer_Res,B,CD19,0.4765,0.0542
Immune,Liu_2024_Cancer_Res,B,CD1C,0.1385,0.0162
Immune,Liu_2024_Cancer_Res,B,CD3D,0.0105,0.4325
Immune,Liu_2024_Cancer_Res,B,CD3E,0.0075,0.4579
Immune,Liu_2024_Cancer_Res,B,CD4,0.0015,0.1966
Immune,Liu_2024_Cancer_Res,B,CD68,0.0654,0.1202
Immune,Liu_2024_Cancer_Res,B,CD79A,0.9148,0.2323
Immune,Liu_2024_Cancer_Res,B,CD79B,0.5535,0.1602
Immune,Liu_2024_Cancer_Res,B,CD8A,0.0018,0.1148
Immune,Liu_2024_Cancer_Res,B,CD8B,0.0009,0.0792
Immune,Liu_2024_Cancer_Res,B,CLEC10A,0.0003,0.0312
Immune,Liu_2024_Cancer_Res,B,CLEC9A,0.0,0.0023
Immune,Liu_2024_Cancer_Res,B,CPA3,0.003,0.0361
Immune,Liu_2024_Cancer_Res,B,CSF3R,0.0054,0.0933
Immune,Liu_2024_Cancer_Res,B,CXCR2,0.0009,0.0303
Immune,Liu_2024_Cancer_Res,B,FCER1A,0.0003,0.0231
Immune,Liu_2024_Cancer_Res,B,FCGR3B,0.0036,0.0528
Immune,Liu_2024_Cancer_Res,B,FCN1,0.0,0.0318
Immune,Liu_2024_Cancer_Res,B,GNLY,0.0015,0.0617
Immune,Liu_2024_Cancer_Res,B,IL7R,0.0102,0.3342
Immune,Liu_2024_Cancer_Res,B,JCHAIN,0.4165,0.3084
Immune,Liu_2024_Cancer_Res,B,KIT,0.0012,0.0398
Immune,Liu_2024_Cancer_Res,B,KLRD1,0.0009,0.0659
Immune,Liu_2024_Cancer_Res,B,LILRA4,0.0144,0.0046
Immune,Liu_2024_Cancer_Res,B,MERTK,0.0012,0.04
Immune,Liu_2024_Cancer_Res,B,MS4A1,0.8849,0.0084
Immune,Liu_2024_Cancer_Res,B,MZB1,0.099,0.3036
Immune,Liu_2024_Cancer_Res,B,NCR1,0.0,0.0084
Immune,Liu_2024_Cancer_Res,B,NKG7,0.0144,0.209
Immune,Liu_2024_Cancer_Res,B,S100A8,0.0144,0.1113
Immune,Liu_2024_Cancer_Res,B,S100A9,0.027,0.1359
Immune,Liu_2024_Cancer_Res,B,SDC1,0.0042,0.1564
Immune,Liu_2024_Cancer_Res,B,TPSAB1,0.006,0.0379
Immune,Liu_2024_Cancer_Res,B,TPSB2,0.0042,0.0368
Immune,Liu_2024_Cancer_Res,B,VCAN,0.0021,0.0321
Immune,Liu_2024_Cancer_Res,B,XBP1,0.1586,0.4435
Immune,Liu_2024_Cancer_Res,B,XCR1,0.0006,0.0023
Immune,Liu_2024_Cancer_Res,CD4 T,APOE,0.0097,0.0629
Immune,Liu_2024_Cancer_Res,CD4 T,C1QA,0.02,0.0832
Immune,Liu_2024_Cancer_Res,CD4 T,C1QB,0.0224,0.0864
Immune,Liu_2024_Cancer_Res,CD4 T,C1QC,0.0263,0.0875
Immune,Liu_2024_Cancer_Res,CD4 T,CD14,0.0068,0.126
Immune,Liu_2024_Cancer_Res,CD4 T,CD19,0.0004,0.1288
Immune,Liu_2024_Cancer_Res,CD4 T,CD1C,0.0002,0.038
Immune,Liu_2024_Cancer_Res,CD4 T,CD3D,0.8506,0.1846
Immune,Liu_2024_Cancer_Res,CD4 T,CD3E,0.8774,0.206
Immune,Liu_2024_Cancer_Res,CD4 T,CD4,0.3558,0.0981
Immune,Liu_2024_Cancer_Res,CD4 T,CD68,0.0116,0.1656
Immune,Liu_2024_Cancer_Res,CD4 T,CD79A,0.0244,0.4105
Immune,Liu_2024_Cancer_Res,CD4 T,CD79B,0.1102,0.2297
Immune,Liu_2024_Cancer_Res,CD4 T,CD8A,0.0302,0.1419
Immune,Liu_2024_Cancer_Res,CD4 T,CD8B,0.0122,0.102
Immune,Liu_2024_Cancer_Res,CD4 T,CLEC10A,0.0012,0.0418
Immune,Liu_2024_Cancer_Res,CD4 T,CLEC9A,0.0001,0.003
Immune,Liu_2024_Cancer_Res,CD4 T,CPA3,0.0017,0.0486
Immune,Liu_2024_Cancer_Res,CD4 T,CSF3R,0.0029,0.1261
Immune,Liu_2024_Cancer_Res,CD4 T,CXCR2,0.0013,0.0407
Immune,Liu_2024_Cancer_Res,CD4 T,FCER1A,0.0001,0.0314
Immune,Liu_2024_Cancer_Res,CD4 T,FCGR3B,0.0018,0.0714
Immune,Liu_2024_Cancer_Res,CD4 T,FCN1,0.0001,0.0431
Immune,Liu_2024_Cancer_Res,CD4 T,GNLY,0.0457,0.0624
Immune,Liu_2024_Cancer_Res,CD4 T,IL7R,0.6592,0.1419
Immune,Liu_2024_Cancer_Res,CD4 T,JCHAIN,0.0003,0.4675
Immune,Liu_2024_Cancer_Res,CD4 T,KIT,0.0094,0.0498
Immune,Liu_2024_Cancer_Res,CD4 T,KLRD1,0.0078,0.086
Immune,Liu_2024_Cancer_Res,CD4 T,LILRA4,0.0001,0.0078
Immune,Liu_2024_Cancer_Res,CD4 T,MERTK,0.0037,0.0528
Immune,Liu_2024_Cancer_Res,CD4 T,MS4A1,0.0031,0.1127
Immune,Liu_2024_Cancer_Res,CD4 T,MZB1,0.0784,0.3869
Immune,Liu_2024_Cancer_Res,CD4 T,NCR1,0.0019,0.0104
Immune,Liu_2024_Cancer_Res,CD4 T,NKG7,0.1155,0.2308
Immune,Liu_2024_Cancer_Res,CD4 T,S100A8,0.0133,0.1466
Immune,Liu_2024_Cancer_Res,CD4 T,S100A9,0.019,0.1789
Immune,Liu_2024_Cancer_Res,CD4 T,SDC1,0.0037,0.2114
Immune,Liu_2024_Cancer_Res,CD4 T,TPSAB1,0.0037,0.0504
Immune,Liu_2024_Cancer_Res,CD4 T,TPSB2,0.0028,0.0493
Immune,Liu_2024_Cancer_Res,CD4 T,VCAN,0.003,0.0425
Immune,Liu_2024_Cancer_Res,CD4 T,XBP1,0.2407,0.507
Immune,Liu_2024_Cancer_Res,CD4 T,XCR1,0.0001,0.0031
Immune,Liu_2024_Cancer_Res,CD8 T,APOE,0.0113,0.0508
Immune,Liu_2024_Cancer_Res,CD8 T,C1QA,0.0139,0.0701
Immune,Liu_2024_Cancer_Res,CD8 T,C1QB,0.0203,0.0725
Immune,Liu_2024_Cancer_Res,CD8 T,C1QC,0.0205,0.0748
Immune,Liu_2024_Cancer_Res,CD8 T,CD14,0.0082,0.0993
Immune,Liu_2024_Cancer_Res,CD8 T,CD19,0.0026,0.1
Immune,Liu_2024_Cancer_Res,CD8 T,CD1C,0.0002,0.0296
Immune,Liu_2024_Cancer_Res,CD8 T,CD3D,0.8245,0.3363
Immune,Liu_2024_Cancer_Res,CD8 T,CD3E,0.8828,0.3542
Immune,Liu_2024_Cancer_Res,CD8 T,CD4,0.0325,0.2032
Immune,Liu_2024_Cancer_Res,CD8 T,CD68,0.0161,0.1307
Immune,Liu_2024_Cancer_Res,CD8 T,CD79A,0.0117,0.3267
Immune,Liu_2024_Cancer_Res,CD8 T,CD79B,0.0313,0.2148
Immune,Liu_2024_Cancer_Res,CD8 T,CD8A,0.685,0.0201
Immune,Liu_2024_Cancer_Res,CD8 T,CD8B,0.5083,0.0085
Immune,Liu_2024_Cancer_Res,CD8 T,CLEC10A,0.0005,0.0329
Immune,Liu_2024_Cancer_Res,CD8 T,CLEC9A,0.0005,0.0023
Immune,Liu_2024_Cancer_Res,CD8 T,CPA3,0.002,0.0382
Immune,Liu_2024_Cancer_Res,CD8 T,CSF3R,0.0022,0.0988
Immune,Liu_2024_Cancer_Res,CD8 T,CXCR2,0.0018,0.0319
Immune,Liu_2024_Cancer_Res,CD8 T,FCER1A,0.0002,0.0245
Immune,Liu_2024_Cancer_Res,CD8 T,FCGR3B,0.0077,0.055
Immune,Liu_2024_Cancer_Res,CD8 T,FCN1,0.0,0.0336
Immune,Liu_2024_Cancer_Res,CD8 T,GNLY,0.1675,0.0406
Immune,Liu_2024_Cancer_Res,CD8 T,IL7R,0.4522,0.2874
Immune,Liu_2024_Cancer_Res,CD8 T,JCHAIN,0.0,0.3639
Immune,Liu_2024_Cancer_Res,CD8 T,KIT,0.0071,0.0412
Immune,Liu_2024_Cancer_Res,CD8 T,KLRD1,0.3178,0.0227
Immune,Liu_2024_Cancer_Res,CD8 T,LILRA4,0.0,0.0062
Immune,Liu_2024_Cancer_Res,CD8 T,MERTK,0.0011,0.0423
Immune,Liu_2024_Cancer_Res,CD8 T,MS4A1,0.0254,0.0851
Immune,Liu_2024_Cancer_Res,CD8 T,MZB1,0.0719,0.3194
Immune,Liu_2024_Cancer_Res,CD8 T,NCR1,0.0251,0.0051
Immune,Liu_2024_Cancer_Res,CD8 T,NKG7,0.8312,0.0992
Immune,Liu_2024_Cancer_Res,CD8 T,S100A8,0.0148,0.1168
Immune,Liu_2024_Cancer_Res,CD8 T,S100A9,0.0176,0.1436
Immune,Liu_2024_Cancer_Res,CD8 T,SDC1,0.0026,0.1654
Immune,Liu_2024_Cancer_Res,CD8 T,TPSAB1,0.0051,0.0398
Immune,Liu_2024_Cancer_Res,CD8 T,TPSB2,0.0035,0.0388
Immune,Liu_2024_Cancer_Res,CD8 T,VCAN,0.0031,0.0337
Immune,Liu_2024_Cancer_Res,CD8 T,XBP1,0.2141,0.4518
Immune,Liu_2024_Cancer_Res,CD8 T,XCR1,0.0002,0.0024
Immune,Liu_2024_Cancer_Res,Dendritic cell,APOE,0.018,0.0458
Immune,Liu_2024_Cancer_Res,Dendritic cell,C1QA,0.2994,0.0619
Immune,Liu_2024_Cancer_Res,Dendritic cell,C1QB,0.1617,0.0654
Immune,Liu_2024_Cancer_Res,Dendritic cell,C1QC,0.1976,0.0673
Immune,Liu_2024_Cancer_Res,Dendritic cell,CD14,0.1257,0.0874
Immune,Liu_2024_Cancer_Res,Dendritic cell,CD19,0.0359,0.0876
Immune,Liu_2024_Cancer_Res,Dendritic cell,CD1C,0.8982,0.0224
Immune,Liu_2024_Cancer_Res,Dendritic cell,CD3D,0.0,0.4009
Immune,Liu_2024_Cancer_Res,Dendritic cell,CD3E,0.0419,0.4239
Immune,Liu_2024_Cancer_Res,Dendritic cell,CD4,0.7365,0.179
Immune,Liu_2024_Cancer_Res,Dendritic cell,CD68,0.7365,0.1134
Immune,Liu_2024_Cancer_Res,Dendritic cell,CD79A,0.018,0.2871
Immune,Liu_2024_Cancer_Res,Dendritic cell,CD79B,0.018,0.1918
Immune,Liu_2024_Cancer_Res,Dendritic cell,CD8A,0.0,0.1063
Immune,Liu_2024_Cancer_Res,Dendritic cell,CD8B,0.0,0.0733
Immune,Liu_2024_Cancer_Res,Dendritic cell,CLEC10A,0.9102,0.0253
Immune,Liu_2024_Cancer_Res,Dendritic cell,CLEC9A,0.0599,0.0018
Immune,Liu_2024_Cancer_Res,Dendritic cell,CPA3,0.0,0.0336
Immune,Liu_2024_Cancer_Res,Dendritic cell,CSF3R,0.3533,0.0853
Immune,Liu_2024_Cancer_Res,Dendritic cell,CXCR2,0.0719,0.0278
Immune,Liu_2024_Cancer_Res,Dendritic cell,FCER1A,0.8503,0.0181
Immune,Liu_2024_Cancer_Res,Dendritic cell,FCGR3B,0.0,0.0491
Immune,Liu_2024_Cancer_Res,Dendritic cell,FCN1,0.1557,0.0288
Immune,Liu_2024_Cancer_Res,Dendritic cell,GNLY,0.012,0.0572
Immune,Liu_2024_Cancer_Res,Dendritic cell,IL7R,0.0778,0.3096
Immune,Liu_2024_Cancer_Res,Dendritic cell,JCHAIN,0.2874,0.317
Immune,Liu_2024_Cancer_Res,Dendritic cell,KIT,0.0838,0.0366
Immune,Liu_2024_Cancer_Res,Dendritic cell,KLRD1,0.0,0.061
Immune,Liu_2024_Cancer_Res,Dendritic cell,LILRA4,0.0,0.0054
Immune,Liu_2024_Cancer_Res,Dendritic cell,MERTK,0.006,0.0371
Immune,Liu_2024_Cancer_Res,Dendritic cell,MS4A1,0.0,0.0777
Immune,Liu_2024_Cancer_Res,Dendritic cell,MZB1,0.0719,0.2883
Immune,Liu_2024_Cancer_Res,Dendritic cell,NCR1,0.0,0.0077
Immune,Liu_2024_Cancer_Res,Dendritic cell,NKG7,0.0539,0.1942
Immune,Liu_2024_Cancer_Res,Dendritic cell,S100A8,0.012,0.104
Immune,Liu_2024_Cancer_Res,Dendritic cell,S100A9,0.1317,0.1273
Immune,Liu_2024_Cancer_Res,Dendritic cell,SDC1,0.0,0.145
Immune,Liu_2024_Cancer_Res,Dendritic cell,TPSAB1,0.0,0.0355
Immune,Liu_2024_Cancer_Res,Dendritic cell,TPSB2,0.0,0.0344
Immune,Liu_2024_Cancer_Res,Dendritic cell,VCAN,0.0599,0.0296
Immune,Liu_2024_Cancer_Res,Dendritic cell,XBP1,0.4731,0.4209
Immune,Liu_2024_Cancer_Res,Dendritic cell,XCR1,0.024,0.0021
Immune,Liu_2024_Cancer_Res,Macrophage,APOE,0.6127,0.0204
Immune,Liu_2024_Cancer_Res,Macrophage,C1QA,0.9807,0.0219
Immune,Liu_2024_Cancer_Res,Macrophage,C1QB,0.9768,0.0251
Immune,Liu_2024_Cancer_Res,Macrophage,C1QC,0.9845,0.0269
Immune,Liu_2024_Cancer_Res,Macrophage,CD14,0.8972,0.0514
Immune,Liu_2024_Cancer_Res,Macrophage,CD19,0.0138,0.0907
Immune,Liu_2024_Cancer_Res,Macrophage,CD1C,0.1558,0.02
Immune,Liu_2024_Cancer_Res,Macrophage,CD3D,0.0094,0.4167
Immune,Liu_2024_Cancer_Res,Macrophage,CD3E,0.0133,0.4407
Immune,Liu_2024_Cancer_Res,Macrophage,CD4,0.8293,0.1523
Immune,Liu_2024_Cancer_Res,Macrophage,CD68,0.947,0.0788
Immune,Liu_2024_Cancer_Res,Macrophage,CD79A,0.0166,0.298
Immune,Liu_2024_Cancer_Res,Macrophage,CD79B,0.0127,0.1991
Immune,Liu_2024_Cancer_Res,Macrophage,CD8A,0.0006,0.1106
Immune,Liu_2024_Cancer_Res,Macrophage,CD8B,0.0011,0.0762
Immune,Liu_2024_Cancer_Res,Macrophage,CLEC10A,0.3923,0.0125
Immune,Liu_2024_Cancer_Res,Macrophage,CLEC9A,0.0171,0.0014
Immune,Liu_2024_Cancer_Res,Macrophage,CPA3,0.0017,0.0349
Immune,Liu_2024_Cancer_Res,Macrophage,CSF3R,0.405,0.0721
Immune,Liu_2024_Cancer_Res,Macrophage,CXCR2,0.0287,0.028
Immune,Liu_2024_Cancer_Res,Macrophage,FCER1A,0.0796,0.0187
Immune,Liu_2024_Cancer_Res,Macrophage,FCGR3B,0.0773,0.0477
Immune,Liu_2024_Cancer_Res,Macrophage,FCN1,0.032,0.0291
Immune,Liu_2024_Cancer_Res,Macrophage,GNLY,0.0044,0.0593
Immune,Liu_2024_Cancer_Res,Macrophage,IL7R,0.3083,0.3087
Immune,Liu_2024_Cancer_Res,Macrophage,JCHAIN,0.2547,0.3197
Immune,Liu_2024_Cancer_Res,Macrophage,KIT,0.0017,0.0383
Immune,Liu_2024_Cancer_Res,Macrophage,KLRD1,0.0022,0.0634
Immune,Liu_2024_Cancer_Res,Macrophage,LILRA4,0.0227,0.0046
Immune,Liu_2024_Cancer_Res,Macrophage,MERTK,0.5436,0.0144
Immune,Liu_2024_Cancer_Res,Macrophage,MS4A1,0.0077,0.0805
Immune,Liu_2024_Cancer_Res,Macrophage,MZB1,0.026,0.2991
Immune,Liu_2024_Cancer_Res,Macrophage,NCR1,0.0,0.008
Immune,Liu_2024_Cancer_Res,Macrophage,NKG7,0.216,0.1926
Immune,Liu_2024_Cancer_Res,Macrophage,S100A8,0.1497,0.1016
Immune,Liu_2024_Cancer_Res,Macrophage,S100A9,0.4359,0.1136
Immune,Liu_2024_Cancer_Res,Macrophage,SDC1,0.0066,0.1505
Immune,Liu_2024_Cancer_Res,Macrophage,TPSAB1,0.0022,0.0368
Immune,Liu_2024_Cancer_Res,Macrophage,TPSB2,0.0022,0.0357
Immune,Liu_2024_Cancer_Res,Macrophage,VCAN,0.0702,0.0279
Immune,Liu_2024_Cancer_Res,Macrophage,XBP1,0.6017,0.4131
Immune,Liu_2024_Cancer_Res,Macrophage,XCR1,0.0,0.0022
Immune,Liu_2024_Cancer_Res,Mast,APOE,0.2084,0.0403
Immune,Liu_2024_Cancer_Res,Mast,C1QA,0.0088,0.0646
Immune,Liu_2024_Cancer_Res,Mast,C1QB,0.0213,0.0672
Immune,Liu_2024_Cancer_Res,Mast,C1QC,0.0176,0.0694
Immune,Liu_2024_Cancer_Res,Mast,CD14,0.0117,0.0901
Immune,Liu_2024_Cancer_Res,Mast,CD19,0.0007,0.0903
Immune,Liu_2024_Cancer_Res,Mast,CD1C,0.0007,0.0267
Immune,Liu_2024_Cancer_Res,Mast,CD3D,0.0081,0.4123
Immune,Liu_2024_Cancer_Res,Mast,CD3E,0.0132,0.436
Immune,Liu_2024_Cancer_Res,Mast,CD4,0.1343,0.1828
Immune,Liu_2024_Cancer_Res,Mast,CD68,0.2971,0.1099
Immune,Liu_2024_Cancer_Res,Mast,CD79A,0.0147,0.295
Immune,Liu_2024_Cancer_Res,Mast,CD79B,0.0866,0.1946
Immune,Liu_2024_Cancer_Res,Mast,CD8A,0.0,0.1094
Immune,Liu_2024_Cancer_Res,Mast,CD8B,0.0,0.0754
Immune,Liu_2024_Cancer_Res,Mast,CLEC10A,0.0007,0.0297
Immune,Liu_2024_Cancer_Res,Mast,CLEC9A,0.0,0.0021
Immune,Liu_2024_Cancer_Res,Mast,CPA3,0.9905,0.0017
Immune,Liu_2024_Cancer_Res,Mast,CSF3R,0.0044,0.0891
Immune,Liu_2024_Cancer_Res,Mast,CXCR2,0.0029,0.0288
Immune,Liu_2024_Cancer_Res,Mast,FCER1A,0.3764,0.0095
Immune,Liu_2024_Cancer_Res,Mast,FCGR3B,0.0037,0.0504
Immune,Liu_2024_Cancer_Res,Mast,FCN1,0.0007,0.0302
Immune,Liu_2024_Cancer_Res,Mast,GNLY,0.0029,0.0588
Immune,Liu_2024_Cancer_Res,Mast,IL7R,0.0139,0.3185
Immune,Liu_2024_Cancer_Res,Mast,JCHAIN,0.2025,0.3207
Immune,Liu_2024_Cancer_Res,Mast,KIT,0.9567,0.0062
Immune,Liu_2024_Cancer_Res,Mast,KLRD1,0.0,0.0628
Immune,Liu_2024_Cancer_Res,Mast,LILRA4,0.0,0.0055
Immune,Liu_2024_Cancer_Res,Mast,MERTK,0.0264,0.0373
Immune,Liu_2024_Cancer_Res,Mast,MS4A1,0.0022,0.0799
Immune,Liu_2024_Cancer_Res,Mast,MZB1,0.0183,0.2964
Immune,Liu_2024_Cancer_Res,Mast,NCR1,0.0007,0.0079
Immune,Liu_2024_Cancer_Res,Mast,NKG7,0.1387,0.1955
Immune,Liu_2024_Cancer_Res,Mast,S100A8,0.0249,0.1062
Immune,Liu_2024_Cancer_Res,Mast,S100A9,0.0257,0.1307
Immune,Liu_2024_Cancer_Res,Mast,SDC1,0.0015,0.1491
Immune,Liu_2024_Cancer_Res,Mast,TPSAB1,0.9934,0.0035
Immune,Liu_2024_Cancer_Res,Mast,TPSB2,0.9927,0.0024
Immune,Liu_2024_Cancer_Res,Mast,VCAN,0.0015,0.0307
Immune,Liu_2024_Cancer_Res,Mast,XBP1,0.3683,0.4229
Immune,Liu_2024_Cancer_Res,Mast,XCR1,0.0,0.0022
Immune,Liu_2024_Cancer_Res,Monocyte,APOE,0.0225,0.0465
Immune,Liu_2024_Cancer_Res,Monocyte,C1QA,0.0567,0.063
Immune,Liu_2024_Cancer_Res,Monocyte,C1QB,0.0464,0.0664
Immune,Liu_2024_Cancer_Res,Monocyte,C1QC,0.0498,0.0684
Immune,Liu_2024_Cancer_Res,Monocyte,CD14,0.6403,0.0678
Immune,Liu_2024_Cancer_Res,Monocyte,CD19,0.002,0.0905
Immune,Liu_2024_Cancer_Res,Monocyte,CD1C,0.0348,0.0255
Immune,Liu_2024_Cancer_Res,Monocyte,CD3D,0.0061,0.4134
Immune,Liu_2024_Cancer_Res,Monocyte,CD3E,0.0082,0.4373
Immune,Liu_2024_Cancer_Res,Monocyte,CD4,0.2526,0.1787
Immune,Liu_2024_Cancer_Res,Monocyte,CD68,0.7406,0.0935
Immune,Liu_2024_Cancer_Res,Monocyte,CD79A,0.0082,0.296
Immune,Liu_2024_Cancer_Res,Monocyte,CD79B,0.0102,0.1976
Immune,Liu_2024_Cancer_Res,Monocyte,CD8A,0.0,0.1097
Immune,Liu_2024_Cancer_Res,Monocyte,CD8B,0.0014,0.0756
Immune,Liu_2024_Cancer_Res,Monocyte,CLEC10A,0.1181,0.0255
Immune,Liu_2024_Cancer_Res,Monocyte,CLEC9A,0.0014,0.0021
Immune,Liu_2024_Cancer_Res,Monocyte,CPA3,0.0007,0.0347
Immune,Liu_2024_Cancer_Res,Monocyte,CSF3R,0.3898,0.0755
Immune,Liu_2024_Cancer_Res,Monocyte,CXCR2,0.0096,0.0287
Immune,Liu_2024_Cancer_Res,Monocyte,FCER1A,0.0116,0.0217
Immune,Liu_2024_Cancer_Res,Monocyte,FCGR3B,0.0177,0.05
Immune,Liu_2024_Cancer_Res,Monocyte,FCN1,0.6444,0.0072
Immune,Liu_2024_Cancer_Res,Monocyte,GNLY,0.0061,0.0588
Immune,Liu_2024_Cancer_Res,Monocyte,IL7R,0.1399,0.3147
Immune,Liu_2024_Cancer_Res,Monocyte,JCHAIN,0.1625,0.3224
Immune,Liu_2024_Cancer_Res,Monocyte,KIT,0.0007,0.0381
Immune,Liu_2024_Cancer_Res,Monocyte,KLRD1,0.0027,0.0629
Immune,Liu_2024_Cancer_Res,Monocyte,LILRA4,0.0116,0.0051
Immune,Liu_2024_Cancer_Res,Monocyte,MERTK,0.0635,0.036
Immune,Liu_2024_Cancer_Res,Monocyte,MS4A1,0.0055,0.0799
Immune,Liu_2024_Cancer_Res,Monocyte,MZB1,0.0198,0.297
Immune,Liu_2024_Cancer_Res,Monocyte,NCR1,0.0014,0.0079
Immune,Liu_2024_Cancer_Res,Monocyte,NKG7,0.0887,0.1974
Immune,Liu_2024_Cancer_Res,Monocyte,S100A8,0.7713,0.0797
Immune,Liu_2024_Cancer_Res,Monocyte,S100A9,0.8771,0.1005
Immune,Liu_2024_Cancer_Res,Monocyte,SDC1,0.0007,0.1495
Immune,Liu_2024_Cancer_Res,Monocyte,TPSAB1,0.002,0.0365
Immune,Liu_2024_Cancer_Res,Monocyte,TPSB2,0.0014,0.0354
Immune,Liu_2024_Cancer_Res,Monocyte,VCAN,0.6642,0.007
Immune,Liu_2024_Cancer_Res,Monocyte,XBP1,0.4212,0.4211
Immune,Liu_2024_Cancer_Res,Monocyte,XCR1,0.0007,0.0022
Immune,Liu_2024_Cancer_Res,NK,APOE,0.0294,0.046
Immune,Liu_2024_Cancer_Res,NK,C1QA,0.0153,0.0638
Immune,Liu_2024_Cancer_Res,NK,C1QB,0.033,0.0664
Immune,Liu_2024_Cancer_Res,NK,C1QC,0.0294,0.0686
Immune,Liu_2024_Cancer_Res,NK,CD14,0.0188,0.089
Immune,Liu_2024_Cancer_Res,NK,CD19,0.0035,0.0892
Immune,Liu_2024_Cancer_Res,NK,CD1C,0.0071,0.0262
Immune,Liu_2024_Cancer_Res,NK,CD3D,0.0754,0.4059
Immune,Liu_2024_Cancer_Res,NK,CD3E,0.3451,0.424
Immune,Liu_2024_Cancer_Res,NK,CD4,0.0389,0.1841
Immune,Liu_2024_Cancer_Res,NK,CD68,0.0518,0.1172
Immune,Liu_2024_Cancer_Res,NK,CD79A,0.013,0.2916
Immune,Liu_2024_Cancer_Res,NK,CD79B,0.0377,0.1943
Immune,Liu_2024_Cancer_Res,NK,CD8A,0.1166,0.1057
Immune,Liu_2024_Cancer_Res,NK,CD8B,0.0271,0.074
Immune,Liu_2024_Cancer_Res,NK,CLEC10A,0.0024,0.0293
Immune,Liu_2024_Cancer_Res,NK,CLEC9A,0.0141,0.0018
Immune,Liu_2024_Cancer_Res,NK,CPA3,0.0024,0.0341
Immune,Liu_2024_Cancer_Res,NK,CSF3R,0.0094,0.0879
Immune,Liu_2024_Cancer_Res,NK,CXCR2,0.0424,0.0277
Immune,Liu_2024_Cancer_Res,NK,FCER1A,0.0035,0.0217
Immune,Liu_2024_Cancer_Res,NK,FCGR3B,0.0259,0.0494
Immune,Liu_2024_Cancer_Res,NK,FCN1,0.0012,0.0298
Immune,Liu_2024_Cancer_Res,NK,GNLY,0.6796,0.0443
Immune,Liu_2024_Cancer_Res,NK,IL7R,0.1943,0.311
Immune,Liu_2024_Cancer_Res,NK,JCHAIN,0.0624,0.3221
Immune,Liu_2024_Cancer_Res,NK,KIT,0.0212,0.0371
Immune,Liu_2024_Cancer_Res,NK,KLRD1,0.6196,0.0494
Immune,Liu_2024_Cancer_Res,NK,LILRA4,0.0012,0.0054
Immune,Liu_2024_Cancer_Res,NK,MERTK,0.0024,0.0377
Immune,Liu_2024_Cancer_Res,NK,MS4A1,0.0071,0.0788
Immune,Liu_2024_Cancer_Res,NK,MZB1,0.0483,0.2924
Immune,Liu_2024_Cancer_Res,NK,NCR1,0.1496,0.0048
Immune,Liu_2024_Cancer_Res,NK,NKG7,0.8092,0.1811
Immune,Liu_2024_Cancer_Res,NK,S100A8,0.0165,0.1054
Immune,Liu_2024_Cancer_Res,NK,S100A9,0.0212,0.1295
Immune,Liu_2024_Cancer_Res,NK,SDC1,0.0059,0.1472
Immune,Liu_2024_Cancer_Res,NK,TPSAB1,0.0012,0.0361
Immune,Liu_2024_Cancer_Res,NK,TPSB2,0.0035,0.0349
Immune,Liu_2024_Cancer_Res,NK,VCAN,0.0094,0.0302
Immune,Liu_2024_Cancer_Res,NK,XBP1,0.3333,0.4229
Immune,Liu_2024_Cancer_Res,NK,XCR1,0.0035,0.0021
Immune,Liu_2024_Cancer_Res,Neutrophil,APOE,0.0079,0.0481
Immune,Liu_2024_Cancer_Res,Neutrophil,C1QA,0.0174,0.0657
Immune,Liu_2024_Cancer_Res,Neutrophil,C1QB,0.0201,0.0687
Immune,Liu_2024_Cancer_Res,Neutrophil,C1QC,0.0229,0.0706
Immune,Liu_2024_Cancer_Res,Neutrophil,CD14,0.3003,0.074
Immune,Liu_2024_Cancer_Res,Neutrophil,CD19,0.0008,0.093
Immune,Liu_2024_Cancer_Res,Neutrophil,CD1C,0.0,0.0275
Immune,Liu_2024_Cancer_Res,Neutrophil,CD3D,0.0067,0.4243
Immune,Liu_2024_Cancer_Res,Neutrophil,CD3E,0.0028,0.4491
Immune,Liu_2024_Cancer_Res,Neutrophil,CD4,0.0043,0.1925
Immune,Liu_2024_Cancer_Res,Neutrophil,CD68,0.03,0.1214
Immune,Liu_2024_Cancer_Res,Neutrophil,CD79A,0.0051,0.3039
Immune,Liu_2024_Cancer_Res,Neutrophil,CD79B,0.002,0.2032
Immune,Liu_2024_Cancer_Res,Neutrophil,CD8A,0.0008,0.1126
Immune,Liu_2024_Cancer_Res,Neutrophil,CD8B,0.0,0.0777
Immune,Liu_2024_Cancer_Res,Neutrophil,CLEC10A,0.0012,0.0305
Immune,Liu_2024_Cancer_Res,Neutrophil,CLEC9A,0.002,0.0021
Immune,Liu_2024_Cancer_Res,Neutrophil,CPA3,0.002,0.0355
Immune,Liu_2024_Cancer_Res,Neutrophil,CSF3R,0.8137,0.0401
Immune,Liu_2024_Cancer_Res,Neutrophil,CXCR2,0.3974,0.0045
Immune,Liu_2024_Cancer_Res,Neutrophil,FCER1A,0.0008,0.0226
Immune,Liu_2024_Cancer_Res,Neutrophil,FCGR3B,0.693,0.008
Immune,Liu_2024_Cancer_Res,Neutrophil,FCN1,0.06,0.0273
Immune,Liu_2024_Cancer_Res,Neutrophil,GNLY,0.0016,0.0605
Immune,Liu_2024_Cancer_Res,Neutrophil,IL7R,0.0063,0.3279
Immune,Liu_2024_Cancer_Res,Neutrophil,JCHAIN,0.2545,0.3209
Immune,Liu_2024_Cancer_Res,Neutrophil,KIT,0.0016,0.039
Immune,Liu_2024_Cancer_Res,Neutrophil,KLRD1,0.0004,0.0646
Immune,Liu_2024_Cancer_Res,Neutrophil,LILRA4,0.0004,0.0057
Immune,Liu_2024_Cancer_Res,Neutrophil,MERTK,0.0008,0.0393
Immune,Liu_2024_Cancer_Res,Neutrophil,MS4A1,0.0016,0.0822
Immune,Liu_2024_Cancer_Res,Neutrophil,MZB1,0.0217,0.3044
Immune,Liu_2024_Cancer_Res,Neutrophil,NCR1,0.0,0.0082
Immune,Liu_2024_Cancer_Res,Neutrophil,NKG7,0.002,0.2058
Immune,Liu_2024_Cancer_Res,Neutrophil,S100A8,0.9388,0.0505
Immune,Liu_2024_Cancer_Res,Neutrophil,S100A9,0.9669,0.0739
Immune,Liu_2024_Cancer_Res,Neutrophil,SDC1,0.002,0.1535
Immune,Liu_2024_Cancer_Res,Neutrophil,TPSAB1,0.0047,0.0373
Immune,Liu_2024_Cancer_Res,Neutrophil,TPSB2,0.0012,0.0364
Immune,Liu_2024_Cancer_Res,Neutrophil,VCAN,0.002,0.0315
Immune,Liu_2024_Cancer_Res,Neutrophil,XBP1,0.0663,0.4437
Immune,Liu_2024_Cancer_Res,Neutrophil,XCR1,0.0004,0.0023
Immune,Liu_2024_Cancer_Res,Plasma,APOE,0.016,0.0553
Immune,Liu_2024_Cancer_Res,Plasma,C1QA,0.0206,0.0764
Immune,Liu_2024_Cancer_Res,Plasma,C1QB,0.0226,0.0796
Immune,Liu_2024_Cancer_Res,Plasma,C1QC,0.0238,0.0819
Immune,Liu_2024_Cancer_Res,Plasma,CD14,0.0068,0.1135
Immune,Liu_2024_Cancer_Res,Plasma,CD19,0.1979,0.0519
Immune,Liu_2024_Cancer_Res,Plasma,CD1C,0.0016,0.0336
Immune,Liu_2024_Cancer_Res,Plasma,CD3D,0.0096,0.5246
Immune,Liu_2024_Cancer_Res,Plasma,CD3E,0.0097,0.5552
Immune,Liu_2024_Cancer_Res,Plasma,CD4,0.0026,0.2386
Immune,Liu_2024_Cancer_Res,Plasma,CD68,0.0664,0.1318
Immune,Liu_2024_Cancer_Res,Plasma,CD79A,0.8271,0.112
Immune,Liu_2024_Cancer_Res,Plasma,CD79B,0.4185,0.118
Immune,Liu_2024_Cancer_Res,Plasma,CD8A,0.0009,0.1396
Immune,Liu_2024_Cancer_Res,Plasma,CD8B,0.0009,0.0962
Immune,Liu_2024_Cancer_Res,Plasma,CLEC10A,0.0009,0.0377
Immune,Liu_2024_Cancer_Res,Plasma,CLEC9A,0.0005,0.0026
Immune,Liu_2024_Cancer_Res,Plasma,CPA3,0.0012,0.0439
Immune,Liu_2024_Cancer_Res,Plasma,CSF3R,0.0055,0.1123
Immune,Liu_2024_Cancer_Res,Plasma,CXCR2,0.0018,0.0364
Immune,Liu_2024_Cancer_Res,Plasma,FCER1A,0.0002,0.0281
Immune,Liu_2024_Cancer_Res,Plasma,FCGR3B,0.0028,0.0638
Immune,Liu_2024_Cancer_Res,Plasma,FCN1,0.0002,0.0386
Immune,Liu_2024_Cancer_Res,Plasma,GNLY,0.0025,0.0745
Immune,Liu_2024_Cancer_Res,Plasma,IL7R,0.0101,0.4047
Immune,Liu_2024_Cancer_Res,Plasma,JCHAIN,0.9762,0.1049
Immune,Liu_2024_Cancer_Res,Plasma,KIT,0.0014,0.0482
Immune,Liu_2024_Cancer_Res,Plasma,KLRD1,0.0007,0.0801
Immune,Liu_2024_Cancer_Res,Plasma,LILRA4,0.0002,0.007
Immune,Liu_2024_Cancer_Res,Plasma,MERTK,0.0355,0.0375
Immune,Liu_2024_Cancer_Res,Plasma,MS4A1,0.0089,0.0994
Immune,Liu_2024_Cancer_Res,Plasma,MZB1,0.9694,0.0682
Immune,Liu_2024_Cancer_Res,Plasma,NCR1,0.0,0.0102
Immune,Liu_2024_Cancer_Res,Plasma,NKG7,0.0046,0.2545
Immune,Liu_2024_Cancer_Res,Plasma,S100A8,0.0171,0.1315
Immune,Liu_2024_Cancer_Res,Plasma,S100A9,0.0225,0.161
Immune,Liu_2024_Cancer_Res,Plasma,SDC1,0.5829,0.0034
Immune,Liu_2024_Cancer_Res,Plasma,TPSAB1,0.0018,0.0461
Immune,Liu_2024_Cancer_Res,Plasma,TPSB2,0.0012,0.0449
Immune,Liu_2024_Cancer_Res,Plasma,VCAN,0.0022,0.0386
Immune,Liu_2024_Cancer_Res,Plasma,XBP1,0.9347,0.2559
Immune,Liu_2024_Cancer_Res,Plasma,XCR1,0.0066,0.0007
Immune,MUI_Innsbruck,B,APOE,0.0,0.0192
Immune,MUI_Innsbruck,B,C1QA,0.0031,0.0398
Immune,MUI_Innsbruck,B,C1QB,0.0031,0.0399
Immune,MUI_Innsbruck,B,C1QC,0.0018,0.0436
Immune,MUI_Innsbruck,B,CD14,0.0025,0.2174
Immune,MUI_Innsbruck,B,CD19,0.6671,0.0209
Immune,MUI_Innsbruck,B,CD1C,0.2695,0.0079
Immune,MUI_Innsbruck,B,CD3D,0.0129,0.3091
Immune,MUI_Innsbruck,B,CD3E,0.0246,0.341
Immune,MUI_Innsbruck,B,CD4,0.032,0.3297
Immune,MUI_Innsbruck,B,CD68,0.0037,0.0868
Immune,MUI_Innsbruck,B,CD79A,0.9938,0.1219
Immune,MUI_Innsbruck,B,CD79B,0.3446,0.0304
Immune,MUI_Innsbruck,B,CD8A,0.0098,0.1746
Immune,MUI_Innsbruck,B,CD8B,0.0025,0.0832
Immune,MUI_Innsbruck,B,CLEC10A,0.0,0.0097
Immune,MUI_Innsbruck,B,CLEC9A,0.0,0.0002
Immune,MUI_Innsbruck,B,CPA3,0.0006,0.0109
Immune,MUI_Innsbruck,B,CSF3R,0.0314,0.4856
Immune,MUI_Innsbruck,B,CXCR2,0.0055,0.2294
Immune,MUI_Innsbruck,B,FCER1A,0.0062,0.0169
Immune,MUI_Innsbruck,B,FCGR3B,0.0098,0.2952
Immune,MUI_Innsbruck,B,FCN1,0.0043,0.0907
Immune,MUI_Innsbruck,B,GNLY,0.0031,0.1293
Immune,MUI_Innsbruck,B,IL7R,0.0412,0.3306
Immune,MUI_Innsbruck,B,JCHAIN,0.0277,0.0997
Immune,MUI_Innsbruck,B,KIT,0.0049,0.0198
Immune,MUI_Innsbruck,B,KLRD1,0.0043,0.1475
Immune,MUI_Innsbruck,B,LILRA4,0.0012,0.0024
Immune,MUI_Innsbruck,B,MERTK,0.0006,0.0625
Immune,MUI_Innsbruck,B,MS4A1,0.9951,0.0081
Immune,MUI_Innsbruck,B,MZB1,0.0228,0.1085
Immune,MUI_Innsbruck,B,NCR1,0.0006,0.0606
Immune,MUI_Innsbruck,B,NKG7,0.0068,0.139
Immune,MUI_Innsbruck,B,S100A8,0.0185,0.3697
Immune,MUI_Innsbruck,B,S100A9,0.0105,0.3496
Immune,MUI_Innsbruck,B,SDC1,0.0018,0.0998
Immune,MUI_Innsbruck,B,TPSAB1,0.0006,0.0102
Immune,MUI_Innsbruck,B,TPSB2,0.0006,0.0124
Immune,MUI_Innsbruck,B,VCAN,0.0006,0.0751
Immune,MUI_Innsbruck,B,XBP1,0.1477,0.4441
Immune,MUI_Innsbruck,B,XCR1,0.0,0.0001
Immune,MUI_Innsbruck,CD4 T,APOE,0.0,0.0222
Immune,MUI_Innsbruck,CD4 T,C1QA,0.0,0.0463
Immune,MUI_Innsbruck,CD4 T,C1QB,0.0002,0.0463
Immune,MUI_Innsbruck,CD4 T,C1QC,0.0,0.0506
Immune,MUI_Innsbruck,CD4 T,CD14,0.002,0.2511
Immune,MUI_Innsbruck,CD4 T,CD19,0.0005,0.0681
Immune,MUI_Innsbruck,CD4 T,CD1C,0.0,0.027
Immune,MUI_Innsbruck,CD4 T,CD3D,0.8954,0.1592
Immune,MUI_Innsbruck,CD4 T,CD3E,0.976,0.179
Immune,MUI_Innsbruck,CD4 T,CD4,0.9276,0.1771
Immune,MUI_Innsbruck,CD4 T,CD68,0.0009,0.1004
Immune,MUI_Innsbruck,CD4 T,CD79A,0.0286,0.2003
Immune,MUI_Innsbruck,CD4 T,CD79B,0.0326,0.0507
Immune,MUI_Innsbruck,CD4 T,CD8A,0.1455,0.1702
Immune,MUI_Innsbruck,CD4 T,CD8B,0.0346,0.0887
Immune,MUI_Innsbruck,CD4 T,CLEC10A,0.0,0.0112
Immune,MUI_Innsbruck,CD4 T,CLEC9A,0.0,0.0003
Immune,MUI_Innsbruck,CD4 T,CPA3,0.0015,0.0123
Immune,MUI_Innsbruck,CD4 T,CSF3R,0.0282,0.5572
Immune,MUI_Innsbruck,CD4 T,CXCR2,0.0064,0.2642
Immune,MUI_Innsbruck,CD4 T,FCER1A,0.0,0.02
Immune,MUI_Innsbruck,CD4 T,FCGR3B,0.0079,0.3402
Immune,MUI_Innsbruck,CD4 T,FCN1,0.0018,0.1048
Immune,MUI_Innsbruck,CD4 T,GNLY,0.1057,0.1262
Immune,MUI_Innsbruck,CD4 T,IL7R,0.9705,0.1693
Immune,MUI_Innsbruck,CD4 T,JCHAIN,0.0106,0.1147
Immune,MUI_Innsbruck,CD4 T,KIT,0.0266,0.0173
Immune,MUI_Innsbruck,CD4 T,KLRD1,0.0244,0.1654
Immune,MUI_Innsbruck,CD4 T,LILRA4,0.0002,0.0029
Immune,MUI_Innsbruck,CD4 T,MERTK,0.0015,0.0719
Immune,MUI_Innsbruck,CD4 T,MS4A1,0.0079,0.0735
Immune,MUI_Innsbruck,CD4 T,MZB1,0.0004,0.1269
Immune,MUI_Innsbruck,CD4 T,NCR1,0.0117,0.0675
Immune,MUI_Innsbruck,CD4 T,NKG7,0.0399,0.1522
Immune,MUI_Innsbruck,CD4 T,S100A8,0.0141,0.4255
Immune,MUI_Innsbruck,CD4 T,S100A9,0.0101,0.4026
Immune,MUI_Innsbruck,CD4 T,SDC1,0.0004,0.1154
Immune,MUI_Innsbruck,CD4 T,TPSAB1,0.0004,0.0117
Immune,MUI_Innsbruck,CD4 T,TPSB2,0.0022,0.0139
Immune,MUI_Innsbruck,CD4 T,VCAN,0.0031,0.0862
Immune,MUI_Innsbruck,CD4 T,XBP1,0.3846,0.4377
Immune,MUI_Innsbruck,CD4 T,XCR1,0.0002,0.0
Immune,MUI_Innsbruck,CD8 T,APOE,0.0,0.0207
Immune,MUI_Innsbruck,CD8 T,C1QA,0.0,0.0431
Immune,MUI_Innsbruck,CD8 T,C1QB,0.0,0.0432
Immune,MUI_Innsbruck,CD8 T,C1QC,0.0003,0.0471
Immune,MUI_Innsbruck,CD8 T,CD14,0.003,0.234
Immune,MUI_Innsbruck,CD8 T,CD19,0.0005,0.0635
Immune,MUI_Innsbruck,CD8 T,CD1C,0.0,0.0252
Immune,MUI_Innsbruck,CD8 T,CD3D,0.9214,0.2056
Immune,MUI_Innsbruck,CD8 T,CD3E,0.9965,0.2303
Immune,MUI_Innsbruck,CD8 T,CD4,0.2976,0.3158
Immune,MUI_Innsbruck,CD8 T,CD68,0.0008,0.0936
Immune,MUI_Innsbruck,CD8 T,CD79A,0.0106,0.1911
Immune,MUI_Innsbruck,CD8 T,CD79B,0.0087,0.0528
Immune,MUI_Innsbruck,CD8 T,CD8A,0.9809,0.0523
Immune,MUI_Innsbruck,CD8 T,CD8B,0.5516,0.0131
Immune,MUI_Innsbruck,CD8 T,CLEC10A,0.0,0.0104
Immune,MUI_Innsbruck,CD8 T,CLEC9A,0.0,0.0003
Immune,MUI_Innsbruck,CD8 T,CPA3,0.0005,0.0117
Immune,MUI_Innsbruck,CD8 T,CSF3R,0.0185,0.5225
Immune,MUI_Innsbruck,CD8 T,CXCR2,0.0074,0.2465
Immune,MUI_Innsbruck,CD8 T,FCER1A,0.0,0.0186
Immune,MUI_Innsbruck,CD8 T,FCGR3B,0.009,0.3174
Immune,MUI_Innsbruck,CD8 T,FCN1,0.0008,0.0979
Immune,MUI_Innsbruck,CD8 T,GNLY,0.7092,0.0408
Immune,MUI_Innsbruck,CD8 T,IL7R,0.5712,0.2793
Immune,MUI_Innsbruck,CD8 T,JCHAIN,0.0076,0.108
Immune,MUI_Innsbruck,CD8 T,KIT,0.0169,0.0193
Immune,MUI_Innsbruck,CD8 T,KLRD1,0.6708,0.0658
Immune,MUI_Innsbruck,CD8 T,LILRA4,0.0,0.0027
Immune,MUI_Innsbruck,CD8 T,MERTK,0.0014,0.0671
Immune,MUI_Innsbruck,CD8 T,MS4A1,0.0248,0.0667
Immune,MUI_Innsbruck,CD8 T,MZB1,0.0005,0.1183
Immune,MUI_Innsbruck,CD8 T,NCR1,0.1735,0.0412
Immune,MUI_Innsbruck,CD8 T,NKG7,0.8453,0.0325
Immune,MUI_Innsbruck,CD8 T,S100A8,0.009,0.3982
Immune,MUI_Innsbruck,CD8 T,S100A9,0.006,0.3765
Immune,MUI_Innsbruck,CD8 T,SDC1,0.0008,0.1075
Immune,MUI_Innsbruck,CD8 T,TPSAB1,0.0011,0.0109
Immune,MUI_Innsbruck,CD8 T,TPSB2,0.0008,0.0133
Immune,MUI_Innsbruck,CD8 T,VCAN,0.0011,0.0808
Immune,MUI_Innsbruck,CD8 T,XBP1,0.3753,0.4354
Immune,MUI_Innsbruck,CD8 T,XCR1,0.0,0.0001
Immune,MUI_Innsbruck,Macrophage,APOE,0.4786,0.0019
Immune,MUI_Innsbruck,Macrophage,C1QA,0.9444,0.0058
Immune,MUI_Innsbruck,Macrophage,C1QB,0.9532,0.0055
Immune,MUI_Innsbruck,Macrophage,C1QC,0.9786,0.0082
Immune,MUI_Innsbruck,Macrophage,CD14,0.9279,0.1802
Immune,MUI_Innsbruck,Macrophage,CD19,0.0029,0.0577
Immune,MUI_Innsbruck,Macrophage,CD1C,0.0906,0.0197
Immune,MUI_Innsbruck,Macrophage,CD3D,0.0029,0.3033
Immune,MUI_Innsbruck,Macrophage,CD3E,0.0058,0.3351
Immune,MUI_Innsbruck,Macrophage,CD4,0.9815,0.2899
Immune,MUI_Innsbruck,Macrophage,CD68,0.8821,0.054
Immune,MUI_Innsbruck,Macrophage,CD79A,0.0107,0.1747
Immune,MUI_Innsbruck,Macrophage,CD79B,0.0,0.0491
Immune,MUI_Innsbruck,Macrophage,CD8A,0.0029,0.1715
Immune,MUI_Innsbruck,Macrophage,CD8B,0.0019,0.0816
Immune,MUI_Innsbruck,Macrophage,CLEC10A,0.1296,0.0049
Immune,MUI_Innsbruck,Macrophage,CLEC9A,0.0029,0.0001
Immune,MUI_Innsbruck,Macrophage,CPA3,0.0039,0.0106
Immune,MUI_Innsbruck,Macrophage,CSF3R,0.4045,0.463
Immune,MUI_Innsbruck,Macrophage,CXCR2,0.0058,0.2248
Immune,MUI_Innsbruck,Macrophage,FCER1A,0.0945,0.0136
Immune,MUI_Innsbruck,Macrophage,FCGR3B,0.0107,0.2893
Immune,MUI_Innsbruck,Macrophage,FCN1,0.2612,0.0799
Immune,MUI_Innsbruck,Macrophage,GNLY,0.001,0.1268
Immune,MUI_Innsbruck,Macrophage,IL7R,0.6433,0.3033
Immune,MUI_Innsbruck,Macrophage,JCHAIN,0.0107,0.0988
Immune,MUI_Innsbruck,Macrophage,KIT,0.001,0.0196
Immune,MUI_Innsbruck,Macrophage,KLRD1,0.0078,0.1444
Immune,MUI_Innsbruck,Macrophage,LILRA4,0.0058,0.0022
Immune,MUI_Innsbruck,Macrophage,MERTK,0.8236,0.032
Immune,MUI_Innsbruck,Macrophage,MS4A1,0.0107,0.0634
Immune,MUI_Innsbruck,Macrophage,MZB1,0.0058,0.1074
Immune,MUI_Innsbruck,Macrophage,NCR1,0.001,0.0594
Immune,MUI_Innsbruck,Macrophage,NKG7,0.1228,0.1321
Immune,MUI_Innsbruck,Macrophage,S100A8,0.229,0.355
Immune,MUI_Innsbruck,Macrophage,S100A9,0.3314,0.3312
Immune,MUI_Innsbruck,Macrophage,SDC1,0.0107,0.0974
Immune,MUI_Innsbruck,Macrophage,TPSAB1,0.001,0.01
Immune,MUI_Innsbruck,Macrophage,TPSB2,0.0195,0.0115
Immune,MUI_Innsbruck,Macrophage,VCAN,0.271,0.064
Immune,MUI_Innsbruck,Macrophage,XBP1,0.7388,0.417
Immune,MUI_Innsbruck,Macrophage,XCR1,0.0,0.0001
Immune,MUI_Innsbruck,Mast,APOE,0.0,0.0184
Immune,MUI_Innsbruck,Mast,C1QA,0.0036,0.0382
Immune,MUI_Innsbruck,Mast,C1QB,0.0036,0.0382
Immune,MUI_Innsbruck,Mast,C1QC,0.0072,0.0417
Immune,MUI_Innsbruck,Mast,CD14,0.0072,0.2076
Immune,MUI_Innsbruck,Mast,CD19,0.0072,0.0563
Immune,MUI_Innsbruck,Mast,CD1C,0.0,0.0223
Immune,MUI_Innsbruck,Mast,CD3D,0.0181,0.2956
Immune,MUI_Innsbruck,Mast,CD3E,0.029,0.3266
Immune,MUI_Innsbruck,Mast,CD4,0.5942,0.311
Immune,MUI_Innsbruck,Mast,CD68,0.1196,0.0819
Immune,MUI_Innsbruck,Mast,CD79A,0.0109,0.1706
Immune,MUI_Innsbruck,Mast,CD79B,0.0145,0.0477
Immune,MUI_Innsbruck,Mast,CD8A,0.0036,0.1672
Immune,MUI_Innsbruck,Mast,CD8B,0.0,0.0796
Immune,MUI_Innsbruck,Mast,CLEC10A,0.0,0.0092
Immune,MUI_Innsbruck,Mast,CLEC9A,0.0,0.0002
Immune,MUI_Innsbruck,Mast,CPA3,1.0,0.0011
Immune,MUI_Innsbruck,Mast,CSF3R,0.0145,0.4651
Immune,MUI_Innsbruck,Mast,CXCR2,0.0,0.2193
Immune,MUI_Innsbruck,Mast,FCER1A,0.837,0.0087
Immune,MUI_Innsbruck,Mast,FCGR3B,0.0072,0.2823
Immune,MUI_Innsbruck,Mast,FCN1,0.0,0.0869
Immune,MUI_Innsbruck,Mast,GNLY,0.0217,0.1234
Immune,MUI_Innsbruck,Mast,IL7R,0.0761,0.3172
Immune,MUI_Innsbruck,Mast,JCHAIN,0.0435,0.0962
Immune,MUI_Innsbruck,Mast,KIT,0.9964,0.0099
Immune,MUI_Innsbruck,Mast,KLRD1,0.0471,0.1406
Immune,MUI_Innsbruck,Mast,LILRA4,0.0,0.0024
Immune,MUI_Innsbruck,Mast,MERTK,0.0362,0.0593
Immune,MUI_Innsbruck,Mast,MS4A1,0.0036,0.0621
Immune,MUI_Innsbruck,Mast,MZB1,0.0145,0.1047
Immune,MUI_Innsbruck,Mast,NCR1,0.0109,0.0578
Immune,MUI_Innsbruck,Mast,NKG7,0.0326,0.1327
Immune,MUI_Innsbruck,Mast,S100A8,0.0036,0.3539
Immune,MUI_Innsbruck,Mast,S100A9,0.0072,0.3342
Immune,MUI_Innsbruck,Mast,SDC1,0.0036,0.0953
Immune,MUI_Innsbruck,Mast,TPSAB1,0.9493,0.0009
Immune,MUI_Innsbruck,Mast,TPSB2,1.0,0.0026
Immune,MUI_Innsbruck,Mast,VCAN,0.0109,0.0716
Immune,MUI_Innsbruck,Mast,XBP1,0.8225,0.4244
Immune,MUI_Innsbruck,Mast,XCR1,0.0,0.0001
Immune,MUI_Innsbruck,Monocyte,APOE,0.0177,0.0182
Immune,MUI_Innsbruck,Monocyte,C1QA,0.052,0.037
Immune,MUI_Innsbruck,Monocyte,C1QB,0.0431,0.0376
Immune,MUI_Innsbruck,Monocyte,C1QC,0.0768,0.0393
Immune,MUI_Innsbruck,Monocyte,CD14,0.7933,0.1707
Immune,MUI_Innsbruck,Monocyte,CD19,0.0,0.0592
Immune,MUI_Innsbruck,Monocyte,CD1C,0.0408,0.021
Immune,MUI_Innsbruck,Monocyte,CD3D,0.0071,0.3102
Immune,MUI_Innsbruck,Monocyte,CD3E,0.0106,0.3426
Immune,MUI_Innsbruck,Monocyte,CD4,0.7714,0.2862
Immune,MUI_Innsbruck,Monocyte,CD68,0.5044,0.0571
Immune,MUI_Innsbruck,Monocyte,CD79A,0.0047,0.1789
Immune,MUI_Innsbruck,Monocyte,CD79B,0.0012,0.0502
Immune,MUI_Innsbruck,Monocyte,CD8A,0.0041,0.1753
Immune,MUI_Innsbruck,Monocyte,CD8B,0.0006,0.0835
Immune,MUI_Innsbruck,Monocyte,CLEC10A,0.0632,0.0059
Immune,MUI_Innsbruck,Monocyte,CLEC9A,0.0,0.0002
Immune,MUI_Innsbruck,Monocyte,CPA3,0.0,0.0109
Immune,MUI_Innsbruck,Monocyte,CSF3R,0.7141,0.4459
Immune,MUI_Innsbruck,Monocyte,CXCR2,0.0366,0.2281
Immune,MUI_Innsbruck,Monocyte,FCER1A,0.0266,0.0157
Immune,MUI_Innsbruck,Monocyte,FCGR3B,0.0419,0.294
Immune,MUI_Innsbruck,Monocyte,FCN1,0.8423,0.0409
Immune,MUI_Innsbruck,Monocyte,GNLY,0.0041,0.1296
Immune,MUI_Innsbruck,Monocyte,IL7R,0.3325,0.3139
Immune,MUI_Innsbruck,Monocyte,JCHAIN,0.0065,0.1011
Immune,MUI_Innsbruck,Monocyte,KIT,0.0012,0.0201
Immune,MUI_Innsbruck,Monocyte,KLRD1,0.0715,0.1438
Immune,MUI_Innsbruck,Monocyte,LILRA4,0.0006,0.0025
Immune,MUI_Innsbruck,Monocyte,MERTK,0.2245,0.0492
Immune,MUI_Innsbruck,Monocyte,MS4A1,0.003,0.0651
Immune,MUI_Innsbruck,Monocyte,MZB1,0.0006,0.1101
Immune,MUI_Innsbruck,Monocyte,NCR1,0.0106,0.0602
Immune,MUI_Innsbruck,Monocyte,NKG7,0.0284,0.138
Immune,MUI_Innsbruck,Monocyte,S100A8,0.7112,0.3291
Immune,MUI_Innsbruck,Monocyte,S100A9,0.7153,0.3083
Immune,MUI_Innsbruck,Monocyte,SDC1,0.0006,0.1001
Immune,MUI_Innsbruck,Monocyte,TPSAB1,0.0,0.0102
Immune,MUI_Innsbruck,Monocyte,TPSB2,0.0035,0.0123
Immune,MUI_Innsbruck,Monocyte,VCAN,0.9256,0.02
Immune,MUI_Innsbruck,Monocyte,XBP1,0.8895,0.4004
Immune,MUI_Innsbruck,Monocyte,XCR1,0.0,0.0001
Immune,MUI_Innsbruck,NK,APOE,0.0,0.0183
Immune,MUI_Innsbruck,NK,C1QA,0.0049,0.0381
Immune,MUI_Innsbruck,NK,C1QB,0.0049,0.0381
Immune,MUI_Innsbruck,NK,C1QC,0.0049,0.0416
Immune,MUI_Innsbruck,NK,CD14,0.0,0.2072
Immune,MUI_Innsbruck,NK,CD19,0.0,0.0562
Immune,MUI_Innsbruck,NK,CD1C,0.0,0.0222
Immune,MUI_Innsbruck,NK,CD3D,0.4265,0.2922
Immune,MUI_Innsbruck,NK,CD3E,0.8088,0.3206
Immune,MUI_Innsbruck,NK,CD4,0.0294,0.3155
Immune,MUI_Innsbruck,NK,CD68,0.0,0.0829
Immune,MUI_Innsbruck,NK,CD79A,0.0,0.1702
Immune,MUI_Innsbruck,NK,CD79B,0.0,0.0477
Immune,MUI_Innsbruck,NK,CD8A,0.7402,0.1618
Immune,MUI_Innsbruck,NK,CD8B,0.1912,0.0781
Immune,MUI_Innsbruck,NK,CLEC10A,0.0049,0.0092
Immune,MUI_Innsbruck,NK,CLEC9A,0.0,0.0002
Immune,MUI_Innsbruck,NK,CPA3,0.0049,0.0104
Immune,MUI_Innsbruck,NK,CSF3R,0.0294,0.4639
Immune,MUI_Innsbruck,NK,CXCR2,0.1471,0.2178
Immune,MUI_Innsbruck,NK,FCER1A,0.0049,0.0164
Immune,MUI_Innsbruck,NK,FCGR3B,0.0049,0.2817
Immune,MUI_Innsbruck,NK,FCN1,0.0049,0.0866
Immune,MUI_Innsbruck,NK,GNLY,0.9951,0.1165
Immune,MUI_Innsbruck,NK,IL7R,0.3725,0.3146
Immune,MUI_Innsbruck,NK,JCHAIN,0.0049,0.0964
Immune,MUI_Innsbruck,NK,KIT,0.0588,0.0187
Immune,MUI_Innsbruck,NK,KLRD1,0.9804,0.134
Immune,MUI_Innsbruck,NK,LILRA4,0.0,0.0024
Immune,MUI_Innsbruck,NK,MERTK,0.0,0.0595
Immune,MUI_Innsbruck,NK,MS4A1,0.0049,0.062
Immune,MUI_Innsbruck,NK,MZB1,0.0049,0.1046
Immune,MUI_Innsbruck,NK,NCR1,0.7206,0.0528
Immune,MUI_Innsbruck,NK,NKG7,0.9755,0.126
Immune,MUI_Innsbruck,NK,S100A8,0.0441,0.3528
Immune,MUI_Innsbruck,NK,S100A9,0.0098,0.3334
Immune,MUI_Innsbruck,NK,SDC1,0.0,0.0951
Immune,MUI_Innsbruck,NK,TPSAB1,0.0147,0.0096
Immune,MUI_Innsbruck,NK,TPSB2,0.0049,0.0118
Immune,MUI_Innsbruck,NK,VCAN,0.0147,0.0715
Immune,MUI_Innsbruck,NK,XBP1,0.6373,0.4266
Immune,MUI_Innsbruck,NK,XCR1,0.0,0.0001
Immune,MUI_Innsbruck,Neutrophil,APOE,0.0,0.0301
Immune,MUI_Innsbruck,Neutrophil,C1QA,0.0002,0.0626
Immune,MUI_Innsbruck,Neutrophil,C1QB,0.0003,0.0626
Immune,MUI_Innsbruck,Neutrophil,C1QC,0.0005,0.0682
Immune,MUI_Innsbruck,Neutrophil,CD14,0.3143,0.1346
Immune,MUI_Innsbruck,Neutrophil,CD19,0.0,0.0925
Immune,MUI_Innsbruck,Neutrophil,CD1C,0.0,0.0366
Immune,MUI_Innsbruck,Neutrophil,CD3D,0.0037,0.4831
Immune,MUI_Innsbruck,Neutrophil,CD3E,0.0059,0.5327
Immune,MUI_Innsbruck,Neutrophil,CD4,0.01,0.5129
Immune,MUI_Innsbruck,Neutrophil,CD68,0.0456,0.1064
Immune,MUI_Innsbruck,Neutrophil,CD79A,0.0007,0.2797
Immune,MUI_Innsbruck,Neutrophil,CD79B,0.0001,0.0785
Immune,MUI_Innsbruck,Neutrophil,CD8A,0.0034,0.2723
Immune,MUI_Innsbruck,Neutrophil,CD8B,0.0008,0.13
Immune,MUI_Innsbruck,Neutrophil,CLEC10A,0.0001,0.0151
Immune,MUI_Innsbruck,Neutrophil,CLEC9A,0.0,0.0004
Immune,MUI_Innsbruck,Neutrophil,CPA3,0.0007,0.0167
Immune,MUI_Innsbruck,Neutrophil,CSF3R,0.9823,0.1187
Immune,MUI_Innsbruck,Neutrophil,CXCR2,0.5309,0.0114
Immune,MUI_Innsbruck,Neutrophil,FCER1A,0.0004,0.0268
Immune,MUI_Innsbruck,Neutrophil,FCGR3B,0.6851,0.0136
Immune,MUI_Innsbruck,Neutrophil,FCN1,0.0647,0.1001
Immune,MUI_Innsbruck,Neutrophil,GNLY,0.0034,0.2007
Immune,MUI_Innsbruck,Neutrophil,IL7R,0.0076,0.5167
Immune,MUI_Innsbruck,Neutrophil,JCHAIN,0.0038,0.1561
Immune,MUI_Innsbruck,Neutrophil,KIT,0.001,0.0308
Immune,MUI_Innsbruck,Neutrophil,KLRD1,0.0919,0.1712
Immune,MUI_Innsbruck,Neutrophil,LILRA4,0.0,0.0039
Immune,MUI_Innsbruck,Neutrophil,MERTK,0.003,0.0959
Immune,MUI_Innsbruck,Neutrophil,MS4A1,0.001,0.1013
Immune,MUI_Innsbruck,Neutrophil,MZB1,0.0001,0.172
Immune,MUI_Innsbruck,Neutrophil,NCR1,0.0671,0.051
Immune,MUI_Innsbruck,Neutrophil,NKG7,0.0026,0.2166
Immune,MUI_Innsbruck,Neutrophil,S100A8,0.7374,0.0968
Immune,MUI_Innsbruck,Neutrophil,S100A9,0.6867,0.0978
Immune,MUI_Innsbruck,Neutrophil,SDC1,0.0003,0.1563
Immune,MUI_Innsbruck,Neutrophil,TPSAB1,0.0005,0.0157
Immune,MUI_Innsbruck,Neutrophil,TPSB2,0.0011,0.0188
Immune,MUI_Innsbruck,Neutrophil,VCAN,0.0125,0.1095
Immune,MUI_Innsbruck,Neutrophil,XBP1,0.2389,0.5522
Immune,MUI_Innsbruck,Neutrophil,XCR1,0.0,0.0001
Immune,MUI_Innsbruck,Plasma,APOE,0.0003,0.0203
Immune,MUI_Innsbruck,Plasma,C1QA,0.0003,0.0423
Immune,MUI_Innsbruck,Plasma,C1QB,0.0003,0.0424
Immune,MUI_Innsbruck,Plasma,C1QC,0.0006,0.0462
Immune,MUI_Innsbruck,Plasma,CD14,0.0009,0.2303
Immune,MUI_Innsbruck,Plasma,CD19,0.1803,0.041
Immune,MUI_Innsbruck,Plasma,CD1C,0.0,0.0247
Immune,MUI_Innsbruck,Plasma,CD3D,0.0063,0.3273
Immune,MUI_Innsbruck,Plasma,CD3E,0.0094,0.3614
Immune,MUI_Innsbruck,Plasma,CD4,0.0113,0.3497
Immune,MUI_Innsbruck,Plasma,CD68,0.0025,0.0918
Immune,MUI_Innsbruck,Plasma,CD79A,0.9881,0.0713
Immune,MUI_Innsbruck,Plasma,CD79B,0.2003,0.0292
Immune,MUI_Innsbruck,Plasma,CD8A,0.0041,0.185
Immune,MUI_Innsbruck,Plasma,CD8B,0.0006,0.0882
Immune,MUI_Innsbruck,Plasma,CLEC10A,0.0,0.0102
Immune,MUI_Innsbruck,Plasma,CLEC9A,0.0,0.0003
Immune,MUI_Innsbruck,Plasma,CPA3,0.0,0.0116
Immune,MUI_Innsbruck,Plasma,CSF3R,0.0113,0.5147
Immune,MUI_Innsbruck,Plasma,CXCR2,0.0041,0.2427
Immune,MUI_Innsbruck,Plasma,FCER1A,0.0003,0.0182
Immune,MUI_Innsbruck,Plasma,FCGR3B,0.0084,0.3122
Immune,MUI_Innsbruck,Plasma,FCN1,0.0003,0.0963
Immune,MUI_Innsbruck,Plasma,GNLY,0.0019,0.1369
Immune,MUI_Innsbruck,Plasma,IL7R,0.0091,0.3515
Immune,MUI_Innsbruck,Plasma,JCHAIN,0.8078,0.0108
Immune,MUI_Innsbruck,Plasma,KIT,0.0,0.0213
Immune,MUI_Innsbruck,Plasma,KLRD1,0.0006,0.1563
Immune,MUI_Innsbruck,Plasma,LILRA4,0.0,0.0026
Immune,MUI_Innsbruck,Plasma,MERTK,0.1216,0.0517
Immune,MUI_Innsbruck,Plasma,MS4A1,0.0047,0.0684
Immune,MUI_Innsbruck,Plasma,MZB1,0.9497,0.0029
Immune,MUI_Innsbruck,Plasma,NCR1,0.0003,0.0642
Immune,MUI_Innsbruck,Plasma,NKG7,0.0016,0.1473
Immune,MUI_Innsbruck,Plasma,S100A8,0.0069,0.3917
Immune,MUI_Innsbruck,Plasma,S100A9,0.0031,0.3704
Immune,MUI_Innsbruck,Plasma,SDC1,0.8769,0.0011
Immune,MUI_Innsbruck,Plasma,TPSAB1,0.0009,0.0107
Immune,MUI_Innsbruck,Plasma,TPSB2,0.0016,0.013
Immune,MUI_Innsbruck,Plasma,VCAN,0.0016,0.0794
Immune,MUI_Innsbruck,Plasma,XBP1,0.9991,0.3599
Immune,MUI_Innsbruck,Plasma,XCR1,0.0,0.0001
Immune,Pelka_2021_Cell,B,APOE,0.0201,0.1577
Immune,Pelka_2021_Cell,B,C1QA,0.0203,0.1916
Immune,Pelka_2021_Cell,B,C1QB,0.0243,0.1846
Immune,Pelka_2021_Cell,B,C1QC,0.0137,0.1723
Immune,Pelka_2021_Cell,B,CD14,0.0091,0.2235
Immune,Pelka_2021_Cell,B,CD19,0.2907,0.0236
Immune,Pelka_2021_Cell,B,CD1C,0.1004,0.0275
Immune,Pelka_2021_Cell,B,CD3D,0.0499,0.4406
Immune,Pelka_2021_Cell,B,CD3E,0.0401,0.3876
Immune,Pelka_2021_Cell,B,CD4,0.0104,0.2301
Immune,Pelka_2021_Cell,B,CD68,0.0342,0.2422
Immune,Pelka_2021_Cell,B,CD79A,0.7901,0.1565
Immune,Pelka_2021_Cell,B,CD79B,0.5932,0.1137
Immune,Pelka_2021_Cell,B,CD8A,0.0152,0.1497
Immune,Pelka_2021_Cell,B,CD8B,0.0115,0.0973
Immune,Pelka_2021_Cell,B,CLEC10A,0.001,0.054
Immune,Pelka_2021_Cell,B,CLEC9A,0.0002,0.0038
Immune,Pelka_2021_Cell,B,CPA3,0.001,0.0264
Immune,Pelka_2021_Cell,B,CSF3R,0.0067,0.0899
Immune,Pelka_2021_Cell,B,CXCR2,0.0009,0.0075
Immune,Pelka_2021_Cell,B,FCER1A,0.0002,0.0254
Immune,Pelka_2021_Cell,B,FCGR3B,0.0037,0.0136
Immune,Pelka_2021_Cell,B,FCN1,0.0015,0.0845
Immune,Pelka_2021_Cell,B,GNLY,0.0181,0.1818
Immune,Pelka_2021_Cell,B,IL7R,0.0413,0.3464
Immune,Pelka_2021_Cell,B,JCHAIN,0.4439,0.3127
Immune,Pelka_2021_Cell,B,KIT,0.0006,0.0231
Immune,Pelka_2021_Cell,B,KLRD1,0.0188,0.1812
Immune,Pelka_2021_Cell,B,LILRA4,0.0114,0.0088
Immune,Pelka_2021_Cell,B,MERTK,0.0012,0.085
Immune,Pelka_2021_Cell,B,MS4A1,0.7221,0.0177
Immune,Pelka_2021_Cell,B,MZB1,0.1281,0.2123
Immune,Pelka_2021_Cell,B,NCR1,0.0018,0.0186
Immune,Pelka_2021_Cell,B,NKG7,0.0328,0.3058
Immune,Pelka_2021_Cell,B,S100A8,0.0201,0.1875
Immune,Pelka_2021_Cell,B,S100A9,0.0304,0.2582
Immune,Pelka_2021_Cell,B,SDC1,0.0064,0.0899
Immune,Pelka_2021_Cell,B,TPSAB1,0.0044,0.0312
Immune,Pelka_2021_Cell,B,TPSB2,0.006,0.0345
Immune,Pelka_2021_Cell,B,VCAN,0.0017,0.1048
Immune,Pelka_2021_Cell,B,XBP1,0.1192,0.4186
Immune,Pelka_2021_Cell,B,XCR1,0.0003,0.0041
Immune,Pelka_2021_Cell,CD4 T,APOE,0.0265,0.1715
Immune,Pelka_2021_Cell,CD4 T,C1QA,0.0226,0.2101
Immune,Pelka_2021_Cell,CD4 T,C1QB,0.0224,0.2029
Immune,Pelka_2021_Cell,CD4 T,C1QC,0.0146,0.1898
Immune,Pelka_2021_Cell,CD4 T,CD14,0.009,0.2474
Immune,Pelka_2021_Cell,CD4 T,CD19,0.0015,0.0634
Immune,Pelka_2021_Cell,CD4 T,CD1C,0.0009,0.0433
Immune,Pelka_2021_Cell,CD4 T,CD3D,0.8852,0.2833
Immune,Pelka_2021_Cell,CD4 T,CD3E,0.7486,0.2559
Immune,Pelka_2021_Cell,CD4 T,CD4,0.2728,0.1914
Immune,Pelka_2021_Cell,CD4 T,CD68,0.0162,0.2697
Immune,Pelka_2021_Cell,CD4 T,CD79A,0.0295,0.269
Immune,Pelka_2021_Cell,CD4 T,CD79B,0.1386,0.1698
Immune,Pelka_2021_Cell,CD4 T,CD8A,0.0201,0.1634
Immune,Pelka_2021_Cell,CD4 T,CD8B,0.0101,0.1072
Immune,Pelka_2021_Cell,CD4 T,CLEC10A,0.0009,0.0599
Immune,Pelka_2021_Cell,CD4 T,CLEC9A,0.0001,0.0042
Immune,Pelka_2021_Cell,CD4 T,CPA3,0.0013,0.0292
Immune,Pelka_2021_Cell,CD4 T,CSF3R,0.0087,0.0987
Immune,Pelka_2021_Cell,CD4 T,CXCR2,0.0012,0.0081
Immune,Pelka_2021_Cell,CD4 T,FCER1A,0.0007,0.028
Immune,Pelka_2021_Cell,CD4 T,FCGR3B,0.0039,0.0146
Immune,Pelka_2021_Cell,CD4 T,FCN1,0.0014,0.0938
Immune,Pelka_2021_Cell,CD4 T,GNLY,0.0948,0.1816
Immune,Pelka_2021_Cell,CD4 T,IL7R,0.6681,0.2296
Immune,Pelka_2021_Cell,CD4 T,JCHAIN,0.1652,0.3651
Immune,Pelka_2021_Cell,CD4 T,KIT,0.0036,0.0248
Immune,Pelka_2021_Cell,CD4 T,KLRD1,0.0304,0.1964
Immune,Pelka_2021_Cell,CD4 T,LILRA4,0.0,0.0113
Immune,Pelka_2021_Cell,CD4 T,MERTK,0.0025,0.094
Immune,Pelka_2021_Cell,CD4 T,MS4A1,0.0059,0.1116
Immune,Pelka_2021_Cell,CD4 T,MZB1,0.0709,0.2354
Immune,Pelka_2021_Cell,CD4 T,NCR1,0.0037,0.02
Immune,Pelka_2021_Cell,CD4 T,NKG7,0.1065,0.3184
Immune,Pelka_2021_Cell,CD4 T,S100A8,0.0226,0.2055
Immune,Pelka_2021_Cell,CD4 T,S100A9,0.0379,0.2817
Immune,Pelka_2021_Cell,CD4 T,SDC1,0.0065,0.0991
Immune,Pelka_2021_Cell,CD4 T,TPSAB1,0.0027,0.0346
Immune,Pelka_2021_Cell,CD4 T,TPSB2,0.0044,0.0381
Immune,Pelka_2021_Cell,CD4 T,VCAN,0.0022,0.1162
Immune,Pelka_2021_Cell,CD4 T,XBP1,0.1882,0.4353
Immune,Pelka_2021_Cell,CD4 T,XCR1,0.0001,0.0046
Immune,Pelka_2021_Cell,CD8 T,APOE,0.0233,0.1684
Immune,Pelka_2021_Cell,CD8 T,C1QA,0.0223,0.2054
Immune,Pelka_2021_Cell,CD8 T,C1QB,0.0249,0.1978
Immune,Pelka_2021_Cell,CD8 T,C1QC,0.0158,0.185
Immune,Pelka_2021_Cell,CD8 T,CD14,0.0088,0.2413
Immune,Pelka_2021_Cell,CD8 T,CD19,0.0018,0.0618
Immune,Pelka_2021_Cell,CD8 T,CD1C,0.0009,0.0422
Immune,Pelka_2021_Cell,CD8 T,CD3D,0.9127,0.2929
Immune,Pelka_2021_Cell,CD8 T,CD3E,0.7684,0.2644
Immune,Pelka_2021_Cell,CD8 T,CD4,0.0189,0.2465
Immune,Pelka_2021_Cell,CD8 T,CD68,0.0152,0.2634
Immune,Pelka_2021_Cell,CD8 T,CD79A,0.0164,0.2655
Immune,Pelka_2021_Cell,CD8 T,CD79B,0.0428,0.189
Immune,Pelka_2021_Cell,CD8 T,CD8A,0.6431,0.0298
Immune,Pelka_2021_Cell,CD8 T,CD8B,0.4394,0.0152
Immune,Pelka_2021_Cell,CD8 T,CLEC10A,0.0011,0.0583
Immune,Pelka_2021_Cell,CD8 T,CLEC9A,0.0002,0.0041
Immune,Pelka_2021_Cell,CD8 T,CPA3,0.0008,0.0286
Immune,Pelka_2021_Cell,CD8 T,CSF3R,0.0099,0.0961
Immune,Pelka_2021_Cell,CD8 T,CXCR2,0.0015,0.0079
Immune,Pelka_2021_Cell,CD8 T,FCER1A,0.0003,0.0274
Immune,Pelka_2021_Cell,CD8 T,FCGR3B,0.0046,0.0142
Immune,Pelka_2021_Cell,CD8 T,FCN1,0.0014,0.0914
Immune,Pelka_2021_Cell,CD8 T,GNLY,0.4711,0.1008
Immune,Pelka_2021_Cell,CD8 T,IL7R,0.2636,0.3252
Immune,Pelka_2021_Cell,CD8 T,JCHAIN,0.1484,0.3635
Immune,Pelka_2021_Cell,CD8 T,KIT,0.0049,0.024
Immune,Pelka_2021_Cell,CD8 T,KLRD1,0.5857,0.0763
Immune,Pelka_2021_Cell,CD8 T,LILRA4,0.0001,0.011
Immune,Pelka_2021_Cell,CD8 T,MERTK,0.0008,0.0921
Immune,Pelka_2021_Cell,CD8 T,MS4A1,0.0101,0.108
Immune,Pelka_2021_Cell,CD8 T,MZB1,0.0867,0.2279
Immune,Pelka_2021_Cell,CD8 T,NCR1,0.0408,0.0119
Immune,Pelka_2021_Cell,CD8 T,NKG7,0.7963,0.169
Immune,Pelka_2021_Cell,CD8 T,S100A8,0.0231,0.2007
Immune,Pelka_2021_Cell,CD8 T,S100A9,0.0332,0.2764
Immune,Pelka_2021_Cell,CD8 T,SDC1,0.0058,0.0969
Immune,Pelka_2021_Cell,CD8 T,TPSAB1,0.0019,0.0339
Immune,Pelka_2021_Cell,CD8 T,TPSB2,0.0041,0.0373
Immune,Pelka_2021_Cell,CD8 T,VCAN,0.0024,0.1132
Immune,Pelka_2021_Cell,CD8 T,XBP1,0.1996,0.4266
Immune,Pelka_2021_Cell,CD8 T,XCR1,0.0001,0.0044
Immune,Pelka_2021_Cell,Dendritic cell,APOE,0.0473,0.1437
Immune,Pelka_2021_Cell,Dendritic cell,C1QA,0.3514,0.1733
Immune,Pelka_2021_Cell,Dendritic cell,C1QB,0.2905,0.1676
Immune,Pelka_2021_Cell,Dendritic cell,C1QC,0.2297,0.1556
Immune,Pelka_2021_Cell,Dendritic cell,CD14,0.2872,0.2009
Immune,Pelka_2021_Cell,Dendritic cell,CD19,0.0236,0.0515
Immune,Pelka_2021_Cell,Dendritic cell,CD1C,0.8851,0.0328
Immune,Pelka_2021_Cell,Dendritic cell,CD3D,0.0811,0.4008
Immune,Pelka_2021_Cell,Dendritic cell,CD3E,0.0946,0.3521
Immune,Pelka_2021_Cell,Dendritic cell,CD4,0.598,0.2061
Immune,Pelka_2021_Cell,Dendritic cell,CD68,0.5372,0.2197
Immune,Pelka_2021_Cell,Dendritic cell,CD79A,0.0473,0.223
Immune,Pelka_2021_Cell,Dendritic cell,CD79B,0.0541,0.164
Immune,Pelka_2021_Cell,Dendritic cell,CD8A,0.0236,0.136
Immune,Pelka_2021_Cell,Dendritic cell,CD8B,0.0068,0.0886
Immune,Pelka_2021_Cell,Dendritic cell,CLEC10A,0.8615,0.0463
Immune,Pelka_2021_Cell,Dendritic cell,CLEC9A,0.0743,0.0033
Immune,Pelka_2021_Cell,Dendritic cell,CPA3,0.0,0.0238
Immune,Pelka_2021_Cell,Dendritic cell,CSF3R,0.3649,0.0805
Immune,Pelka_2021_Cell,Dendritic cell,CXCR2,0.0304,0.0067
Immune,Pelka_2021_Cell,Dendritic cell,FCER1A,0.8784,0.0204
Immune,Pelka_2021_Cell,Dendritic cell,FCGR3B,0.0034,0.0126
Immune,Pelka_2021_Cell,Dendritic cell,FCN1,0.2534,0.0754
Immune,Pelka_2021_Cell,Dendritic cell,GNLY,0.0203,0.1651
Immune,Pelka_2021_Cell,Dendritic cell,IL7R,0.2331,0.3148
Immune,Pelka_2021_Cell,Dendritic cell,JCHAIN,0.3041,0.3264
Immune,Pelka_2021_Cell,Dendritic cell,KIT,0.0473,0.0206
Immune,Pelka_2021_Cell,Dendritic cell,KLRD1,0.0101,0.1646
Immune,Pelka_2021_Cell,Dendritic cell,LILRA4,0.0304,0.009
Immune,Pelka_2021_Cell,Dendritic cell,MERTK,0.0034,0.0765
Immune,Pelka_2021_Cell,Dendritic cell,MS4A1,0.0304,0.0913
Immune,Pelka_2021_Cell,Dendritic cell,MZB1,0.0372,0.2039
Immune,Pelka_2021_Cell,Dendritic cell,NCR1,0.0,0.0169
Immune,Pelka_2021_Cell,Dendritic cell,NKG7,0.1014,0.2778
Immune,Pelka_2021_Cell,Dendritic cell,S100A8,0.0845,0.1703
Immune,Pelka_2021_Cell,Dendritic cell,S100A9,0.2601,0.2344
Immune,Pelka_2021_Cell,Dendritic cell,SDC1,0.0135,0.0813
Immune,Pelka_2021_Cell,Dendritic cell,TPSAB1,0.0034,0.0285
Immune,Pelka_2021_Cell,Dendritic cell,TPSB2,0.0169,0.0316
Immune,Pelka_2021_Cell,Dendritic cell,VCAN,0.0709,0.0942
Immune,Pelka_2021_Cell,Dendritic cell,XBP1,0.6351,0.3867
Immune,Pelka_2021_Cell,Dendritic cell,XCR1,0.0507,0.0036
Immune,Pelka_2021_Cell,Macrophage,APOE,0.7225,0.0473
Immune,Pelka_2021_Cell,Macrophage,C1QA,0.9405,0.0465
Immune,Pelka_2021_Cell,Macrophage,C1QB,0.9248,0.0423
Immune,Pelka_2021_Cell,Macrophage,C1QC,0.912,0.0303
Immune,Pelka_2021_Cell,Macrophage,CD14,0.8183,0.0988
Immune,Pelka_2021_Cell,Macrophage,CD19,0.0122,0.0579
Immune,Pelka_2021_Cell,Macrophage,CD1C,0.0747,0.0285
Immune,Pelka_2021_Cell,Macrophage,CD3D,0.0644,0.4556
Immune,Pelka_2021_Cell,Macrophage,CD3E,0.0492,0.4015
Immune,Pelka_2021_Cell,Macrophage,CD4,0.66,0.132
Immune,Pelka_2021_Cell,Macrophage,CD68,0.8649,0.1136
Immune,Pelka_2021_Cell,Macrophage,CD79A,0.0237,0.2556
Immune,Pelka_2021_Cell,Macrophage,CD79B,0.0261,0.1866
Immune,Pelka_2021_Cell,Macrophage,CD8A,0.0189,0.155
Immune,Pelka_2021_Cell,Macrophage,CD8B,0.0111,0.1012
Immune,Pelka_2021_Cell,Macrophage,CLEC10A,0.1886,0.0252
Immune,Pelka_2021_Cell,Macrophage,CLEC9A,0.0092,0.0025
Immune,Pelka_2021_Cell,Macrophage,CPA3,0.0027,0.0273
Immune,Pelka_2021_Cell,Macrophage,CSF3R,0.2501,0.0532
Immune,Pelka_2021_Cell,Macrophage,CXCR2,0.0154,0.0053
Immune,Pelka_2021_Cell,Macrophage,FCER1A,0.0446,0.0191
Immune,Pelka_2021_Cell,Macrophage,FCGR3B,0.0119,0.0127
Immune,Pelka_2021_Cell,Macrophage,FCN1,0.0688,0.077
Immune,Pelka_2021_Cell,Macrophage,GNLY,0.0449,0.1846
Immune,Pelka_2021_Cell,Macrophage,IL7R,0.4305,0.2953
Immune,Pelka_2021_Cell,Macrophage,JCHAIN,0.2347,0.3416
Immune,Pelka_2021_Cell,Macrophage,KIT,0.0013,0.0239
Immune,Pelka_2021_Cell,Macrophage,KLRD1,0.0208,0.188
Immune,Pelka_2021_Cell,Macrophage,LILRA4,0.0092,0.0091
Immune,Pelka_2021_Cell,Macrophage,MERTK,0.4003,0.0225
Immune,Pelka_2021_Cell,Macrophage,MS4A1,0.0143,0.1039
Immune,Pelka_2021_Cell,Macrophage,MZB1,0.0351,0.2314
Immune,Pelka_2021_Cell,Macrophage,NCR1,0.0021,0.0193
Immune,Pelka_2021_Cell,Macrophage,NKG7,0.222,0.2865
Immune,Pelka_2021_Cell,Macrophage,S100A8,0.3848,0.1344
Immune,Pelka_2021_Cell,Macrophage,S100A9,0.712,0.1552
Immune,Pelka_2021_Cell,Macrophage,SDC1,0.0187,0.0915
Immune,Pelka_2021_Cell,Macrophage,TPSAB1,0.0163,0.0304
Immune,Pelka_2021_Cell,Macrophage,TPSB2,0.0242,0.0328
Immune,Pelka_2021_Cell,Macrophage,VCAN,0.1502,0.0848
Immune,Pelka_2021_Cell,Macrophage,XBP1,0.5042,0.368
Immune,Pelka_2021_Cell,Macrophage,XCR1,0.0006,0.0042
Immune,Pelka_2021_Cell,Mast,APOE,0.1636,0.1429
Immune,Pelka_2021_Cell,Mast,C1QA,0.0298,0.1771
Immune,Pelka_2021_Cell,Mast,C1QB,0.027,0.1712
Immune,Pelka_2021_Cell,Mast,C1QC,0.0185,0.159
Immune,Pelka_2021_Cell,Mast,CD14,0.0197,0.2054
Immune,Pelka_2021_Cell,Mast,CD19,0.0073,0.0524
Immune,Pelka_2021_Cell,Mast,CD1C,0.0052,0.0358
Immune,Pelka_2021_Cell,Mast,CD3D,0.0314,0.4084
Immune,Pelka_2021_Cell,Mast,CD3E,0.0205,0.359
Immune,Pelka_2021_Cell,Mast,CD4,0.0435,0.211
Immune,Pelka_2021_Cell,Mast,CD68,0.1704,0.2217
Immune,Pelka_2021_Cell,Mast,CD79A,0.0451,0.2266
Immune,Pelka_2021_Cell,Mast,CD79B,0.0745,0.1658
Immune,Pelka_2021_Cell,Mast,CD8A,0.0113,0.1385
Immune,Pelka_2021_Cell,Mast,CD8B,0.0028,0.0904
Immune,Pelka_2021_Cell,Mast,CLEC10A,0.0032,0.0495
Immune,Pelka_2021_Cell,Mast,CLEC9A,0.0004,0.0035
Immune,Pelka_2021_Cell,Mast,CPA3,0.9541,0.0023
Immune,Pelka_2021_Cell,Mast,CSF3R,0.0073,0.083
Immune,Pelka_2021_Cell,Mast,CXCR2,0.0032,0.0069
Immune,Pelka_2021_Cell,Mast,FCER1A,0.33,0.0157
Immune,Pelka_2021_Cell,Mast,FCGR3B,0.0044,0.0127
Immune,Pelka_2021_Cell,Mast,FCN1,0.0008,0.0776
Immune,Pelka_2021_Cell,Mast,GNLY,0.0141,0.1682
Immune,Pelka_2021_Cell,Mast,IL7R,0.0387,0.3209
Immune,Pelka_2021_Cell,Mast,JCHAIN,0.2333,0.3285
Immune,Pelka_2021_Cell,Mast,KIT,0.6982,0.0051
Immune,Pelka_2021_Cell,Mast,KLRD1,0.0105,0.1678
Immune,Pelka_2021_Cell,Mast,LILRA4,0.0012,0.0093
Immune,Pelka_2021_Cell,Mast,MERTK,0.0101,0.0778
Immune,Pelka_2021_Cell,Mast,MS4A1,0.0073,0.0931
Immune,Pelka_2021_Cell,Mast,MZB1,0.0564,0.2069
Immune,Pelka_2021_Cell,Mast,NCR1,0.0008,0.0172
Immune,Pelka_2021_Cell,Mast,NKG7,0.1793,0.2796
Immune,Pelka_2021_Cell,Mast,S100A8,0.025,0.1734
Immune,Pelka_2021_Cell,Mast,S100A9,0.0302,0.2391
Immune,Pelka_2021_Cell,Mast,SDC1,0.0218,0.0825
Immune,Pelka_2021_Cell,Mast,TPSAB1,0.9879,0.0063
Immune,Pelka_2021_Cell,Mast,TPSB2,0.9674,0.01
Immune,Pelka_2021_Cell,Mast,VCAN,0.002,0.0962
Immune,Pelka_2021_Cell,Mast,XBP1,0.3336,0.3886
Immune,Pelka_2021_Cell,Mast,XCR1,0.0,0.0038
Immune,Pelka_2021_Cell,Monocyte,APOE,0.1221,0.1454
Immune,Pelka_2021_Cell,Monocyte,C1QA,0.1184,0.1791
Immune,Pelka_2021_Cell,Monocyte,C1QB,0.0776,0.1765
Immune,Pelka_2021_Cell,Monocyte,C1QC,0.068,0.1642
Immune,Pelka_2021_Cell,Monocyte,CD14,0.7288,0.1509
Immune,Pelka_2021_Cell,Monocyte,CD19,0.005,0.0558
Immune,Pelka_2021_Cell,Monocyte,CD1C,0.0423,0.0344
Immune,Pelka_2021_Cell,Monocyte,CD3D,0.0528,0.433
Immune,Pelka_2021_Cell,Monocyte,CD3E,0.0367,0.3814
Immune,Pelka_2021_Cell,Monocyte,CD4,0.3276,0.1957
Immune,Pelka_2021_Cell,Monocyte,CD68,0.6373,0.1809
Immune,Pelka_2021_Cell,Monocyte,CD79A,0.0129,0.2425
Immune,Pelka_2021_Cell,Monocyte,CD79B,0.0273,0.1767
Immune,Pelka_2021_Cell,Monocyte,CD8A,0.0161,0.147
Immune,Pelka_2021_Cell,Monocyte,CD8B,0.0088,0.096
Immune,Pelka_2021_Cell,Monocyte,CLEC10A,0.1158,0.042
Immune,Pelka_2021_Cell,Monocyte,CLEC9A,0.0009,0.0037
Immune,Pelka_2021_Cell,Monocyte,CPA3,0.002,0.0258
Immune,Pelka_2021_Cell,Monocyte,CSF3R,0.2884,0.0615
Immune,Pelka_2021_Cell,Monocyte,CXCR2,0.009,0.0066
Immune,Pelka_2021_Cell,Monocyte,FCER1A,0.0159,0.0234
Immune,Pelka_2021_Cell,Monocyte,FCGR3B,0.0087,0.0129
Immune,Pelka_2021_Cell,Monocyte,FCN1,0.6696,0.0193
Immune,Pelka_2021_Cell,Monocyte,GNLY,0.0336,0.1772
Immune,Pelka_2021_Cell,Monocyte,IL7R,0.2202,0.3236
Immune,Pelka_2021_Cell,Monocyte,JCHAIN,0.1419,0.344
Immune,Pelka_2021_Cell,Monocyte,KIT,0.0011,0.0226
Immune,Pelka_2021_Cell,Monocyte,KLRD1,0.0176,0.1782
Immune,Pelka_2021_Cell,Monocyte,LILRA4,0.0033,0.0096
Immune,Pelka_2021_Cell,Monocyte,MERTK,0.1186,0.0723
Immune,Pelka_2021_Cell,Monocyte,MS4A1,0.0131,0.0986
Immune,Pelka_2021_Cell,Monocyte,MZB1,0.0162,0.2213
Immune,Pelka_2021_Cell,Monocyte,NCR1,0.0043,0.018
Immune,Pelka_2021_Cell,Monocyte,NKG7,0.127,0.2916
Immune,Pelka_2021_Cell,Monocyte,S100A8,0.9029,0.1002
Immune,Pelka_2021_Cell,Monocyte,S100A9,0.944,0.1668
Immune,Pelka_2021_Cell,Monocyte,SDC1,0.0065,0.0883
Immune,Pelka_2021_Cell,Monocyte,TPSAB1,0.0037,0.0307
Immune,Pelka_2021_Cell,Monocyte,TPSB2,0.0069,0.0339
Immune,Pelka_2021_Cell,Monocyte,VCAN,0.7413,0.0324
Immune,Pelka_2021_Cell,Monocyte,XBP1,0.53,0.3738
Immune,Pelka_2021_Cell,Monocyte,XCR1,0.0006,0.004
Immune,Pelka_2021_Cell,NK,APOE,0.0382,0.1489
Immune,Pelka_2021_Cell,NK,C1QA,0.0268,0.1814
Immune,Pelka_2021_Cell,NK,C1QB,0.0281,0.1752
Immune,Pelka_2021_Cell,NK,C1QC,0.0147,0.1631
Immune,Pelka_2021_Cell,NK,CD14,0.0092,0.2111
Immune,Pelka_2021_Cell,NK,CD19,0.0018,0.054
Immune,Pelka_2021_Cell,NK,CD1C,0.0059,0.0366
Immune,Pelka_2021_Cell,NK,CD3D,0.0686,0.4171
Immune,Pelka_2021_Cell,NK,CD3E,0.3186,0.3531
Immune,Pelka_2021_Cell,NK,CD4,0.0296,0.2164
Immune,Pelka_2021_Cell,NK,CD68,0.0426,0.2298
Immune,Pelka_2021_Cell,NK,CD79A,0.0182,0.2332
Immune,Pelka_2021_Cell,NK,CD79B,0.045,0.1699
Immune,Pelka_2021_Cell,NK,CD8A,0.0476,0.1402
Immune,Pelka_2021_Cell,NK,CD8B,0.0121,0.0923
Immune,Pelka_2021_Cell,NK,CLEC10A,0.0046,0.0507
Immune,Pelka_2021_Cell,NK,CLEC9A,0.0199,0.0026
Immune,Pelka_2021_Cell,NK,CPA3,0.0015,0.0249
Immune,Pelka_2021_Cell,NK,CSF3R,0.0083,0.085
Immune,Pelka_2021_Cell,NK,CXCR2,0.0116,0.0065
Immune,Pelka_2021_Cell,NK,FCER1A,0.0026,0.0238
Immune,Pelka_2021_Cell,NK,FCGR3B,0.004,0.013
Immune,Pelka_2021_Cell,NK,FCN1,0.0013,0.0797
Immune,Pelka_2021_Cell,NK,GNLY,0.6831,0.1378
Immune,Pelka_2021_Cell,NK,IL7R,0.2107,0.32
Immune,Pelka_2021_Cell,NK,JCHAIN,0.1471,0.3357
Immune,Pelka_2021_Cell,NK,KIT,0.0156,0.021
Immune,Pelka_2021_Cell,NK,KLRD1,0.6583,0.1386
Immune,Pelka_2021_Cell,NK,LILRA4,0.0017,0.0095
Immune,Pelka_2021_Cell,NK,MERTK,0.0081,0.0798
Immune,Pelka_2021_Cell,NK,MS4A1,0.0079,0.0955
Immune,Pelka_2021_Cell,NK,MZB1,0.064,0.2107
Immune,Pelka_2021_Cell,NK,NCR1,0.1274,0.0111
Immune,Pelka_2021_Cell,NK,NKG7,0.7221,0.2542
Immune,Pelka_2021_Cell,NK,S100A8,0.0241,0.1776
Immune,Pelka_2021_Cell,NK,S100A9,0.0414,0.2444
Immune,Pelka_2021_Cell,NK,SDC1,0.0068,0.085
Immune,Pelka_2021_Cell,NK,TPSAB1,0.0037,0.0297
Immune,Pelka_2021_Cell,NK,TPSB2,0.0046,0.0329
Immune,Pelka_2021_Cell,NK,VCAN,0.0064,0.0986
Immune,Pelka_2021_Cell,NK,XBP1,0.2643,0.3938
Immune,Pelka_2021_Cell,NK,XCR1,0.007,0.0035
Immune,Pelka_2021_Cell,Neutrophil,APOE,0.0223,0.1451
Immune,Pelka_2021_Cell,Neutrophil,C1QA,0.0178,0.176
Immune,Pelka_2021_Cell,Neutrophil,C1QB,0.0127,0.1702
Immune,Pelka_2021_Cell,Neutrophil,C1QC,0.007,0.158
Immune,Pelka_2021_Cell,Neutrophil,CD14,0.1797,0.2015
Immune,Pelka_2021_Cell,Neutrophil,CD19,0.0006,0.0522
Immune,Pelka_2021_Cell,Neutrophil,CD1C,0.0,0.0356
Immune,Pelka_2021_Cell,Neutrophil,CD3D,0.0172,0.4054
Immune,Pelka_2021_Cell,Neutrophil,CD3E,0.0076,0.3564
Immune,Pelka_2021_Cell,Neutrophil,CD4,0.0038,0.2101
Immune,Pelka_2021_Cell,Neutrophil,CD68,0.1256,0.2219
Immune,Pelka_2021_Cell,Neutrophil,CD79A,0.0038,0.2257
Immune,Pelka_2021_Cell,Neutrophil,CD79B,0.0019,0.1661
Immune,Pelka_2021_Cell,Neutrophil,CD8A,0.0045,0.1375
Immune,Pelka_2021_Cell,Neutrophil,CD8B,0.0006,0.0896
Immune,Pelka_2021_Cell,Neutrophil,CLEC10A,0.0,0.0492
Immune,Pelka_2021_Cell,Neutrophil,CLEC9A,0.0032,0.0035
Immune,Pelka_2021_Cell,Neutrophil,CPA3,0.0013,0.0241
Immune,Pelka_2021_Cell,Neutrophil,CSF3R,0.4742,0.0756
Immune,Pelka_2021_Cell,Neutrophil,CXCR2,0.1039,0.0054
Immune,Pelka_2021_Cell,Neutrophil,FCER1A,0.0006,0.0231
Immune,Pelka_2021_Cell,Neutrophil,FCGR3B,0.4557,0.0061
Immune,Pelka_2021_Cell,Neutrophil,FCN1,0.0319,0.0765
Immune,Pelka_2021_Cell,Neutrophil,GNLY,0.0115,0.167
Immune,Pelka_2021_Cell,Neutrophil,IL7R,0.0178,0.3189
Immune,Pelka_2021_Cell,Neutrophil,JCHAIN,0.0395,0.3305
Immune,Pelka_2021_Cell,Neutrophil,KIT,0.0,0.021
Immune,Pelka_2021_Cell,Neutrophil,KLRD1,0.0096,0.1665
Immune,Pelka_2021_Cell,Neutrophil,LILRA4,0.0,0.0092
Immune,Pelka_2021_Cell,Neutrophil,MERTK,0.0019,0.0774
Immune,Pelka_2021_Cell,Neutrophil,MS4A1,0.0064,0.0924
Immune,Pelka_2021_Cell,Neutrophil,MZB1,0.0032,0.2064
Immune,Pelka_2021_Cell,Neutrophil,NCR1,0.0019,0.0171
Immune,Pelka_2021_Cell,Neutrophil,NKG7,0.0153,0.2811
Immune,Pelka_2021_Cell,Neutrophil,S100A8,0.7126,0.1622
Immune,Pelka_2021_Cell,Neutrophil,S100A9,0.7623,0.2268
Immune,Pelka_2021_Cell,Neutrophil,SDC1,0.0006,0.0823
Immune,Pelka_2021_Cell,Neutrophil,TPSAB1,0.0019,0.0288
Immune,Pelka_2021_Cell,Neutrophil,TPSB2,0.0019,0.032
Immune,Pelka_2021_Cell,Neutrophil,VCAN,0.0064,0.0954
Immune,Pelka_2021_Cell,Neutrophil,XBP1,0.0994,0.3916
Immune,Pelka_2021_Cell,Neutrophil,XCR1,0.0,0.0037
Immune,Pelka_2021_Cell,Plasma,APOE,0.0442,0.16
Immune,Pelka_2021_Cell,Plasma,C1QA,0.0467,0.195
Immune,Pelka_2021_Cell,Plasma,C1QB,0.0467,0.1882
Immune,Pelka_2021_Cell,Plasma,C1QC,0.0266,0.1774
Immune,Pelka_2021_Cell,Plasma,CD14,0.0215,0.2312
Immune,Pelka_2021_Cell,Plasma,CD19,0.1193,0.0401
Immune,Pelka_2021_Cell,Plasma,CD1C,0.0061,0.0399
Immune,Pelka_2021_Cell,Plasma,CD3D,0.1476,0.442
Immune,Pelka_2021_Cell,Plasma,CD3E,0.1124,0.3913
Immune,Pelka_2021_Cell,Plasma,CD4,0.0367,0.2357
Immune,Pelka_2021_Cell,Plasma,CD68,0.0408,0.2506
Immune,Pelka_2021_Cell,Plasma,CD79A,0.8451,0.1186
Immune,Pelka_2021_Cell,Plasma,CD79B,0.3712,0.1291
Immune,Pelka_2021_Cell,Plasma,CD8A,0.0437,0.151
Immune,Pelka_2021_Cell,Plasma,CD8B,0.0237,0.0992
Immune,Pelka_2021_Cell,Plasma,CLEC10A,0.0044,0.0558
Immune,Pelka_2021_Cell,Plasma,CLEC9A,0.0004,0.0039
Immune,Pelka_2021_Cell,Plasma,CPA3,0.0053,0.0268
Immune,Pelka_2021_Cell,Plasma,CSF3R,0.0115,0.0929
Immune,Pelka_2021_Cell,Plasma,CXCR2,0.0018,0.0076
Immune,Pelka_2021_Cell,Plasma,FCER1A,0.002,0.0262
Immune,Pelka_2021_Cell,Plasma,FCGR3B,0.0026,0.0142
Immune,Pelka_2021_Cell,Plasma,FCN1,0.0072,0.0873
Immune,Pelka_2021_Cell,Plasma,GNLY,0.0434,0.185
Immune,Pelka_2021_Cell,Plasma,IL7R,0.1391,0.3439
Immune,Pelka_2021_Cell,Plasma,JCHAIN,0.9928,0.2151
Immune,Pelka_2021_Cell,Plasma,KIT,0.0044,0.0234
Immune,Pelka_2021_Cell,Plasma,KLRD1,0.0471,0.1838
Immune,Pelka_2021_Cell,Plasma,LILRA4,0.0011,0.0104
Immune,Pelka_2021_Cell,Plasma,MERTK,0.0325,0.0836
Immune,Pelka_2021_Cell,Plasma,MS4A1,0.0455,0.0988
Immune,Pelka_2021_Cell,Plasma,MZB1,0.9858,0.0729
Immune,Pelka_2021_Cell,Plasma,NCR1,0.0028,0.0192
Immune,Pelka_2021_Cell,Plasma,NKG7,0.0684,0.3122
Immune,Pelka_2021_Cell,Plasma,S100A8,0.0312,0.1932
Immune,Pelka_2021_Cell,Plasma,S100A9,0.0462,0.2659
Immune,Pelka_2021_Cell,Plasma,SDC1,0.5117,0.0093
Immune,Pelka_2021_Cell,Plasma,TPSAB1,0.0103,0.0314
Immune,Pelka_2021_Cell,Plasma,TPSB2,0.0172,0.0339
Immune,Pelka_2021_Cell,Plasma,VCAN,0.0089,0.1083
Immune,Pelka_2021_Cell,Plasma,XBP1,0.9711,0.2899
Immune,Pelka_2021_Cell,Plasma,XCR1,0.0183,0.0012
Immune,Qi_2022_Nat_Commun,B,APOE,0.0838,0.2068
Immune,Qi_2022_Nat_Commun,B,C1QA,0.0565,0.2208
Immune,Qi_2022_Nat_Commun,B,C1QB,0.0429,0.2121
Immune,Qi_2022_Nat_Commun,B,C1QC,0.023,0.189
Immune,Qi_2022_Nat_Commun,B,CD14,0.0063,0.1781
Immune,Qi_2022_Nat_Commun,B,CD19,0.3414,0.0138
Immune,Qi_2022_Nat_Commun,B,CD1C,0.1372,0.025
Immune,Qi_2022_Nat_Commun,B,CD3D,0.0115,0.5121
Immune,Qi_2022_Nat_Commun,B,CD3E,0.0084,0.4651
Immune,Qi_2022_Nat_Commun,B,CD4,0.0021,0.2453
Immune,Qi_2022_Nat_Commun,B,CD68,0.0607,0.2285
Immune,Qi_2022_Nat_Commun,B,CD79A,0.8199,0.0989
Immune,Qi_2022_Nat_Commun,B,CD79B,0.4785,0.1229
Immune,Qi_2022_Nat_Commun,B,CD8A,0.0073,0.1707
Immune,Qi_2022_Nat_Commun,B,CD8B,0.001,0.1185
Immune,Qi_2022_Nat_Commun,B,CLEC10A,0.0,0.0622
Immune,Qi_2022_Nat_Commun,B,CLEC9A,0.0,0.0035
Immune,Qi_2022_Nat_Commun,B,CPA3,0.0042,0.0549
Immune,Qi_2022_Nat_Commun,B,CSF3R,0.0042,0.0924
Immune,Qi_2022_Nat_Commun,B,CXCR2,0.001,0.0076
Immune,Qi_2022_Nat_Commun,B,FCER1A,0.001,0.0313
Immune,Qi_2022_Nat_Commun,B,FCGR3B,0.001,0.0115
Immune,Qi_2022_Nat_Commun,B,FCN1,0.0021,0.0462
Immune,Qi_2022_Nat_Commun,B,GNLY,0.0052,0.0827
Immune,Qi_2022_Nat_Commun,B,IL7R,0.0366,0.5417
Immune,Qi_2022_Nat_Commun,B,JCHAIN,0.4084,0.3023
Immune,Qi_2022_Nat_Commun,B,KIT,0.0031,0.0491
Immune,Qi_2022_Nat_Commun,B,KLRD1,0.0042,0.1297
Immune,Qi_2022_Nat_Commun,B,LILRA4,0.0178,0.0015
Immune,Qi_2022_Nat_Commun,B,MERTK,0.0021,0.1055
Immune,Qi_2022_Nat_Commun,B,MS4A1,0.8178,0.0099
Immune,Qi_2022_Nat_Commun,B,MZB1,0.1194,0.1499
Immune,Qi_2022_Nat_Commun,B,NCR1,0.0,0.0099
Immune,Qi_2022_Nat_Commun,B,NKG7,0.022,0.2894
Immune,Qi_2022_Nat_Commun,B,S100A8,0.0136,0.098
Immune,Qi_2022_Nat_Commun,B,S100A9,0.0199,0.1731
Immune,Qi_2022_Nat_Commun,B,SDC1,0.0063,0.0582
Immune,Qi_2022_Nat_Commun,B,TPSAB1,0.023,0.0653
Immune,Qi_2022_Nat_Commun,B,TPSB2,0.023,0.0773
Immune,Qi_2022_Nat_Commun,B,VCAN,0.0042,0.0663
Immune,Qi_2022_Nat_Commun,B,XBP1,0.2827,0.5055
Immune,Qi_2022_Nat_Commun,B,XCR1,0.0,0.003
Immune,Qi_2022_Nat_Commun,CD4 T,APOE,0.0664,0.2521
Immune,Qi_2022_Nat_Commun,CD4 T,C1QA,0.0389,0.279
Immune,Qi_2022_Nat_Commun,CD4 T,C1QB,0.0382,0.2665
Immune,Qi_2022_Nat_Commun,CD4 T,C1QC,0.0185,0.2424
Immune,Qi_2022_Nat_Commun,CD4 T,CD14,0.008,0.2308
Immune,Qi_2022_Nat_Commun,CD4 T,CD19,0.0002,0.0512
Immune,Qi_2022_Nat_Commun,CD4 T,CD1C,0.0012,0.0456
Immune,Qi_2022_Nat_Commun,CD4 T,CD3D,0.9131,0.2998
Immune,Qi_2022_Nat_Commun,CD4 T,CD3E,0.822,0.2751
Immune,Qi_2022_Nat_Commun,CD4 T,CD4,0.3053,0.1972
Immune,Qi_2022_Nat_Commun,CD4 T,CD68,0.0185,0.2978
Immune,Qi_2022_Nat_Commun,CD4 T,CD79A,0.0334,0.1957
Immune,Qi_2022_Nat_Commun,CD4 T,CD79B,0.1702,0.1382
Immune,Qi_2022_Nat_Commun,CD4 T,CD8A,0.022,0.2154
Immune,Qi_2022_Nat_Commun,CD4 T,CD8B,0.0097,0.1515
Immune,Qi_2022_Nat_Commun,CD4 T,CLEC10A,0.0015,0.0809
Immune,Qi_2022_Nat_Commun,CD4 T,CLEC9A,0.0,0.0046
Immune,Qi_2022_Nat_Commun,CD4 T,CPA3,0.0045,0.0706
Immune,Qi_2022_Nat_Commun,CD4 T,CSF3R,0.0027,0.1203
Immune,Qi_2022_Nat_Commun,CD4 T,CXCR2,0.0,0.0101
Immune,Qi_2022_Nat_Commun,CD4 T,FCER1A,0.0007,0.0408
Immune,Qi_2022_Nat_Commun,CD4 T,FCGR3B,0.001,0.0148
Immune,Qi_2022_Nat_Commun,CD4 T,FCN1,0.0007,0.0605
Immune,Qi_2022_Nat_Commun,CD4 T,GNLY,0.0489,0.089
Immune,Qi_2022_Nat_Commun,CD4 T,IL7R,0.9289,0.3347
Immune,Qi_2022_Nat_Commun,CD4 T,JCHAIN,0.2009,0.354
Immune,Qi_2022_Nat_Commun,CD4 T,KIT,0.0057,0.0623
Immune,Qi_2022_Nat_Commun,CD4 T,KLRD1,0.0117,0.1656
Immune,Qi_2022_Nat_Commun,CD4 T,LILRA4,0.0002,0.0036
Immune,Qi_2022_Nat_Commun,CD4 T,MERTK,0.0037,0.1369
Immune,Qi_2022_Nat_Commun,CD4 T,MS4A1,0.0042,0.0908
Immune,Qi_2022_Nat_Commun,CD4 T,MZB1,0.0724,0.1786
Immune,Qi_2022_Nat_Commun,CD4 T,NCR1,0.0047,0.011
Immune,Qi_2022_Nat_Commun,CD4 T,NKG7,0.0856,0.3466
Immune,Qi_2022_Nat_Commun,CD4 T,S100A8,0.0072,0.1269
Immune,Qi_2022_Nat_Commun,CD4 T,S100A9,0.0232,0.2193
Immune,Qi_2022_Nat_Commun,CD4 T,SDC1,0.0052,0.0747
Immune,Qi_2022_Nat_Commun,CD4 T,TPSAB1,0.0147,0.0819
Immune,Qi_2022_Nat_Commun,CD4 T,TPSB2,0.0222,0.0945
Immune,Qi_2022_Nat_Commun,CD4 T,VCAN,0.0055,0.085
Immune,Qi_2022_Nat_Commun,CD4 T,XBP1,0.4059,0.5244
Immune,Qi_2022_Nat_Commun,CD4 T,XCR1,0.0,0.004
Immune,Qi_2022_Nat_Commun,CD8 T,APOE,0.0617,0.2341
Immune,Qi_2022_Nat_Commun,CD8 T,C1QA,0.0411,0.2535
Immune,Qi_2022_Nat_Commun,CD8 T,C1QB,0.0328,0.2443
Immune,Qi_2022_Nat_Commun,CD8 T,C1QC,0.0178,0.2194
Immune,Qi_2022_Nat_Commun,CD8 T,CD14,0.0084,0.2076
Immune,Qi_2022_Nat_Commun,CD8 T,CD19,0.0,0.046
Immune,Qi_2022_Nat_Commun,CD8 T,CD1C,0.0,0.0413
Immune,Qi_2022_Nat_Commun,CD8 T,CD3D,0.9031,0.366
Immune,Qi_2022_Nat_Commun,CD8 T,CD3E,0.8132,0.3341
Immune,Qi_2022_Nat_Commun,CD8 T,CD4,0.0261,0.2815
Immune,Qi_2022_Nat_Commun,CD8 T,CD68,0.0181,0.2689
Immune,Qi_2022_Nat_Commun,CD8 T,CD79A,0.0139,0.184
Immune,Qi_2022_Nat_Commun,CD8 T,CD79B,0.0449,0.1743
Immune,Qi_2022_Nat_Commun,CD8 T,CD8A,0.6861,0.0214
Immune,Qi_2022_Nat_Commun,CD8 T,CD8B,0.4948,0.0098
Immune,Qi_2022_Nat_Commun,CD8 T,CLEC10A,0.0,0.0731
Immune,Qi_2022_Nat_Commun,CD8 T,CLEC9A,0.0,0.0041
Immune,Qi_2022_Nat_Commun,CD8 T,CPA3,0.007,0.0631
Immune,Qi_2022_Nat_Commun,CD8 T,CSF3R,0.0042,0.1078
Immune,Qi_2022_Nat_Commun,CD8 T,CXCR2,0.0007,0.0089
Immune,Qi_2022_Nat_Commun,CD8 T,FCER1A,0.0003,0.0368
Immune,Qi_2022_Nat_Commun,CD8 T,FCGR3B,0.0031,0.0128
Immune,Qi_2022_Nat_Commun,CD8 T,FCN1,0.0007,0.0543
Immune,Qi_2022_Nat_Commun,CD8 T,GNLY,0.1686,0.0535
Immune,Qi_2022_Nat_Commun,CD8 T,IL7R,0.6014,0.482
Immune,Qi_2022_Nat_Commun,CD8 T,JCHAIN,0.1941,0.3399
Immune,Qi_2022_Nat_Commun,CD8 T,KIT,0.0021,0.0574
Immune,Qi_2022_Nat_Commun,CD8 T,KLRD1,0.4484,0.0353
Immune,Qi_2022_Nat_Commun,CD8 T,LILRA4,0.0003,0.0032
Immune,Qi_2022_Nat_Commun,CD8 T,MERTK,0.0021,0.1236
Immune,Qi_2022_Nat_Commun,CD8 T,MS4A1,0.023,0.0769
Immune,Qi_2022_Nat_Commun,CD8 T,MZB1,0.0603,0.1707
Immune,Qi_2022_Nat_Commun,CD8 T,NCR1,0.0185,0.0068
Immune,Qi_2022_Nat_Commun,CD8 T,NKG7,0.8314,0.1242
Immune,Qi_2022_Nat_Commun,CD8 T,S100A8,0.0066,0.1146
Immune,Qi_2022_Nat_Commun,CD8 T,S100A9,0.0195,0.1999
Immune,Qi_2022_Nat_Commun,CD8 T,SDC1,0.0038,0.0679
Immune,Qi_2022_Nat_Commun,CD8 T,TPSAB1,0.0094,0.0763
Immune,Qi_2022_Nat_Commun,CD8 T,TPSB2,0.0171,0.0883
Immune,Qi_2022_Nat_Commun,CD8 T,VCAN,0.0066,0.0765
Immune,Qi_2022_Nat_Commun,CD8 T,XBP1,0.3502,0.5267
Immune,Qi_2022_Nat_Commun,CD8 T,XCR1,0.0,0.0036
Immune,Qi_2022_Nat_Commun,Macrophage,APOE,0.7159,0.0939
Immune,Qi_2022_Nat_Commun,Macrophage,C1QA,0.9448,0.0612
Immune,Qi_2022_Nat_Commun,Macrophage,C1QB,0.9323,0.0528
Immune,Qi_2022_Nat_Commun,Macrophage,C1QC,0.8953,0.0328
Immune,Qi_2022_Nat_Commun,Macrophage,CD14,0.7082,0.057
Immune,Qi_2022_Nat_Commun,Macrophage,CD19,0.0091,0.042
Immune,Qi_2022_Nat_Commun,Macrophage,CD1C,0.0784,0.0235
Immune,Qi_2022_Nat_Commun,Macrophage,CD3D,0.0263,0.5685
Immune,Qi_2022_Nat_Commun,Macrophage,CD3E,0.0194,0.517
Immune,Qi_2022_Nat_Commun,Macrophage,CD4,0.5754,0.1586
Immune,Qi_2022_Nat_Commun,Macrophage,CD68,0.8121,0.0969
Immune,Qi_2022_Nat_Commun,Macrophage,CD79A,0.0159,0.1754
Immune,Qi_2022_Nat_Commun,Macrophage,CD79B,0.0207,0.173
Immune,Qi_2022_Nat_Commun,Macrophage,CD8A,0.0099,0.1895
Immune,Qi_2022_Nat_Commun,Macrophage,CD8B,0.0047,0.1317
Immune,Qi_2022_Nat_Commun,Macrophage,CLEC10A,0.2353,0.0222
Immune,Qi_2022_Nat_Commun,Macrophage,CLEC9A,0.0056,0.0028
Immune,Qi_2022_Nat_Commun,Macrophage,CPA3,0.0108,0.0596
Immune,Qi_2022_Nat_Commun,Macrophage,CSF3R,0.2953,0.0441
Immune,Qi_2022_Nat_Commun,Macrophage,CXCR2,0.0164,0.0053
Immune,Qi_2022_Nat_Commun,Macrophage,FCER1A,0.0491,0.0252
Immune,Qi_2022_Nat_Commun,Macrophage,FCGR3B,0.006,0.0117
Immune,Qi_2022_Nat_Commun,Macrophage,FCN1,0.0612,0.0395
Immune,Qi_2022_Nat_Commun,Macrophage,GNLY,0.0185,0.0892
Immune,Qi_2022_Nat_Commun,Macrophage,IL7R,0.353,0.5378
Immune,Qi_2022_Nat_Commun,Macrophage,JCHAIN,0.2707,0.3175
Immune,Qi_2022_Nat_Commun,Macrophage,KIT,0.0052,0.0541
Immune,Qi_2022_Nat_Commun,Macrophage,KLRD1,0.0091,0.1436
Immune,Qi_2022_Nat_Commun,Macrophage,LILRA4,0.0056,0.002
Immune,Qi_2022_Nat_Commun,Macrophage,MERTK,0.4302,0.0315
Immune,Qi_2022_Nat_Commun,Macrophage,MS4A1,0.0065,0.0777
Immune,Qi_2022_Nat_Commun,Macrophage,MZB1,0.0401,0.1695
Immune,Qi_2022_Nat_Commun,Macrophage,NCR1,0.0009,0.0109
Immune,Qi_2022_Nat_Commun,Macrophage,NKG7,0.1638,0.2926
Immune,Qi_2022_Nat_Commun,Macrophage,S100A8,0.2414,0.0621
Immune,Qi_2022_Nat_Commun,Macrophage,S100A9,0.5332,0.0878
Immune,Qi_2022_Nat_Commun,Macrophage,SDC1,0.0108,0.0634
Immune,Qi_2022_Nat_Commun,Macrophage,TPSAB1,0.0203,0.0709
Immune,Qi_2022_Nat_Commun,Macrophage,TPSB2,0.0422,0.0799
Immune,Qi_2022_Nat_Commun,Macrophage,VCAN,0.1194,0.0504
Immune,Qi_2022_Nat_Commun,Macrophage,XBP1,0.5716,0.4737
Immune,Qi_2022_Nat_Commun,Macrophage,XCR1,0.0013,0.0031
Immune,Qi_2022_Nat_Commun,Mast,APOE,0.2217,0.1971
Immune,Qi_2022_Nat_Commun,Mast,C1QA,0.026,0.2185
Immune,Qi_2022_Nat_Commun,Mast,C1QB,0.0413,0.2083
Immune,Qi_2022_Nat_Commun,Mast,C1QC,0.0306,0.1848
Immune,Qi_2022_Nat_Commun,Mast,CD14,0.0153,0.1738
Immune,Qi_2022_Nat_Commun,Mast,CD19,0.0046,0.038
Immune,Qi_2022_Nat_Commun,Mast,CD1C,0.0,0.0344
Immune,Qi_2022_Nat_Commun,Mast,CD3D,0.0092,0.5008
Immune,Qi_2022_Nat_Commun,Mast,CD3E,0.0031,0.4549
Immune,Qi_2022_Nat_Commun,Mast,CD4,0.1177,0.234
Immune,Qi_2022_Nat_Commun,Mast,CD68,0.2691,0.2143
Immune,Qi_2022_Nat_Commun,Mast,CD79A,0.0199,0.1551
Immune,Qi_2022_Nat_Commun,Mast,CD79B,0.0948,0.1501
Immune,Qi_2022_Nat_Commun,Mast,CD8A,0.0031,0.1671
Immune,Qi_2022_Nat_Commun,Mast,CD8B,0.0,0.1159
Immune,Qi_2022_Nat_Commun,Mast,CLEC10A,0.0015,0.0607
Immune,Qi_2022_Nat_Commun,Mast,CLEC9A,0.0,0.0034
Immune,Qi_2022_Nat_Commun,Mast,CPA3,0.9587,0.0064
Immune,Qi_2022_Nat_Commun,Mast,CSF3R,0.0,0.0906
Immune,Qi_2022_Nat_Commun,Mast,CXCR2,0.0,0.0075
Immune,Qi_2022_Nat_Commun,Mast,FCER1A,0.3379,0.0139
Immune,Qi_2022_Nat_Commun,Mast,FCGR3B,0.0,0.0113
Immune,Qi_2022_Nat_Commun,Mast,FCN1,0.0,0.0453
Immune,Qi_2022_Nat_Commun,Mast,GNLY,0.0015,0.0811
Immune,Qi_2022_Nat_Commun,Mast,IL7R,0.0795,0.528
Immune,Qi_2022_Nat_Commun,Mast,JCHAIN,0.2003,0.3151
Immune,Qi_2022_Nat_Commun,Mast,KIT,0.7859,0.0092
Immune,Qi_2022_Nat_Commun,Mast,KLRD1,0.0046,0.1268
Immune,Qi_2022_Nat_Commun,Mast,LILRA4,0.0015,0.0027
Immune,Qi_2022_Nat_Commun,Mast,MERTK,0.0122,0.1026
Immune,Qi_2022_Nat_Commun,Mast,MS4A1,0.0031,0.0688
Immune,Qi_2022_Nat_Commun,Mast,MZB1,0.0168,0.1543
Immune,Qi_2022_Nat_Commun,Mast,NCR1,0.0015,0.0096
Immune,Qi_2022_Nat_Commun,Mast,NKG7,0.1101,0.279
Immune,Qi_2022_Nat_Commun,Mast,S100A8,0.0061,0.0965
Immune,Qi_2022_Nat_Commun,Mast,S100A9,0.026,0.1693
Immune,Qi_2022_Nat_Commun,Mast,SDC1,0.0046,0.0571
Immune,Qi_2022_Nat_Commun,Mast,TPSAB1,0.9801,0.0169
Immune,Qi_2022_Nat_Commun,Mast,TPSB2,0.9847,0.0283
Immune,Qi_2022_Nat_Commun,Mast,VCAN,0.0076,0.0647
Immune,Qi_2022_Nat_Commun,Mast,XBP1,0.5887,0.4852
Immune,Qi_2022_Nat_Commun,Mast,XCR1,0.0,0.003
Immune,Qi_2022_Nat_Commun,Monocyte,APOE,0.2041,0.1981
Immune,Qi_2022_Nat_Commun,Monocyte,C1QA,0.2303,0.2086
Immune,Qi_2022_Nat_Commun,Monocyte,C1QB,0.1461,0.2026
Immune,Qi_2022_Nat_Commun,Monocyte,C1QC,0.1404,0.179
Immune,Qi_2022_Nat_Commun,Monocyte,CD14,0.809,0.1404
Immune,Qi_2022_Nat_Commun,Monocyte,CD19,0.0019,0.0378
Immune,Qi_2022_Nat_Commun,Monocyte,CD1C,0.088,0.0305
Immune,Qi_2022_Nat_Commun,Monocyte,CD3D,0.0187,0.4959
Immune,Qi_2022_Nat_Commun,Monocyte,CD3E,0.0131,0.4504
Immune,Qi_2022_Nat_Commun,Monocyte,CD4,0.5019,0.2175
Immune,Qi_2022_Nat_Commun,Monocyte,CD68,0.9363,0.188
Immune,Qi_2022_Nat_Commun,Monocyte,CD79A,0.0131,0.1541
Immune,Qi_2022_Nat_Commun,Monocyte,CD79B,0.0206,0.1526
Immune,Qi_2022_Nat_Commun,Monocyte,CD8A,0.0019,0.1657
Immune,Qi_2022_Nat_Commun,Monocyte,CD8B,0.0019,0.1148
Immune,Qi_2022_Nat_Commun,Monocyte,CLEC10A,0.2472,0.0503
Immune,Qi_2022_Nat_Commun,Monocyte,CLEC9A,0.0,0.0034
Immune,Qi_2022_Nat_Commun,Monocyte,CPA3,0.0056,0.0533
Immune,Qi_2022_Nat_Commun,Monocyte,CSF3R,0.4925,0.07
Immune,Qi_2022_Nat_Commun,Monocyte,CXCR2,0.0131,0.0069
Immune,Qi_2022_Nat_Commun,Monocyte,FCER1A,0.0131,0.0299
Immune,Qi_2022_Nat_Commun,Monocyte,FCGR3B,0.0056,0.011
Immune,Qi_2022_Nat_Commun,Monocyte,FCN1,0.7322,0.0155
Immune,Qi_2022_Nat_Commun,Monocyte,GNLY,0.0225,0.0796
Immune,Qi_2022_Nat_Commun,Monocyte,IL7R,0.264,0.5165
Immune,Qi_2022_Nat_Commun,Monocyte,JCHAIN,0.2828,0.3107
Immune,Qi_2022_Nat_Commun,Monocyte,KIT,0.0,0.0478
Immune,Qi_2022_Nat_Commun,Monocyte,KLRD1,0.0056,0.1257
Immune,Qi_2022_Nat_Commun,Monocyte,LILRA4,0.0056,0.0025
Immune,Qi_2022_Nat_Commun,Monocyte,MERTK,0.264,0.0917
Immune,Qi_2022_Nat_Commun,Monocyte,MS4A1,0.0094,0.068
Immune,Qi_2022_Nat_Commun,Monocyte,MZB1,0.03,0.1526
Immune,Qi_2022_Nat_Commun,Monocyte,NCR1,0.0056,0.0093
Immune,Qi_2022_Nat_Commun,Monocyte,NKG7,0.1966,0.274
Immune,Qi_2022_Nat_Commun,Monocyte,S100A8,0.8933,0.06
Immune,Qi_2022_Nat_Commun,Monocyte,S100A9,0.9794,0.1297
Immune,Qi_2022_Nat_Commun,Monocyte,SDC1,0.0131,0.0563
Immune,Qi_2022_Nat_Commun,Monocyte,TPSAB1,0.0131,0.0644
Immune,Qi_2022_Nat_Commun,Monocyte,TPSB2,0.03,0.0753
Immune,Qi_2022_Nat_Commun,Monocyte,VCAN,0.8258,0.0313
Immune,Qi_2022_Nat_Commun,Monocyte,XBP1,0.8558,0.4754
Immune,Qi_2022_Nat_Commun,Monocyte,XCR1,0.0,0.0029
Immune,Qi_2022_Nat_Commun,NK,APOE,0.0654,0.2013
Immune,Qi_2022_Nat_Commun,NK,C1QA,0.0784,0.2124
Immune,Qi_2022_Nat_Commun,NK,C1QB,0.0752,0.2032
Immune,Qi_2022_Nat_Commun,NK,C1QC,0.0458,0.1805
Immune,Qi_2022_Nat_Commun,NK,CD14,0.0131,0.1697
Immune,Qi_2022_Nat_Commun,NK,CD19,0.0,0.0373
Immune,Qi_2022_Nat_Commun,NK,CD1C,0.0033,0.0334
Immune,Qi_2022_Nat_Commun,NK,CD3D,0.1471,0.485
Immune,Qi_2022_Nat_Commun,NK,CD3E,0.3203,0.4361
Immune,Qi_2022_Nat_Commun,NK,CD4,0.0458,0.2327
Immune,Qi_2022_Nat_Commun,NK,CD68,0.0425,0.2208
Immune,Qi_2022_Nat_Commun,NK,CD79A,0.0163,0.1517
Immune,Qi_2022_Nat_Commun,NK,CD79B,0.049,0.1497
Immune,Qi_2022_Nat_Commun,NK,CD8A,0.1013,0.1607
Immune,Qi_2022_Nat_Commun,NK,CD8B,0.0392,0.112
Immune,Qi_2022_Nat_Commun,NK,CLEC10A,0.0033,0.0592
Immune,Qi_2022_Nat_Commun,NK,CLEC9A,0.049,0.0022
Immune,Qi_2022_Nat_Commun,NK,CPA3,0.0033,0.0525
Immune,Qi_2022_Nat_Commun,NK,CSF3R,0.0098,0.088
Immune,Qi_2022_Nat_Commun,NK,CXCR2,0.0261,0.0067
Immune,Qi_2022_Nat_Commun,NK,FCER1A,0.0,0.0299
Immune,Qi_2022_Nat_Commun,NK,FCGR3B,0.0033,0.0109
Immune,Qi_2022_Nat_Commun,NK,FCN1,0.0,0.0442
Immune,Qi_2022_Nat_Commun,NK,GNLY,0.7745,0.0616
Immune,Qi_2022_Nat_Commun,NK,IL7R,0.3954,0.5093
Immune,Qi_2022_Nat_Commun,NK,JCHAIN,0.2386,0.3113
Immune,Qi_2022_Nat_Commun,NK,KIT,0.0654,0.0455
Immune,Qi_2022_Nat_Commun,NK,KLRD1,0.7876,0.106
Immune,Qi_2022_Nat_Commun,NK,LILRA4,0.0,0.0027
Immune,Qi_2022_Nat_Commun,NK,MERTK,0.0033,0.1005
Immune,Qi_2022_Nat_Commun,NK,MS4A1,0.0098,0.067
Immune,Qi_2022_Nat_Commun,NK,MZB1,0.085,0.1492
Immune,Qi_2022_Nat_Commun,NK,NCR1,0.1275,0.0065
Immune,Qi_2022_Nat_Commun,NK,NKG7,0.8137,0.2587
Immune,Qi_2022_Nat_Commun,NK,S100A8,0.0033,0.0942
Immune,Qi_2022_Nat_Commun,NK,S100A9,0.0261,0.1656
Immune,Qi_2022_Nat_Commun,NK,SDC1,0.0,0.0558
Immune,Qi_2022_Nat_Commun,NK,TPSAB1,0.0196,0.0634
Immune,Qi_2022_Nat_Commun,NK,TPSB2,0.0523,0.074
Immune,Qi_2022_Nat_Commun,NK,VCAN,0.0098,0.0632
Immune,Qi_2022_Nat_Commun,NK,XBP1,0.5556,0.4886
Immune,Qi_2022_Nat_Commun,NK,XCR1,0.0261,0.0023
Immune,Qi_2022_Nat_Commun,Neutrophil,APOE,0.0825,0.2
Immune,Qi_2022_Nat_Commun,Neutrophil,C1QA,0.0485,0.2119
Immune,Qi_2022_Nat_Commun,Neutrophil,C1QB,0.0485,0.2027
Immune,Qi_2022_Nat_Commun,Neutrophil,C1QC,0.034,0.1797
Immune,Qi_2022_Nat_Commun,Neutrophil,CD14,0.2087,0.1656
Immune,Qi_2022_Nat_Commun,Neutrophil,CD19,0.0,0.037
Immune,Qi_2022_Nat_Commun,Neutrophil,CD1C,0.0,0.0333
Immune,Qi_2022_Nat_Commun,Neutrophil,CD3D,0.0,0.4847
Immune,Qi_2022_Nat_Commun,Neutrophil,CD3E,0.0,0.4401
Immune,Qi_2022_Nat_Commun,Neutrophil,CD4,0.0,0.232
Immune,Qi_2022_Nat_Commun,Neutrophil,CD68,0.1262,0.2182
Immune,Qi_2022_Nat_Commun,Neutrophil,CD79A,0.0097,0.1508
Immune,Qi_2022_Nat_Commun,Neutrophil,CD79B,0.0,0.1497
Immune,Qi_2022_Nat_Commun,Neutrophil,CD8A,0.0049,0.1617
Immune,Qi_2022_Nat_Commun,Neutrophil,CD8B,0.0097,0.112
Immune,Qi_2022_Nat_Commun,Neutrophil,CLEC10A,0.0,0.0588
Immune,Qi_2022_Nat_Commun,Neutrophil,CLEC9A,0.0049,0.0032
Immune,Qi_2022_Nat_Commun,Neutrophil,CPA3,0.0049,0.0521
Immune,Qi_2022_Nat_Commun,Neutrophil,CSF3R,0.6214,0.0782
Immune,Qi_2022_Nat_Commun,Neutrophil,CXCR2,0.1796,0.0046
Immune,Qi_2022_Nat_Commun,Neutrophil,FCER1A,0.0097,0.0295
Immune,Qi_2022_Nat_Commun,Neutrophil,FCGR3B,0.5485,0.0026
Immune,Qi_2022_Nat_Commun,Neutrophil,FCN1,0.034,0.0433
Immune,Qi_2022_Nat_Commun,Neutrophil,GNLY,0.0049,0.0785
Immune,Qi_2022_Nat_Commun,Neutrophil,IL7R,0.0194,0.5142
Immune,Qi_2022_Nat_Commun,Neutrophil,JCHAIN,0.1165,0.3126
Immune,Qi_2022_Nat_Commun,Neutrophil,KIT,0.0049,0.0465
Immune,Qi_2022_Nat_Commun,Neutrophil,KLRD1,0.0049,0.1228
Immune,Qi_2022_Nat_Commun,Neutrophil,LILRA4,0.0,0.0026
Immune,Qi_2022_Nat_Commun,Neutrophil,MERTK,0.0,0.0998
Immune,Qi_2022_Nat_Commun,Neutrophil,MS4A1,0.0049,0.0667
Immune,Qi_2022_Nat_Commun,Neutrophil,MZB1,0.0194,0.1498
Immune,Qi_2022_Nat_Commun,Neutrophil,NCR1,0.0049,0.0092
Immune,Qi_2022_Nat_Commun,Neutrophil,NKG7,0.0146,0.2748
Immune,Qi_2022_Nat_Commun,Neutrophil,S100A8,0.5,0.086
Immune,Qi_2022_Nat_Commun,Neutrophil,S100A9,0.7136,0.1542
Immune,Qi_2022_Nat_Commun,Neutrophil,SDC1,0.0146,0.0552
Immune,Qi_2022_Nat_Commun,Neutrophil,TPSAB1,0.0097,0.0632
Immune,Qi_2022_Nat_Commun,Neutrophil,TPSB2,0.0194,0.0744
Immune,Qi_2022_Nat_Commun,Neutrophil,VCAN,0.0097,0.0628
Immune,Qi_2022_Nat_Commun,Neutrophil,XBP1,0.301,0.493
Immune,Qi_2022_Nat_Commun,Neutrophil,XCR1,0.0,0.0029
Immune,Qi_2022_Nat_Commun,Plasma,APOE,0.1365,0.2055
Immune,Qi_2022_Nat_Commun,Plasma,C1QA,0.0682,0.2258
Immune,Qi_2022_Nat_Commun,Plasma,C1QB,0.0662,0.2159
Immune,Qi_2022_Nat_Commun,Plasma,C1QC,0.0327,0.1943
Immune,Qi_2022_Nat_Commun,Plasma,CD14,0.0111,0.1842
Immune,Qi_2022_Nat_Commun,Plasma,CD19,0.1038,0.0286
Immune,Qi_2022_Nat_Commun,Plasma,CD1C,0.0028,0.0362
Immune,Qi_2022_Nat_Commun,Plasma,CD3D,0.0216,0.5303
Immune,Qi_2022_Nat_Commun,Plasma,CD3E,0.0146,0.4821
Immune,Qi_2022_Nat_Commun,Plasma,CD4,0.0104,0.2538
Immune,Qi_2022_Nat_Commun,Plasma,CD68,0.0494,0.2363
Immune,Qi_2022_Nat_Commun,Plasma,CD79A,0.7124,0.0834
Immune,Qi_2022_Nat_Commun,Plasma,CD79B,0.4241,0.1154
Immune,Qi_2022_Nat_Commun,Plasma,CD8A,0.0084,0.1769
Immune,Qi_2022_Nat_Commun,Plasma,CD8B,0.0028,0.1229
Immune,Qi_2022_Nat_Commun,Plasma,CLEC10A,0.0014,0.0645
Immune,Qi_2022_Nat_Commun,Plasma,CLEC9A,0.0035,0.0032
Immune,Qi_2022_Nat_Commun,Plasma,CPA3,0.0049,0.0568
Immune,Qi_2022_Nat_Commun,Plasma,CSF3R,0.0063,0.0955
Immune,Qi_2022_Nat_Commun,Plasma,CXCR2,0.0,0.008
Immune,Qi_2022_Nat_Commun,Plasma,FCER1A,0.0,0.0326
Immune,Qi_2022_Nat_Commun,Plasma,FCGR3B,0.0014,0.0119
Immune,Qi_2022_Nat_Commun,Plasma,FCN1,0.0007,0.0481
Immune,Qi_2022_Nat_Commun,Plasma,GNLY,0.0153,0.0846
Immune,Qi_2022_Nat_Commun,Plasma,IL7R,0.0494,0.5598
Immune,Qi_2022_Nat_Commun,Plasma,JCHAIN,0.9694,0.2332
Immune,Qi_2022_Nat_Commun,Plasma,KIT,0.0021,0.051
Immune,Qi_2022_Nat_Commun,Plasma,KLRD1,0.0035,0.1347
Immune,Qi_2022_Nat_Commun,Plasma,LILRA4,0.0,0.0029
Immune,Qi_2022_Nat_Commun,Plasma,MERTK,0.1072,0.0973
Immune,Qi_2022_Nat_Commun,Plasma,MS4A1,0.0084,0.0724
Immune,Qi_2022_Nat_Commun,Plasma,MZB1,0.8997,0.0607
Immune,Qi_2022_Nat_Commun,Plasma,NCR1,0.0,0.0102
Immune,Qi_2022_Nat_Commun,Plasma,NKG7,0.0132,0.3008
Immune,Qi_2022_Nat_Commun,Plasma,S100A8,0.007,0.1021
Immune,Qi_2022_Nat_Commun,Plasma,S100A9,0.0299,0.1779
Immune,Qi_2022_Nat_Commun,Plasma,SDC1,0.4701,0.0065
Immune,Qi_2022_Nat_Commun,Plasma,TPSAB1,0.0272,0.0665
Immune,Qi_2022_Nat_Commun,Plasma,TPSB2,0.0446,0.0769
Immune,Qi_2022_Nat_Commun,Plasma,VCAN,0.016,0.0673
Immune,Qi_2022_Nat_Commun,Plasma,XBP1,0.821,0.4517
Immune,Qi_2022_Nat_Commun,Plasma,XCR1,0.0153,0.0014
Immune,Qian_2020_Cell_Res,B,APOE,0.0677,0.1698
Immune,Qian_2020_Cell_Res,B,C1QA,0.0304,0.156
Immune,Qian_2020_Cell_Res,B,C1QB,0.0312,0.1479
Immune,Qian_2020_Cell_Res,B,C1QC,0.0168,0.1285
Immune,Qian_2020_Cell_Res,B,CD14,0.0066,0.1406
Immune,Qian_2020_Cell_Res,B,CD19,0.3443,0.0141
Immune,Qian_2020_Cell_Res,B,CD1C,0.096,0.0184
Immune,Qian_2020_Cell_Res,B,CD3D,0.0464,0.5119
Immune,Qian_2020_Cell_Res,B,CD3E,0.0226,0.4117
Immune,Qian_2020_Cell_Res,B,CD4,0.0066,0.1838
Immune,Qian_2020_Cell_Res,B,CD68,0.0554,0.169
Immune,Qian_2020_Cell_Res,B,CD79A,0.7874,0.1152
Immune,Qian_2020_Cell_Res,B,CD79B,0.6791,0.116
Immune,Qian_2020_Cell_Res,B,CD8A,0.0053,0.1207
Immune,Qian_2020_Cell_Res,B,CD8B,0.0021,0.089
Immune,Qian_2020_Cell_Res,B,CLEC10A,0.0029,0.0419
Immune,Qian_2020_Cell_Res,B,CLEC9A,0.0004,0.0021
Immune,Qian_2020_Cell_Res,B,CPA3,0.0037,0.0403
Immune,Qian_2020_Cell_Res,B,CSF3R,0.0021,0.0414
Immune,Qian_2020_Cell_Res,B,CXCR2,0.0,0.0024
Immune,Qian_2020_Cell_Res,B,FCER1A,0.0021,0.028
Immune,Qian_2020_Cell_Res,B,FCGR3B,0.0,0.0093
Immune,Qian_2020_Cell_Res,B,FCN1,0.0016,0.0478
Immune,Qian_2020_Cell_Res,B,GNLY,0.0185,0.1434
Immune,Qian_2020_Cell_Res,B,IL7R,0.0242,0.3508
Immune,Qian_2020_Cell_Res,B,JCHAIN,0.3225,0.25
Immune,Qian_2020_Cell_Res,B,KIT,0.0012,0.0302
Immune,Qian_2020_Cell_Res,B,KLRD1,0.0025,0.1072
Immune,Qian_2020_Cell_Res,B,LILRA4,0.0103,0.0054
Immune,Qian_2020_Cell_Res,B,MERTK,0.0004,0.0394
Immune,Qian_2020_Cell_Res,B,MS4A1,0.8236,0.0152
Immune,Qian_2020_Cell_Res,B,MZB1,0.1444,0.1565
Immune,Qian_2020_Cell_Res,B,NCR1,0.0004,0.0076
Immune,Qian_2020_Cell_Res,B,NKG7,0.0222,0.2387
Immune,Qian_2020_Cell_Res,B,S100A8,0.0148,0.1004
Immune,Qian_2020_Cell_Res,B,S100A9,0.0181,0.1621
Immune,Qian_2020_Cell_Res,B,SDC1,0.0062,0.0605
Immune,Qian_2020_Cell_Res,B,TPSAB1,0.009,0.0495
Immune,Qian_2020_Cell_Res,B,TPSB2,0.0213,0.0674
Immune,Qian_2020_Cell_Res,B,VCAN,0.0049,0.0733
Immune,Qian_2020_Cell_Res,B,XBP1,0.1485,0.3209
Immune,Qian_2020_Cell_Res,B,XCR1,0.0,0.0018
Immune,Qian_2020_Cell_Res,CD4 T,APOE,0.0745,0.1827
Immune,Qian_2020_Cell_Res,CD4 T,C1QA,0.0358,0.1731
Immune,Qian_2020_Cell_Res,CD4 T,C1QB,0.0436,0.1607
Immune,Qian_2020_Cell_Res,CD4 T,C1QC,0.0208,0.144
Immune,Qian_2020_Cell_Res,CD4 T,CD14,0.0188,0.1561
Immune,Qian_2020_Cell_Res,CD4 T,CD19,0.002,0.1004
Immune,Qian_2020_Cell_Res,CD4 T,CD1C,0.0023,0.044
Immune,Qian_2020_Cell_Res,CD4 T,CD3D,0.8869,0.247
Immune,Qian_2020_Cell_Res,CD4 T,CD3E,0.7399,0.1844
Immune,Qian_2020_Cell_Res,CD4 T,CD4,0.2574,0.1106
Immune,Qian_2020_Cell_Res,CD4 T,CD68,0.0218,0.1998
Immune,Qian_2020_Cell_Res,CD4 T,CD79A,0.0489,0.3077
Immune,Qian_2020_Cell_Res,CD4 T,CD79B,0.1562,0.239
Immune,Qian_2020_Cell_Res,CD4 T,CD8A,0.0139,0.1349
Immune,Qian_2020_Cell_Res,CD4 T,CD8B,0.0104,0.099
Immune,Qian_2020_Cell_Res,CD4 T,CLEC10A,0.002,0.0482
Immune,Qian_2020_Cell_Res,CD4 T,CLEC9A,0.0,0.0025
Immune,Qian_2020_Cell_Res,CD4 T,CPA3,0.0033,0.046
Immune,Qian_2020_Cell_Res,CD4 T,CSF3R,0.0015,0.0476
Immune,Qian_2020_Cell_Res,CD4 T,CXCR2,0.0003,0.0026
Immune,Qian_2020_Cell_Res,CD4 T,FCER1A,0.0015,0.0321
Immune,Qian_2020_Cell_Res,CD4 T,FCGR3B,0.0013,0.0102
Immune,Qian_2020_Cell_Res,CD4 T,FCN1,0.001,0.0551
Immune,Qian_2020_Cell_Res,CD4 T,GNLY,0.0748,0.1399
Immune,Qian_2020_Cell_Res,CD4 T,IL7R,0.6861,0.1362
Immune,Qian_2020_Cell_Res,CD4 T,JCHAIN,0.1346,0.314
Immune,Qian_2020_Cell_Res,CD4 T,KIT,0.001,0.0348
Immune,Qian_2020_Cell_Res,CD4 T,KLRD1,0.0155,0.1179
Immune,Qian_2020_Cell_Res,CD4 T,LILRA4,0.0,0.0087
Immune,Qian_2020_Cell_Res,CD4 T,MERTK,0.001,0.0451
Immune,Qian_2020_Cell_Res,CD4 T,MS4A1,0.0129,0.2157
Immune,Qian_2020_Cell_Res,CD4 T,MZB1,0.0505,0.1959
Immune,Qian_2020_Cell_Res,CD4 T,NCR1,0.002,0.0081
Immune,Qian_2020_Cell_Res,CD4 T,NKG7,0.0591,0.2571
Immune,Qian_2020_Cell_Res,CD4 T,S100A8,0.0132,0.1141
Immune,Qian_2020_Cell_Res,CD4 T,S100A9,0.0304,0.1791
Immune,Qian_2020_Cell_Res,CD4 T,SDC1,0.0099,0.0673
Immune,Qian_2020_Cell_Res,CD4 T,TPSAB1,0.0086,0.0558
Immune,Qian_2020_Cell_Res,CD4 T,TPSB2,0.0256,0.0728
Immune,Qian_2020_Cell_Res,CD4 T,VCAN,0.0061,0.0833
Immune,Qian_2020_Cell_Res,CD4 T,XBP1,0.1983,0.3274
Immune,Qian_2020_Cell_Res,CD4 T,XCR1,0.0,0.0021
Immune,Qian_2020_Cell_Res,CD8 T,APOE,0.0616,0.1682
Immune,Qian_2020_Cell_Res,CD8 T,C1QA,0.0418,0.1506
Immune,Qian_2020_Cell_Res,CD8 T,C1QB,0.0315,0.1447
Immune,Qian_2020_Cell_Res,CD8 T,C1QC,0.0183,0.1253
Immune,Qian_2020_Cell_Res,CD8 T,CD14,0.0132,0.1358
Immune,Qian_2020_Cell_Res,CD8 T,CD19,0.0023,0.0851
Immune,Qian_2020_Cell_Res,CD8 T,CD1C,0.0023,0.0375
Immune,Qian_2020_Cell_Res,CD8 T,CD3D,0.867,0.3501
Immune,Qian_2020_Cell_Res,CD8 T,CD3E,0.6711,0.2833
Immune,Qian_2020_Cell_Res,CD8 T,CD4,0.0183,0.177
Immune,Qian_2020_Cell_Res,CD8 T,CD68,0.0188,0.1727
Immune,Qian_2020_Cell_Res,CD8 T,CD79A,0.0216,0.2725
Immune,Qian_2020_Cell_Res,CD8 T,CD79B,0.0695,0.2419
Immune,Qian_2020_Cell_Res,CD8 T,CD8A,0.5672,0.0153
Immune,Qian_2020_Cell_Res,CD8 T,CD8B,0.4281,0.0092
Immune,Qian_2020_Cell_Res,CD8 T,CLEC10A,0.0009,0.0412
Immune,Qian_2020_Cell_Res,CD8 T,CLEC9A,0.0,0.0021
Immune,Qian_2020_Cell_Res,CD8 T,CPA3,0.0056,0.0389
Immune,Qian_2020_Cell_Res,CD8 T,CSF3R,0.0005,0.0407
Immune,Qian_2020_Cell_Res,CD8 T,CXCR2,0.0,0.0023
Immune,Qian_2020_Cell_Res,CD8 T,FCER1A,0.0014,0.0274
Immune,Qian_2020_Cell_Res,CD8 T,FCGR3B,0.0019,0.0087
Immune,Qian_2020_Cell_Res,CD8 T,FCN1,0.0005,0.0468
Immune,Qian_2020_Cell_Res,CD8 T,GNLY,0.3858,0.0732
Immune,Qian_2020_Cell_Res,CD8 T,IL7R,0.2965,0.2926
Immune,Qian_2020_Cell_Res,CD8 T,JCHAIN,0.1551,0.2824
Immune,Qian_2020_Cell_Res,CD8 T,KIT,0.0019,0.0294
Immune,Qian_2020_Cell_Res,CD8 T,KLRD1,0.3919,0.0335
Immune,Qian_2020_Cell_Res,CD8 T,LILRA4,0.0,0.0074
Immune,Qian_2020_Cell_Res,CD8 T,MERTK,0.0005,0.0383
Immune,Qian_2020_Cell_Res,CD8 T,MS4A1,0.0315,0.1808
Immune,Qian_2020_Cell_Res,CD8 T,MZB1,0.0602,0.1715
Immune,Qian_2020_Cell_Res,CD8 T,NCR1,0.0221,0.0035
Immune,Qian_2020_Cell_Res,CD8 T,NKG7,0.8435,0.0834
Immune,Qian_2020_Cell_Res,CD8 T,S100A8,0.0103,0.0989
Immune,Qian_2020_Cell_Res,CD8 T,S100A9,0.0188,0.1582
Immune,Qian_2020_Cell_Res,CD8 T,SDC1,0.0103,0.0583
Immune,Qian_2020_Cell_Res,CD8 T,TPSAB1,0.0094,0.0484
Immune,Qian_2020_Cell_Res,CD8 T,TPSB2,0.0258,0.0654
Immune,Qian_2020_Cell_Res,CD8 T,VCAN,0.0052,0.0715
Immune,Qian_2020_Cell_Res,CD8 T,XBP1,0.2129,0.3047
Immune,Qian_2020_Cell_Res,CD8 T,XCR1,0.0,0.0018
Immune,Qian_2020_Cell_Res,Dendritic cell,APOE,0.1587,0.1518
Immune,Qian_2020_Cell_Res,Dendritic cell,C1QA,0.3492,0.1329
Immune,Qian_2020_Cell_Res,Dendritic cell,C1QB,0.2698,0.1266
Immune,Qian_2020_Cell_Res,Dendritic cell,C1QC,0.127,0.1087
Immune,Qian_2020_Cell_Res,Dendritic cell,CD14,0.127,0.1169
Immune,Qian_2020_Cell_Res,Dendritic cell,CD19,0.0317,0.0725
Immune,Qian_2020_Cell_Res,Dendritic cell,CD1C,0.8571,0.0283
Immune,Qian_2020_Cell_Res,Dendritic cell,CD3D,0.0794,0.4313
Immune,Qian_2020_Cell_Res,Dendritic cell,CD3E,0.0794,0.3442
Immune,Qian_2020_Cell_Res,Dendritic cell,CD4,0.6349,0.1503
Immune,Qian_2020_Cell_Res,Dendritic cell,CD68,0.5873,0.147
Immune,Qian_2020_Cell_Res,Dendritic cell,CD79A,0.0794,0.2345
Immune,Qian_2020_Cell_Res,Dendritic cell,CD79B,0.0952,0.2159
Immune,Qian_2020_Cell_Res,Dendritic cell,CD8A,0.0,0.1008
Immune,Qian_2020_Cell_Res,Dendritic cell,CD8B,0.0,0.074
Immune,Qian_2020_Cell_Res,Dendritic cell,CLEC10A,0.9048,0.0311
Immune,Qian_2020_Cell_Res,Dendritic cell,CLEC9A,0.0159,0.0017
Immune,Qian_2020_Cell_Res,Dendritic cell,CPA3,0.0,0.034
Immune,Qian_2020_Cell_Res,Dendritic cell,CSF3R,0.3651,0.0329
Immune,Qian_2020_Cell_Res,Dendritic cell,CXCR2,0.0,0.002
Immune,Qian_2020_Cell_Res,Dendritic cell,FCER1A,0.8571,0.0196
Immune,Qian_2020_Cell_Res,Dendritic cell,FCGR3B,0.0159,0.0076
Immune,Qian_2020_Cell_Res,Dendritic cell,FCN1,0.3016,0.0385
Immune,Qian_2020_Cell_Res,Dendritic cell,GNLY,0.0317,0.1217
Immune,Qian_2020_Cell_Res,Dendritic cell,IL7R,0.1111,0.294
Immune,Qian_2020_Cell_Res,Dendritic cell,JCHAIN,0.1905,0.2631
Immune,Qian_2020_Cell_Res,Dendritic cell,KIT,0.0159,0.0252
Immune,Qian_2020_Cell_Res,Dendritic cell,KLRD1,0.0,0.0891
Immune,Qian_2020_Cell_Res,Dendritic cell,LILRA4,0.0317,0.0061
Immune,Qian_2020_Cell_Res,Dendritic cell,MERTK,0.0159,0.0326
Immune,Qian_2020_Cell_Res,Dendritic cell,MS4A1,0.0159,0.1585
Immune,Qian_2020_Cell_Res,Dendritic cell,MZB1,0.0317,0.1549
Immune,Qian_2020_Cell_Res,Dendritic cell,NCR1,0.0,0.0064
Immune,Qian_2020_Cell_Res,Dendritic cell,NKG7,0.1429,0.2008
Immune,Qian_2020_Cell_Res,Dendritic cell,S100A8,0.0476,0.0855
Immune,Qian_2020_Cell_Res,Dendritic cell,S100A9,0.2381,0.1362
Immune,Qian_2020_Cell_Res,Dendritic cell,SDC1,0.0159,0.0511
Immune,Qian_2020_Cell_Res,Dendritic cell,TPSAB1,0.0,0.0425
Immune,Qian_2020_Cell_Res,Dendritic cell,TPSB2,0.0317,0.0594
Immune,Qian_2020_Cell_Res,Dendritic cell,VCAN,0.0317,0.0614
Immune,Qian_2020_Cell_Res,Dendritic cell,XBP1,0.5714,0.2892
Immune,Qian_2020_Cell_Res,Dendritic cell,XCR1,0.0159,0.0015
Immune,Qian_2020_Cell_Res,Macrophage,APOE,0.7157,0.085
Immune,Qian_2020_Cell_Res,Macrophage,C1QA,0.8476,0.0493
Immune,Qian_2020_Cell_Res,Macrophage,C1QB,0.8237,0.0448
Immune,Qian_2020_Cell_Res,Macrophage,C1QC,0.8004,0.0269
Immune,Qian_2020_Cell_Res,Macrophage,CD14,0.6685,0.0516
Immune,Qian_2020_Cell_Res,Macrophage,CD19,0.0089,0.0798
Immune,Qian_2020_Cell_Res,Macrophage,CD1C,0.0519,0.0297
Immune,Qian_2020_Cell_Res,Macrophage,CD3D,0.0533,0.4743
Immune,Qian_2020_Cell_Res,Macrophage,CD3E,0.0273,0.3804
Immune,Qian_2020_Cell_Res,Macrophage,CD4,0.4573,0.1164
Immune,Qian_2020_Cell_Res,Macrophage,CD68,0.7266,0.0806
Immune,Qian_2020_Cell_Res,Macrophage,CD79A,0.0144,0.2598
Immune,Qian_2020_Cell_Res,Macrophage,CD79B,0.0212,0.2384
Immune,Qian_2020_Cell_Res,Macrophage,CD8A,0.0096,0.1111
Immune,Qian_2020_Cell_Res,Macrophage,CD8B,0.0089,0.0814
Immune,Qian_2020_Cell_Res,Macrophage,CLEC10A,0.1832,0.0175
Immune,Qian_2020_Cell_Res,Macrophage,CLEC9A,0.0021,0.0018
Immune,Qian_2020_Cell_Res,Macrophage,CPA3,0.0041,0.0373
Immune,Qian_2020_Cell_Res,Macrophage,CSF3R,0.1531,0.0204
Immune,Qian_2020_Cell_Res,Macrophage,CXCR2,0.0068,0.0014
Immune,Qian_2020_Cell_Res,Macrophage,FCER1A,0.0308,0.0225
Immune,Qian_2020_Cell_Res,Macrophage,FCGR3B,0.0287,0.0052
Immune,Qian_2020_Cell_Res,Macrophage,FCN1,0.08,0.0349
Immune,Qian_2020_Cell_Res,Macrophage,GNLY,0.0294,0.1322
Immune,Qian_2020_Cell_Res,Macrophage,IL7R,0.1989,0.3044
Immune,Qian_2020_Cell_Res,Macrophage,JCHAIN,0.1627,0.2747
Immune,Qian_2020_Cell_Res,Macrophage,KIT,0.0027,0.0278
Immune,Qian_2020_Cell_Res,Macrophage,KLRD1,0.0068,0.0984
Immune,Qian_2020_Cell_Res,Macrophage,LILRA4,0.0103,0.0057
Immune,Qian_2020_Cell_Res,Macrophage,MERTK,0.2427,0.0076
Immune,Qian_2020_Cell_Res,Macrophage,MS4A1,0.0116,0.1751
Immune,Qian_2020_Cell_Res,Macrophage,MZB1,0.0273,0.1694
Immune,Qian_2020_Cell_Res,Macrophage,NCR1,0.0,0.0071
Immune,Qian_2020_Cell_Res,Macrophage,NKG7,0.0971,0.2128
Immune,Qian_2020_Cell_Res,Macrophage,S100A8,0.2392,0.067
Immune,Qian_2020_Cell_Res,Macrophage,S100A9,0.5735,0.0849
Immune,Qian_2020_Cell_Res,Macrophage,SDC1,0.0308,0.0533
Immune,Qian_2020_Cell_Res,Macrophage,TPSAB1,0.0355,0.0432
Immune,Qian_2020_Cell_Res,Macrophage,TPSB2,0.0772,0.0572
Immune,Qian_2020_Cell_Res,Macrophage,VCAN,0.1702,0.0483
Immune,Qian_2020_Cell_Res,Macrophage,XBP1,0.3247,0.2865
Immune,Qian_2020_Cell_Res,Macrophage,XCR1,0.0007,0.0016
Immune,Qian_2020_Cell_Res,Mast,APOE,0.1399,0.1522
Immune,Qian_2020_Cell_Res,Mast,C1QA,0.0252,0.1374
Immune,Qian_2020_Cell_Res,Mast,C1QB,0.0252,0.1306
Immune,Qian_2020_Cell_Res,Mast,C1QC,0.0092,0.1121
Immune,Qian_2020_Cell_Res,Mast,CD14,0.0138,0.1203
Immune,Qian_2020_Cell_Res,Mast,CD19,0.0023,0.0746
Immune,Qian_2020_Cell_Res,Mast,CD1C,0.0,0.0331
Immune,Qian_2020_Cell_Res,Mast,CD3D,0.0229,0.443
Immune,Qian_2020_Cell_Res,Mast,CD3E,0.0138,0.3537
Immune,Qian_2020_Cell_Res,Mast,CD4,0.0482,0.1559
Immune,Qian_2020_Cell_Res,Mast,CD68,0.172,0.1482
Immune,Qian_2020_Cell_Res,Mast,CD79A,0.0138,0.241
Immune,Qian_2020_Cell_Res,Mast,CD79B,0.0573,0.2205
Immune,Qian_2020_Cell_Res,Mast,CD8A,0.0092,0.1033
Immune,Qian_2020_Cell_Res,Mast,CD8B,0.0092,0.0758
Immune,Qian_2020_Cell_Res,Mast,CLEC10A,0.0023,0.0361
Immune,Qian_2020_Cell_Res,Mast,CLEC9A,0.0,0.0019
Immune,Qian_2020_Cell_Res,Mast,CPA3,0.9312,0.0046
Immune,Qian_2020_Cell_Res,Mast,CSF3R,0.0023,0.0355
Immune,Qian_2020_Cell_Res,Mast,CXCR2,0.0023,0.0019
Immune,Qian_2020_Cell_Res,Mast,FCER1A,0.3463,0.0129
Immune,Qian_2020_Cell_Res,Mast,FCGR3B,0.0023,0.0078
Immune,Qian_2020_Cell_Res,Mast,FCN1,0.0023,0.0409
Immune,Qian_2020_Cell_Res,Mast,GNLY,0.0275,0.1244
Immune,Qian_2020_Cell_Res,Mast,IL7R,0.0321,0.3017
Immune,Qian_2020_Cell_Res,Mast,JCHAIN,0.2041,0.2647
Immune,Qian_2020_Cell_Res,Mast,KIT,0.711,0.0028
Immune,Qian_2020_Cell_Res,Mast,KLRD1,0.0,0.0916
Immune,Qian_2020_Cell_Res,Mast,LILRA4,0.0,0.0064
Immune,Qian_2020_Cell_Res,Mast,MERTK,0.0046,0.0334
Immune,Qian_2020_Cell_Res,Mast,MS4A1,0.0046,0.1628
Immune,Qian_2020_Cell_Res,Mast,MZB1,0.0252,0.1586
Immune,Qian_2020_Cell_Res,Mast,NCR1,0.0,0.0066
Immune,Qian_2020_Cell_Res,Mast,NKG7,0.1239,0.203
Immune,Qian_2020_Cell_Res,Mast,S100A8,0.0092,0.0878
Immune,Qian_2020_Cell_Res,Mast,S100A9,0.0183,0.1405
Immune,Qian_2020_Cell_Res,Mast,SDC1,0.0092,0.0523
Immune,Qian_2020_Cell_Res,Mast,TPSAB1,0.9702,0.0121
Immune,Qian_2020_Cell_Res,Mast,TPSB2,0.9197,0.0312
Immune,Qian_2020_Cell_Res,Mast,VCAN,0.0161,0.0627
Immune,Qian_2020_Cell_Res,Mast,XBP1,0.2317,0.2924
Immune,Qian_2020_Cell_Res,Mast,XCR1,0.0,0.0016
Immune,Qian_2020_Cell_Res,Monocyte,APOE,0.2504,0.1469
Immune,Qian_2020_Cell_Res,Monocyte,C1QA,0.1426,0.1334
Immune,Qian_2020_Cell_Res,Monocyte,C1QB,0.0728,0.13
Immune,Qian_2020_Cell_Res,Monocyte,C1QC,0.0774,0.1104
Immune,Qian_2020_Cell_Res,Monocyte,CD14,0.566,0.0944
Immune,Qian_2020_Cell_Res,Monocyte,CD19,0.003,0.0758
Immune,Qian_2020_Cell_Res,Monocyte,CD1C,0.0228,0.0325
Immune,Qian_2020_Cell_Res,Monocyte,CD3D,0.0212,0.4502
Immune,Qian_2020_Cell_Res,Monocyte,CD3E,0.0106,0.3597
Immune,Qian_2020_Cell_Res,Monocyte,CD4,0.2367,0.1483
Immune,Qian_2020_Cell_Res,Monocyte,CD68,0.6191,0.1254
Immune,Qian_2020_Cell_Res,Monocyte,CD79A,0.0106,0.245
Immune,Qian_2020_Cell_Res,Monocyte,CD79B,0.0243,0.225
Immune,Qian_2020_Cell_Res,Monocyte,CD8A,0.0015,0.1053
Immune,Qian_2020_Cell_Res,Monocyte,CD8B,0.0,0.0774
Immune,Qian_2020_Cell_Res,Monocyte,CLEC10A,0.1062,0.0315
Immune,Qian_2020_Cell_Res,Monocyte,CLEC9A,0.0,0.0019
Immune,Qian_2020_Cell_Res,Monocyte,CPA3,0.0046,0.0353
Immune,Qian_2020_Cell_Res,Monocyte,CSF3R,0.2185,0.0252
Immune,Qian_2020_Cell_Res,Monocyte,CXCR2,0.0015,0.002
Immune,Qian_2020_Cell_Res,Monocyte,FCER1A,0.0182,0.0236
Immune,Qian_2020_Cell_Res,Monocyte,FCGR3B,0.0091,0.0076
Immune,Qian_2020_Cell_Res,Monocyte,FCN1,0.5387,0.0147
Immune,Qian_2020_Cell_Res,Monocyte,GNLY,0.0228,0.1263
Immune,Qian_2020_Cell_Res,Monocyte,IL7R,0.0744,0.3042
Immune,Qian_2020_Cell_Res,Monocyte,JCHAIN,0.1153,0.2702
Immune,Qian_2020_Cell_Res,Monocyte,KIT,0.0,0.0264
Immune,Qian_2020_Cell_Res,Monocyte,KLRD1,0.0061,0.0928
Immune,Qian_2020_Cell_Res,Monocyte,LILRA4,0.0152,0.0058
Immune,Qian_2020_Cell_Res,Monocyte,MERTK,0.0713,0.0306
Immune,Qian_2020_Cell_Res,Monocyte,MS4A1,0.003,0.1656
Immune,Qian_2020_Cell_Res,Monocyte,MZB1,0.0182,0.1612
Immune,Qian_2020_Cell_Res,Monocyte,NCR1,0.0,0.0067
Immune,Qian_2020_Cell_Res,Monocyte,NKG7,0.0774,0.2067
Immune,Qian_2020_Cell_Res,Monocyte,S100A8,0.783,0.0503
Immune,Qian_2020_Cell_Res,Monocyte,S100A9,0.8665,0.1001
Immune,Qian_2020_Cell_Res,Monocyte,SDC1,0.0273,0.0521
Immune,Qian_2020_Cell_Res,Monocyte,TPSAB1,0.003,0.0443
Immune,Qian_2020_Cell_Res,Monocyte,TPSB2,0.0152,0.0615
Immune,Qian_2020_Cell_Res,Monocyte,VCAN,0.7117,0.0287
Immune,Qian_2020_Cell_Res,Monocyte,XBP1,0.4173,0.2842
Immune,Qian_2020_Cell_Res,Monocyte,XCR1,0.0,0.0016
Immune,Qian_2020_Cell_Res,NK,APOE,0.0726,0.1537
Immune,Qian_2020_Cell_Res,NK,C1QA,0.0379,0.1361
Immune,Qian_2020_Cell_Res,NK,C1QB,0.0315,0.1295
Immune,Qian_2020_Cell_Res,NK,C1QC,0.0189,0.1109
Immune,Qian_2020_Cell_Res,NK,CD14,0.0126,0.1194
Immune,Qian_2020_Cell_Res,NK,CD19,0.0,0.074
Immune,Qian_2020_Cell_Res,NK,CD1C,0.0126,0.0325
Immune,Qian_2020_Cell_Res,NK,CD3D,0.1388,0.4366
Immune,Qian_2020_Cell_Res,NK,CD3E,0.2366,0.3455
Immune,Qian_2020_Cell_Res,NK,CD4,0.0221,0.1556
Immune,Qian_2020_Cell_Res,NK,CD68,0.0379,0.1516
Immune,Qian_2020_Cell_Res,NK,CD79A,0.0379,0.2384
Immune,Qian_2020_Cell_Res,NK,CD79B,0.0568,0.2191
Immune,Qian_2020_Cell_Res,NK,CD8A,0.1009,0.1003
Immune,Qian_2020_Cell_Res,NK,CD8B,0.0158,0.0751
Immune,Qian_2020_Cell_Res,NK,CLEC10A,0.0032,0.0358
Immune,Qian_2020_Cell_Res,NK,CLEC9A,0.0221,0.0013
Immune,Qian_2020_Cell_Res,NK,CPA3,0.0,0.0346
Immune,Qian_2020_Cell_Res,NK,CSF3R,0.0032,0.0352
Immune,Qian_2020_Cell_Res,NK,CXCR2,0.0095,0.0018
Immune,Qian_2020_Cell_Res,NK,FCER1A,0.0,0.0239
Immune,Qian_2020_Cell_Res,NK,FCGR3B,0.0126,0.0076
Immune,Qian_2020_Cell_Res,NK,FCN1,0.0032,0.0405
Immune,Qian_2020_Cell_Res,NK,GNLY,0.7445,0.1067
Immune,Qian_2020_Cell_Res,NK,IL7R,0.2965,0.2931
Immune,Qian_2020_Cell_Res,NK,JCHAIN,0.1136,0.2663
Immune,Qian_2020_Cell_Res,NK,KIT,0.0315,0.025
Immune,Qian_2020_Cell_Res,NK,KLRD1,0.7287,0.0737
Immune,Qian_2020_Cell_Res,NK,LILRA4,0.0,0.0064
Immune,Qian_2020_Cell_Res,NK,MERTK,0.0,0.0333
Immune,Qian_2020_Cell_Res,NK,MS4A1,0.0095,0.1613
Immune,Qian_2020_Cell_Res,NK,MZB1,0.0568,0.1566
Immune,Qian_2020_Cell_Res,NK,NCR1,0.082,0.0046
Immune,Qian_2020_Cell_Res,NK,NKG7,0.735,0.188
Immune,Qian_2020_Cell_Res,NK,S100A8,0.0221,0.0868
Immune,Qian_2020_Cell_Res,NK,S100A9,0.041,0.1389
Immune,Qian_2020_Cell_Res,NK,SDC1,0.0158,0.0517
Immune,Qian_2020_Cell_Res,NK,TPSAB1,0.0126,0.043
Immune,Qian_2020_Cell_Res,NK,TPSB2,0.041,0.0597
Immune,Qian_2020_Cell_Res,NK,VCAN,0.0095,0.0625
Immune,Qian_2020_Cell_Res,NK,XBP1,0.306,0.2902
Immune,Qian_2020_Cell_Res,NK,XCR1,0.0158,0.0012
Immune,Qian_2020_Cell_Res,Neutrophil,APOE,0.0388,0.1527
Immune,Qian_2020_Cell_Res,Neutrophil,C1QA,0.0097,0.1348
Immune,Qian_2020_Cell_Res,Neutrophil,C1QB,0.0194,0.1281
Immune,Qian_2020_Cell_Res,Neutrophil,C1QC,0.0,0.1096
Immune,Qian_2020_Cell_Res,Neutrophil,CD14,0.1942,0.1163
Immune,Qian_2020_Cell_Res,Neutrophil,CD19,0.0,0.0729
Immune,Qian_2020_Cell_Res,Neutrophil,CD1C,0.0,0.0323
Immune,Qian_2020_Cell_Res,Neutrophil,CD3D,0.0097,0.4329
Immune,Qian_2020_Cell_Res,Neutrophil,CD3E,0.0,0.3456
Immune,Qian_2020_Cell_Res,Neutrophil,CD4,0.0,0.1537
Immune,Qian_2020_Cell_Res,Neutrophil,CD68,0.068,0.1496
Immune,Qian_2020_Cell_Res,Neutrophil,CD79A,0.0,0.2356
Immune,Qian_2020_Cell_Res,Neutrophil,CD79B,0.0,0.217
Immune,Qian_2020_Cell_Res,Neutrophil,CD8A,0.0097,0.101
Immune,Qian_2020_Cell_Res,Neutrophil,CD8B,0.0,0.0743
Immune,Qian_2020_Cell_Res,Neutrophil,CLEC10A,0.0,0.0353
Immune,Qian_2020_Cell_Res,Neutrophil,CLEC9A,0.0,0.0018
Immune,Qian_2020_Cell_Res,Neutrophil,CPA3,0.0,0.0341
Immune,Qian_2020_Cell_Res,Neutrophil,CSF3R,0.2913,0.0325
Immune,Qian_2020_Cell_Res,Neutrophil,CXCR2,0.0583,0.0015
Immune,Qian_2020_Cell_Res,Neutrophil,FCER1A,0.0,0.0236
Immune,Qian_2020_Cell_Res,Neutrophil,FCGR3B,0.3689,0.005
Immune,Qian_2020_Cell_Res,Neutrophil,FCN1,0.0291,0.0398
Immune,Qian_2020_Cell_Res,Neutrophil,GNLY,0.0,0.1222
Immune,Qian_2020_Cell_Res,Neutrophil,IL7R,0.0,0.2954
Immune,Qian_2020_Cell_Res,Neutrophil,JCHAIN,0.0291,0.2646
Immune,Qian_2020_Cell_Res,Neutrophil,KIT,0.0,0.0253
Immune,Qian_2020_Cell_Res,Neutrophil,KLRD1,0.0,0.0894
Immune,Qian_2020_Cell_Res,Neutrophil,LILRA4,0.0,0.0063
Immune,Qian_2020_Cell_Res,Neutrophil,MERTK,0.0,0.0327
Immune,Qian_2020_Cell_Res,Neutrophil,MS4A1,0.0,0.159
Immune,Qian_2020_Cell_Res,Neutrophil,MZB1,0.0097,0.1554
Immune,Qian_2020_Cell_Res,Neutrophil,NCR1,0.0097,0.0063
Immune,Qian_2020_Cell_Res,Neutrophil,NKG7,0.0097,0.202
Immune,Qian_2020_Cell_Res,Neutrophil,S100A8,0.8447,0.0796
Immune,Qian_2020_Cell_Res,Neutrophil,S100A9,0.8155,0.1316
Immune,Qian_2020_Cell_Res,Neutrophil,SDC1,0.0,0.0513
Immune,Qian_2020_Cell_Res,Neutrophil,TPSAB1,0.0,0.0427
Immune,Qian_2020_Cell_Res,Neutrophil,TPSB2,0.0,0.0597
Immune,Qian_2020_Cell_Res,Neutrophil,VCAN,0.0,0.0617
Immune,Qian_2020_Cell_Res,Neutrophil,XBP1,0.1456,0.2916
Immune,Qian_2020_Cell_Res,Neutrophil,XCR1,0.0,0.0015
Immune,Qian_2020_Cell_Res,Plasma,APOE,0.0693,0.1611
Immune,Qian_2020_Cell_Res,Plasma,C1QA,0.0522,0.1431
Immune,Qian_2020_Cell_Res,Plasma,C1QB,0.0565,0.1353
Immune,Qian_2020_Cell_Res,Plasma,C1QC,0.0329,0.1174
Immune,Qian_2020_Cell_Res,Plasma,CD14,0.0257,0.1272
Immune,Qian_2020_Cell_Res,Plasma,CD19,0.0886,0.0705
Immune,Qian_2020_Cell_Res,Plasma,CD1C,0.0029,0.0354
Immune,Qian_2020_Cell_Res,Plasma,CD3D,0.0765,0.4696
Immune,Qian_2020_Cell_Res,Plasma,CD3E,0.0307,0.3782
Immune,Qian_2020_Cell_Res,Plasma,CD4,0.0143,0.1681
Immune,Qian_2020_Cell_Res,Plasma,CD68,0.0415,0.1611
Immune,Qian_2020_Cell_Res,Plasma,CD79A,0.7148,0.1796
Immune,Qian_2020_Cell_Res,Plasma,CD79B,0.3081,0.2049
Immune,Qian_2020_Cell_Res,Plasma,CD8A,0.0122,0.1103
Immune,Qian_2020_Cell_Res,Plasma,CD8B,0.01,0.0809
Immune,Qian_2020_Cell_Res,Plasma,CLEC10A,0.0021,0.0387
Immune,Qian_2020_Cell_Res,Plasma,CLEC9A,0.0007,0.0019
Immune,Qian_2020_Cell_Res,Plasma,CPA3,0.0093,0.0366
Immune,Qian_2020_Cell_Res,Plasma,CSF3R,0.0021,0.0381
Immune,Qian_2020_Cell_Res,Plasma,CXCR2,0.0007,0.0021
Immune,Qian_2020_Cell_Res,Plasma,FCER1A,0.0,0.026
Immune,Qian_2020_Cell_Res,Plasma,FCGR3B,0.0,0.0085
Immune,Qian_2020_Cell_Res,Plasma,FCN1,0.0007,0.0441
Immune,Qian_2020_Cell_Res,Plasma,GNLY,0.0636,0.1278
Immune,Qian_2020_Cell_Res,Plasma,IL7R,0.025,0.3234
Immune,Qian_2020_Cell_Res,Plasma,JCHAIN,0.955,0.1848
Immune,Qian_2020_Cell_Res,Plasma,KIT,0.0036,0.0275
Immune,Qian_2020_Cell_Res,Plasma,KLRD1,0.0164,0.0968
Immune,Qian_2020_Cell_Res,Plasma,LILRA4,0.0014,0.0068
Immune,Qian_2020_Cell_Res,Plasma,MERTK,0.0157,0.0344
Immune,Qian_2020_Cell_Res,Plasma,MS4A1,0.0129,0.1742
Immune,Qian_2020_Cell_Res,Plasma,MZB1,0.9385,0.066
Immune,Qian_2020_Cell_Res,Plasma,NCR1,0.0,0.0071
Immune,Qian_2020_Cell_Res,Plasma,NKG7,0.0457,0.218
Immune,Qian_2020_Cell_Res,Plasma,S100A8,0.015,0.0932
Immune,Qian_2020_Cell_Res,Plasma,S100A9,0.0336,0.1483
Immune,Qian_2020_Cell_Res,Plasma,SDC1,0.386,0.0131
Immune,Qian_2020_Cell_Res,Plasma,TPSAB1,0.015,0.0454
Immune,Qian_2020_Cell_Res,Plasma,TPSB2,0.04,0.0615
Immune,Qian_2020_Cell_Res,Plasma,VCAN,0.0071,0.0673
Immune,Qian_2020_Cell_Res,Plasma,XBP1,0.8856,0.2235
Immune,Qian_2020_Cell_Res,Plasma,XCR1,0.0079,0.0008
Immune,Qin_2023_Cell_Rep_Med,B,APOE,0.0019,0.0196
Immune,Qin_2023_Cell_Rep_Med,B,C1QA,0.0021,0.0258
Immune,Qin_2023_Cell_Rep_Med,B,C1QB,0.0019,0.023
Immune,Qin_2023_Cell_Rep_Med,B,C1QC,0.0005,0.0159
Immune,Qin_2023_Cell_Rep_Med,B,CD14,0.0008,0.0155
Immune,Qin_2023_Cell_Rep_Med,B,CD19,0.27,0.0408
Immune,Qin_2023_Cell_Rep_Med,B,CD1C,0.0354,0.0074
Immune,Qin_2023_Cell_Rep_Med,B,CD3D,0.0228,0.2741
Immune,Qin_2023_Cell_Rep_Med,B,CD3E,0.0038,0.0676
Immune,Qin_2023_Cell_Rep_Med,B,CD4,0.0017,0.0528
Immune,Qin_2023_Cell_Rep_Med,B,CD68,0.0124,0.0356
Immune,Qin_2023_Cell_Rep_Med,B,CD79A,0.4005,0.1902
Immune,Qin_2023_Cell_Rep_Med,B,CD79B,0.1823,0.0898
Immune,Qin_2023_Cell_Rep_Med,B,CD8A,0.0043,0.0806
Immune,Qin_2023_Cell_Rep_Med,B,CD8B,0.0051,0.0455
Immune,Qin_2023_Cell_Rep_Med,B,CLEC10A,0.0004,0.0101
Immune,Qin_2023_Cell_Rep_Med,B,CLEC9A,0.0004,0.0019
Immune,Qin_2023_Cell_Rep_Med,B,CPA3,0.0015,0.0196
Immune,Qin_2023_Cell_Rep_Med,B,CSF3R,0.0005,0.0053
Immune,Qin_2023_Cell_Rep_Med,B,CXCR2,0.0003,0.0008
Immune,Qin_2023_Cell_Rep_Med,B,FCER1A,0.0,0.0039
Immune,Qin_2023_Cell_Rep_Med,B,FCGR3B,0.0003,0.0007
Immune,Qin_2023_Cell_Rep_Med,B,FCN1,0.0008,0.0015
Immune,Qin_2023_Cell_Rep_Med,B,GNLY,0.0086,0.0824
Immune,Qin_2023_Cell_Rep_Med,B,IL7R,0.0207,0.2261
Immune,Qin_2023_Cell_Rep_Med,B,JCHAIN,0.169,0.5274
Immune,Qin_2023_Cell_Rep_Med,B,KIT,0.0012,0.0165
Immune,Qin_2023_Cell_Rep_Med,B,KLRD1,0.0042,0.0301
Immune,Qin_2023_Cell_Rep_Med,B,LILRA4,0.0032,0.0026
Immune,Qin_2023_Cell_Rep_Med,B,MERTK,0.0007,0.0093
Immune,Qin_2023_Cell_Rep_Med,B,MS4A1,0.5744,0.0067
Immune,Qin_2023_Cell_Rep_Med,B,MZB1,0.051,0.4436
Immune,Qin_2023_Cell_Rep_Med,B,NCR1,0.0001,0.0037
Immune,Qin_2023_Cell_Rep_Med,B,NKG7,0.0085,0.1011
Immune,Qin_2023_Cell_Rep_Med,B,S100A8,0.0016,0.0041
Immune,Qin_2023_Cell_Rep_Med,B,S100A9,0.0015,0.0081
Immune,Qin_2023_Cell_Rep_Med,B,SDC1,0.0028,0.1873
Immune,Qin_2023_Cell_Rep_Med,B,TPSAB1,0.0005,0.0155
Immune,Qin_2023_Cell_Rep_Med,B,TPSB2,0.0039,0.0225
Immune,Qin_2023_Cell_Rep_Med,B,VCAN,0.002,0.004
Immune,Qin_2023_Cell_Rep_Med,B,XBP1,0.0509,0.4278
Immune,Qin_2023_Cell_Rep_Med,B,XCR1,0.0001,0.0024
Immune,Qin_2023_Cell_Rep_Med,CD4 T,APOE,0.004,0.0231
Immune,Qin_2023_Cell_Rep_Med,CD4 T,C1QA,0.0021,0.0316
Immune,Qin_2023_Cell_Rep_Med,CD4 T,C1QB,0.0017,0.0281
Immune,Qin_2023_Cell_Rep_Med,CD4 T,C1QC,0.0005,0.0196
Immune,Qin_2023_Cell_Rep_Med,CD4 T,CD14,0.001,0.019
Immune,Qin_2023_Cell_Rep_Med,CD4 T,CD19,0.0013,0.0774
Immune,Qin_2023_Cell_Rep_Med,CD4 T,CD1C,0.0004,0.0126
Immune,Qin_2023_Cell_Rep_Med,CD4 T,CD3D,0.5865,0.1421
Immune,Qin_2023_Cell_Rep_Med,CD4 T,CD3E,0.1382,0.037
Immune,Qin_2023_Cell_Rep_Med,CD4 T,CD4,0.1196,0.0249
Immune,Qin_2023_Cell_Rep_Med,CD4 T,CD68,0.0041,0.044
Immune,Qin_2023_Cell_Rep_Med,CD4 T,CD79A,0.0094,0.2731
Immune,Qin_2023_Cell_Rep_Med,CD4 T,CD79B,0.0342,0.1181
Immune,Qin_2023_Cell_Rep_Med,CD4 T,CD8A,0.0154,0.0952
Immune,Qin_2023_Cell_Rep_Med,CD4 T,CD8B,0.0071,0.0545
Immune,Qin_2023_Cell_Rep_Med,CD4 T,CLEC10A,0.0002,0.0125
Immune,Qin_2023_Cell_Rep_Med,CD4 T,CLEC9A,0.0002,0.0023
Immune,Qin_2023_Cell_Rep_Med,CD4 T,CPA3,0.0017,0.0239
Immune,Qin_2023_Cell_Rep_Med,CD4 T,CSF3R,0.0005,0.0065
Immune,Qin_2023_Cell_Rep_Med,CD4 T,CXCR2,0.0002,0.001
Immune,Qin_2023_Cell_Rep_Med,CD4 T,FCER1A,0.0001,0.0048
Immune,Qin_2023_Cell_Rep_Med,CD4 T,FCGR3B,0.0002,0.0009
Immune,Qin_2023_Cell_Rep_Med,CD4 T,FCN1,0.0005,0.0017
Immune,Qin_2023_Cell_Rep_Med,CD4 T,GNLY,0.0613,0.0822
Immune,Qin_2023_Cell_Rep_Med,CD4 T,IL7R,0.5002,0.1118
Immune,Qin_2023_Cell_Rep_Med,CD4 T,JCHAIN,0.1175,0.6312
Immune,Qin_2023_Cell_Rep_Med,CD4 T,KIT,0.0056,0.0188
Immune,Qin_2023_Cell_Rep_Med,CD4 T,KLRD1,0.0047,0.0361
Immune,Qin_2023_Cell_Rep_Med,CD4 T,LILRA4,0.0002,0.0035
Immune,Qin_2023_Cell_Rep_Med,CD4 T,MERTK,0.0011,0.0112
Immune,Qin_2023_Cell_Rep_Med,CD4 T,MS4A1,0.0036,0.065
Immune,Qin_2023_Cell_Rep_Med,CD4 T,MZB1,0.0305,0.545
Immune,Qin_2023_Cell_Rep_Med,CD4 T,NCR1,0.0013,0.0042
Immune,Qin_2023_Cell_Rep_Med,CD4 T,NKG7,0.0368,0.1137
Immune,Qin_2023_Cell_Rep_Med,CD4 T,S100A8,0.0011,0.0049
Immune,Qin_2023_Cell_Rep_Med,CD4 T,S100A9,0.0021,0.0095
Immune,Qin_2023_Cell_Rep_Med,CD4 T,SDC1,0.0045,0.2311
Immune,Qin_2023_Cell_Rep_Med,CD4 T,TPSAB1,0.0008,0.019
Immune,Qin_2023_Cell_Rep_Med,CD4 T,TPSB2,0.0037,0.027
Immune,Qin_2023_Cell_Rep_Med,CD4 T,VCAN,0.0023,0.0044
Immune,Qin_2023_Cell_Rep_Med,CD4 T,XBP1,0.1094,0.4985
Immune,Qin_2023_Cell_Rep_Med,CD4 T,XCR1,0.0001,0.003
Immune,Qin_2023_Cell_Rep_Med,CD8 T,APOE,0.0034,0.0199
Immune,Qin_2023_Cell_Rep_Med,CD8 T,C1QA,0.0028,0.0265
Immune,Qin_2023_Cell_Rep_Med,CD8 T,C1QB,0.002,0.0236
Immune,Qin_2023_Cell_Rep_Med,CD8 T,C1QC,0.0014,0.0163
Immune,Qin_2023_Cell_Rep_Med,CD8 T,CD14,0.0009,0.016
Immune,Qin_2023_Cell_Rep_Med,CD8 T,CD19,0.0018,0.0645
Immune,Qin_2023_Cell_Rep_Med,CD8 T,CD1C,0.0002,0.0106
Immune,Qin_2023_Cell_Rep_Med,CD8 T,CD3D,0.6282,0.2123
Immune,Qin_2023_Cell_Rep_Med,CD8 T,CD3E,0.1649,0.051
Immune,Qin_2023_Cell_Rep_Med,CD8 T,CD4,0.0122,0.0532
Immune,Qin_2023_Cell_Rep_Med,CD8 T,CD68,0.0057,0.0371
Immune,Qin_2023_Cell_Rep_Med,CD8 T,CD79A,0.0073,0.2288
Immune,Qin_2023_Cell_Rep_Med,CD8 T,CD79B,0.011,0.1066
Immune,Qin_2023_Cell_Rep_Med,CD8 T,CD8A,0.5332,0.0222
Immune,Qin_2023_Cell_Rep_Med,CD8 T,CD8B,0.3229,0.0102
Immune,Qin_2023_Cell_Rep_Med,CD8 T,CLEC10A,0.0003,0.0104
Immune,Qin_2023_Cell_Rep_Med,CD8 T,CLEC9A,0.0002,0.002
Immune,Qin_2023_Cell_Rep_Med,CD8 T,CPA3,0.0022,0.0201
Immune,Qin_2023_Cell_Rep_Med,CD8 T,CSF3R,0.0003,0.0055
Immune,Qin_2023_Cell_Rep_Med,CD8 T,CXCR2,0.0004,0.0008
Immune,Qin_2023_Cell_Rep_Med,CD8 T,FCER1A,0.0001,0.004
Immune,Qin_2023_Cell_Rep_Med,CD8 T,FCGR3B,0.001,0.0007
Immune,Qin_2023_Cell_Rep_Med,CD8 T,FCN1,0.0006,0.0015
Immune,Qin_2023_Cell_Rep_Med,CD8 T,GNLY,0.2626,0.0555
Immune,Qin_2023_Cell_Rep_Med,CD8 T,IL7R,0.3266,0.1973
Immune,Qin_2023_Cell_Rep_Med,CD8 T,JCHAIN,0.1528,0.5405
Immune,Qin_2023_Cell_Rep_Med,CD8 T,KIT,0.0038,0.0167
Immune,Qin_2023_Cell_Rep_Med,CD8 T,KLRD1,0.1503,0.0141
Immune,Qin_2023_Cell_Rep_Med,CD8 T,LILRA4,0.0002,0.0029
Immune,Qin_2023_Cell_Rep_Med,CD8 T,MERTK,0.001,0.0095
Immune,Qin_2023_Cell_Rep_Med,CD8 T,MS4A1,0.0101,0.0539
Immune,Qin_2023_Cell_Rep_Med,CD8 T,MZB1,0.0382,0.4573
Immune,Qin_2023_Cell_Rep_Med,CD8 T,NCR1,0.0129,0.0024
Immune,Qin_2023_Cell_Rep_Med,CD8 T,NKG7,0.5073,0.0466
Immune,Qin_2023_Cell_Rep_Med,CD8 T,S100A8,0.0013,0.0042
Immune,Qin_2023_Cell_Rep_Med,CD8 T,S100A9,0.0029,0.0082
Immune,Qin_2023_Cell_Rep_Med,CD8 T,SDC1,0.0048,0.1928
Immune,Qin_2023_Cell_Rep_Med,CD8 T,TPSAB1,0.0019,0.0158
Immune,Qin_2023_Cell_Rep_Med,CD8 T,TPSB2,0.0035,0.0231
Immune,Qin_2023_Cell_Rep_Med,CD8 T,VCAN,0.0022,0.0041
Immune,Qin_2023_Cell_Rep_Med,CD8 T,XBP1,0.1233,0.4313
Immune,Qin_2023_Cell_Rep_Med,CD8 T,XCR1,0.0001,0.0025
Immune,Qin_2023_Cell_Rep_Med,Dendritic cell,APOE,0.0,0.0183
Immune,Qin_2023_Cell_Rep_Med,Dendritic cell,C1QA,0.0846,0.0239
Immune,Qin_2023_Cell_Rep_Med,Dendritic cell,C1QB,0.0538,0.0213
Immune,Qin_2023_Cell_Rep_Med,Dendritic cell,C1QC,0.0269,0.0147
Immune,Qin_2023_Cell_Rep_Med,Dendritic cell,CD14,0.0115,0.0144
Immune,Qin_2023_Cell_Rep_Med,Dendritic cell,CD19,0.0,0.0582
Immune,Qin_2023_Cell_Rep_Med,Dendritic cell,CD1C,0.5038,0.0082
Immune,Qin_2023_Cell_Rep_Med,Dendritic cell,CD3D,0.0308,0.2558
Immune,Qin_2023_Cell_Rep_Med,Dendritic cell,CD3E,0.0077,0.0629
Immune,Qin_2023_Cell_Rep_Med,Dendritic cell,CD4,0.0962,0.0489
Immune,Qin_2023_Cell_Rep_Med,Dendritic cell,CD68,0.15,0.0336
Immune,Qin_2023_Cell_Rep_Med,Dendritic cell,CD79A,0.0038,0.2065
Immune,Qin_2023_Cell_Rep_Med,Dendritic cell,CD79B,0.0,0.097
Immune,Qin_2023_Cell_Rep_Med,Dendritic cell,CD8A,0.0231,0.075
Immune,Qin_2023_Cell_Rep_Med,Dendritic cell,CD8B,0.0077,0.0425
Immune,Qin_2023_Cell_Rep_Med,Dendritic cell,CLEC10A,0.5538,0.0079
Immune,Qin_2023_Cell_Rep_Med,Dendritic cell,CLEC9A,0.0769,0.0016
Immune,Qin_2023_Cell_Rep_Med,Dendritic cell,CPA3,0.0,0.0183
Immune,Qin_2023_Cell_Rep_Med,Dendritic cell,CSF3R,0.0538,0.0048
Immune,Qin_2023_Cell_Rep_Med,Dendritic cell,CXCR2,0.0,0.0008
Immune,Qin_2023_Cell_Rep_Med,Dendritic cell,FCER1A,0.1923,0.0031
Immune,Qin_2023_Cell_Rep_Med,Dendritic cell,FCGR3B,0.0,0.0007
Immune,Qin_2023_Cell_Rep_Med,Dendritic cell,FCN1,0.0154,0.0014
Immune,Qin_2023_Cell_Rep_Med,Dendritic cell,GNLY,0.0,0.0771
Immune,Qin_2023_Cell_Rep_Med,Dendritic cell,IL7R,0.1615,0.2108
Immune,Qin_2023_Cell_Rep_Med,Dendritic cell,JCHAIN,0.1269,0.5015
Immune,Qin_2023_Cell_Rep_Med,Dendritic cell,KIT,0.0038,0.0154
Immune,Qin_2023_Cell_Rep_Med,Dendritic cell,KLRD1,0.0038,0.0282
Immune,Qin_2023_Cell_Rep_Med,Dendritic cell,LILRA4,0.1885,0.0021
Immune,Qin_2023_Cell_Rep_Med,Dendritic cell,MERTK,0.0,0.0087
Immune,Qin_2023_Cell_Rep_Med,Dendritic cell,MS4A1,0.0192,0.0494
Immune,Qin_2023_Cell_Rep_Med,Dendritic cell,MZB1,0.0731,0.415
Immune,Qin_2023_Cell_Rep_Med,Dendritic cell,NCR1,0.0,0.0035
Immune,Qin_2023_Cell_Rep_Med,Dendritic cell,NKG7,0.0154,0.0943
Immune,Qin_2023_Cell_Rep_Med,Dendritic cell,S100A8,0.0,0.0039
Immune,Qin_2023_Cell_Rep_Med,Dendritic cell,S100A9,0.0115,0.0076
Immune,Qin_2023_Cell_Rep_Med,Dendritic cell,SDC1,0.0038,0.1739
Immune,Qin_2023_Cell_Rep_Med,Dendritic cell,TPSAB1,0.0,0.0144
Immune,Qin_2023_Cell_Rep_Med,Dendritic cell,TPSB2,0.0038,0.0211
Immune,Qin_2023_Cell_Rep_Med,Dendritic cell,VCAN,0.0,0.0039
Immune,Qin_2023_Cell_Rep_Med,Dendritic cell,XBP1,0.1846,0.4001
Immune,Qin_2023_Cell_Rep_Med,Dendritic cell,XCR1,0.05,0.0021
Immune,Qin_2023_Cell_Rep_Med,Macrophage,APOE,0.5332,0.0065
Immune,Qin_2023_Cell_Rep_Med,Macrophage,C1QA,0.8745,0.0046
Immune,Qin_2023_Cell_Rep_Med,Macrophage,C1QB,0.8072,0.0034
Immune,Qin_2023_Cell_Rep_Med,Macrophage,C1QC,0.5932,0.0015
Immune,Qin_2023_Cell_Rep_Med,Macrophage,CD14,0.5454,0.0023
Immune,Qin_2023_Cell_Rep_Med,Macrophage,CD19,0.0041,0.0593
Immune,Qin_2023_Cell_Rep_Med,Macrophage,CD1C,0.0939,0.0076
Immune,Qin_2023_Cell_Rep_Med,Macrophage,CD3D,0.0619,0.2596
Immune,Qin_2023_Cell_Rep_Med,Macrophage,CD3E,0.0163,0.0639
Immune,Qin_2023_Cell_Rep_Med,Macrophage,CD4,0.34,0.0423
Immune,Qin_2023_Cell_Rep_Med,Macrophage,CD68,0.7106,0.0184
Immune,Qin_2023_Cell_Rep_Med,Macrophage,CD79A,0.0117,0.2104
Immune,Qin_2023_Cell_Rep_Med,Macrophage,CD79B,0.014,0.0987
Immune,Qin_2023_Cell_Rep_Med,Macrophage,CD8A,0.0135,0.0763
Immune,Qin_2023_Cell_Rep_Med,Macrophage,CD8B,0.0068,0.0432
Immune,Qin_2023_Cell_Rep_Med,Macrophage,CLEC10A,0.1914,0.0052
Immune,Qin_2023_Cell_Rep_Med,Macrophage,CLEC9A,0.0023,0.0018
Immune,Qin_2023_Cell_Rep_Med,Macrophage,CPA3,0.0018,0.0186
Immune,Qin_2023_Cell_Rep_Med,Macrophage,CSF3R,0.1251,0.0022
Immune,Qin_2023_Cell_Rep_Med,Macrophage,CXCR2,0.0117,0.0005
Immune,Qin_2023_Cell_Rep_Med,Macrophage,FCER1A,0.0235,0.0032
Immune,Qin_2023_Cell_Rep_Med,Macrophage,FCGR3B,0.0099,0.0005
Immune,Qin_2023_Cell_Rep_Med,Macrophage,FCN1,0.0086,0.0013
Immune,Qin_2023_Cell_Rep_Med,Macrophage,GNLY,0.0321,0.0779
Immune,Qin_2023_Cell_Rep_Med,Macrophage,IL7R,0.2939,0.2088
Immune,Qin_2023_Cell_Rep_Med,Macrophage,JCHAIN,0.1684,0.5081
Immune,Qin_2023_Cell_Rep_Med,Macrophage,KIT,0.0,0.0157
Immune,Qin_2023_Cell_Rep_Med,Macrophage,KLRD1,0.0063,0.0286
Immune,Qin_2023_Cell_Rep_Med,Macrophage,LILRA4,0.0041,0.0026
Immune,Qin_2023_Cell_Rep_Med,Macrophage,MERTK,0.1612,0.0052
Immune,Qin_2023_Cell_Rep_Med,Macrophage,MS4A1,0.0072,0.0503
Immune,Qin_2023_Cell_Rep_Med,Macrophage,MZB1,0.042,0.4226
Immune,Qin_2023_Cell_Rep_Med,Macrophage,NCR1,0.0005,0.0035
Immune,Qin_2023_Cell_Rep_Med,Macrophage,NKG7,0.0926,0.0942
Immune,Qin_2023_Cell_Rep_Med,Macrophage,S100A8,0.0831,0.0021
Immune,Qin_2023_Cell_Rep_Med,Macrophage,S100A9,0.1928,0.0034
Immune,Qin_2023_Cell_Rep_Med,Macrophage,SDC1,0.0104,0.1772
Immune,Qin_2023_Cell_Rep_Med,Macrophage,TPSAB1,0.0023,0.0146
Immune,Qin_2023_Cell_Rep_Med,Macrophage,TPSB2,0.0077,0.0214
Immune,Qin_2023_Cell_Rep_Med,Macrophage,VCAN,0.0208,0.0035
Immune,Qin_2023_Cell_Rep_Med,Macrophage,XBP1,0.3106,0.4015
Immune,Qin_2023_Cell_Rep_Med,Macrophage,XCR1,0.0005,0.0023
Immune,Qin_2023_Cell_Rep_Med,Mast,APOE,0.0733,0.0173
Immune,Qin_2023_Cell_Rep_Med,Mast,C1QA,0.0036,0.0244
Immune,Qin_2023_Cell_Rep_Med,Mast,C1QB,0.0018,0.0217
Immune,Qin_2023_Cell_Rep_Med,Mast,C1QC,0.0006,0.015
Immune,Qin_2023_Cell_Rep_Med,Mast,CD14,0.0018,0.0146
Immune,Qin_2023_Cell_Rep_Med,Mast,CD19,0.0054,0.059
Immune,Qin_2023_Cell_Rep_Med,Mast,CD1C,0.0,0.0097
Immune,Qin_2023_Cell_Rep_Med,Mast,CD3D,0.042,0.2588
Immune,Qin_2023_Cell_Rep_Med,Mast,CD3E,0.012,0.0637
Immune,Qin_2023_Cell_Rep_Med,Mast,CD4,0.0492,0.049
Immune,Qin_2023_Cell_Rep_Med,Mast,CD68,0.1532,0.0318
Immune,Qin_2023_Cell_Rep_Med,Mast,CD79A,0.015,0.2092
Immune,Qin_2023_Cell_Rep_Med,Mast,CD79B,0.0486,0.0976
Immune,Qin_2023_Cell_Rep_Med,Mast,CD8A,0.009,0.076
Immune,Qin_2023_Cell_Rep_Med,Mast,CD8B,0.0066,0.043
Immune,Qin_2023_Cell_Rep_Med,Mast,CLEC10A,0.0006,0.0095
Immune,Qin_2023_Cell_Rep_Med,Mast,CLEC9A,0.0,0.0018
Immune,Qin_2023_Cell_Rep_Med,Mast,CPA3,0.9363,0.0026
Immune,Qin_2023_Cell_Rep_Med,Mast,CSF3R,0.0018,0.005
Immune,Qin_2023_Cell_Rep_Med,Mast,CXCR2,0.0012,0.0008
Immune,Qin_2023_Cell_Rep_Med,Mast,FCER1A,0.0967,0.002
Immune,Qin_2023_Cell_Rep_Med,Mast,FCGR3B,0.0,0.0007
Immune,Qin_2023_Cell_Rep_Med,Mast,FCN1,0.0,0.0014
Immune,Qin_2023_Cell_Rep_Med,Mast,GNLY,0.0174,0.0779
Immune,Qin_2023_Cell_Rep_Med,Mast,IL7R,0.0625,0.2132
Immune,Qin_2023_Cell_Rep_Med,Mast,JCHAIN,0.1526,0.5065
Immune,Qin_2023_Cell_Rep_Med,Mast,KIT,0.5964,0.0055
Immune,Qin_2023_Cell_Rep_Med,Mast,KLRD1,0.0084,0.0285
Immune,Qin_2023_Cell_Rep_Med,Mast,LILRA4,0.0,0.0027
Immune,Qin_2023_Cell_Rep_Med,Mast,MERTK,0.0036,0.0087
Immune,Qin_2023_Cell_Rep_Med,Mast,MS4A1,0.0072,0.0501
Immune,Qin_2023_Cell_Rep_Med,Mast,MZB1,0.0408,0.4205
Immune,Qin_2023_Cell_Rep_Med,Mast,NCR1,0.0018,0.0035
Immune,Qin_2023_Cell_Rep_Med,Mast,NKG7,0.0432,0.095
Immune,Qin_2023_Cell_Rep_Med,Mast,S100A8,0.0006,0.004
Immune,Qin_2023_Cell_Rep_Med,Mast,S100A9,0.0024,0.0077
Immune,Qin_2023_Cell_Rep_Med,Mast,SDC1,0.0096,0.1762
Immune,Qin_2023_Cell_Rep_Med,Mast,TPSAB1,0.7598,0.0016
Immune,Qin_2023_Cell_Rep_Med,Mast,TPSB2,0.9652,0.005
Immune,Qin_2023_Cell_Rep_Med,Mast,VCAN,0.0048,0.0038
Immune,Qin_2023_Cell_Rep_Med,Mast,XBP1,0.2601,0.4019
Immune,Qin_2023_Cell_Rep_Med,Mast,XCR1,0.0006,0.0023
Immune,Qin_2023_Cell_Rep_Med,Monocyte,APOE,0.0429,0.0182
Immune,Qin_2023_Cell_Rep_Med,Monocyte,C1QA,0.0714,0.024
Immune,Qin_2023_Cell_Rep_Med,Monocyte,C1QB,0.0143,0.0214
Immune,Qin_2023_Cell_Rep_Med,Monocyte,C1QC,0.0,0.0148
Immune,Qin_2023_Cell_Rep_Med,Monocyte,CD14,0.3429,0.0142
Immune,Qin_2023_Cell_Rep_Med,Monocyte,CD19,0.0,0.0581
Immune,Qin_2023_Cell_Rep_Med,Monocyte,CD1C,0.0,0.0095
Immune,Qin_2023_Cell_Rep_Med,Monocyte,CD3D,0.0143,0.2553
Immune,Qin_2023_Cell_Rep_Med,Monocyte,CD3E,0.0,0.0628
Immune,Qin_2023_Cell_Rep_Med,Monocyte,CD4,0.0429,0.049
Immune,Qin_2023_Cell_Rep_Med,Monocyte,CD68,0.3857,0.0336
Immune,Qin_2023_Cell_Rep_Med,Monocyte,CD79A,0.0,0.2061
Immune,Qin_2023_Cell_Rep_Med,Monocyte,CD79B,0.0571,0.0968
Immune,Qin_2023_Cell_Rep_Med,Monocyte,CD8A,0.0,0.075
Immune,Qin_2023_Cell_Rep_Med,Monocyte,CD8B,0.0,0.0425
Immune,Qin_2023_Cell_Rep_Med,Monocyte,CLEC10A,0.1286,0.0093
Immune,Qin_2023_Cell_Rep_Med,Monocyte,CLEC9A,0.0,0.0018
Immune,Qin_2023_Cell_Rep_Med,Monocyte,CPA3,0.0143,0.0183
Immune,Qin_2023_Cell_Rep_Med,Monocyte,CSF3R,0.1143,0.0049
Immune,Qin_2023_Cell_Rep_Med,Monocyte,CXCR2,0.0,0.0008
Immune,Qin_2023_Cell_Rep_Med,Monocyte,FCER1A,0.0286,0.0036
Immune,Qin_2023_Cell_Rep_Med,Monocyte,FCGR3B,0.0,0.0007
Immune,Qin_2023_Cell_Rep_Med,Monocyte,FCN1,0.3429,0.0012
Immune,Qin_2023_Cell_Rep_Med,Monocyte,GNLY,0.0143,0.0769
Immune,Qin_2023_Cell_Rep_Med,Monocyte,IL7R,0.1429,0.2107
Immune,Qin_2023_Cell_Rep_Med,Monocyte,JCHAIN,0.0857,0.5008
Immune,Qin_2023_Cell_Rep_Med,Monocyte,KIT,0.0,0.0154
Immune,Qin_2023_Cell_Rep_Med,Monocyte,KLRD1,0.0,0.0281
Immune,Qin_2023_Cell_Rep_Med,Monocyte,LILRA4,0.0,0.0026
Immune,Qin_2023_Cell_Rep_Med,Monocyte,MERTK,0.0,0.0087
Immune,Qin_2023_Cell_Rep_Med,Monocyte,MS4A1,0.0,0.0494
Immune,Qin_2023_Cell_Rep_Med,Monocyte,MZB1,0.0143,0.4144
Immune,Qin_2023_Cell_Rep_Med,Monocyte,NCR1,0.0,0.0035
Immune,Qin_2023_Cell_Rep_Med,Monocyte,NKG7,0.0286,0.0942
Immune,Qin_2023_Cell_Rep_Med,Monocyte,S100A8,0.3714,0.0037
Immune,Qin_2023_Cell_Rep_Med,Monocyte,S100A9,0.4429,0.0073
Immune,Qin_2023_Cell_Rep_Med,Monocyte,SDC1,0.0143,0.1736
Immune,Qin_2023_Cell_Rep_Med,Monocyte,TPSAB1,0.0143,0.0143
Immune,Qin_2023_Cell_Rep_Med,Monocyte,TPSB2,0.0143,0.0211
Immune,Qin_2023_Cell_Rep_Med,Monocyte,VCAN,0.1143,0.0038
Immune,Qin_2023_Cell_Rep_Med,Monocyte,XBP1,0.2714,0.3996
Immune,Qin_2023_Cell_Rep_Med,Monocyte,XCR1,0.0,0.0022
Immune,Qin_2023_Cell_Rep_Med,NK,APOE,0.006,0.0185
Immune,Qin_2023_Cell_Rep_Med,NK,C1QA,0.005,0.0244
Immune,Qin_2023_Cell_Rep_Med,NK,C1QB,0.0035,0.0218
Immune,Qin_2023_Cell_Rep_Med,NK,C1QC,0.001,0.015
Immune,Qin_2023_Cell_Rep_Med,NK,CD14,0.0025,0.0147
Immune,Qin_2023_Cell_Rep_Med,NK,CD19,0.003,0.0592
Immune,Qin_2023_Cell_Rep_Med,NK,CD1C,0.0015,0.0097
Immune,Qin_2023_Cell_Rep_Med,NK,CD3D,0.0504,0.2594
Immune,Qin_2023_Cell_Rep_Med,NK,CD3E,0.0302,0.0635
Immune,Qin_2023_Cell_Rep_Med,NK,CD4,0.0207,0.0496
Immune,Qin_2023_Cell_Rep_Med,NK,CD68,0.0252,0.0341
Immune,Qin_2023_Cell_Rep_Med,NK,CD79A,0.0096,0.21
Immune,Qin_2023_Cell_Rep_Med,NK,CD79B,0.0071,0.0986
Immune,Qin_2023_Cell_Rep_Med,NK,CD8A,0.0565,0.0753
Immune,Qin_2023_Cell_Rep_Med,NK,CD8B,0.0192,0.0429
Immune,Qin_2023_Cell_Rep_Med,NK,CLEC10A,0.002,0.0095
Immune,Qin_2023_Cell_Rep_Med,NK,CLEC9A,0.0393,0.001
Immune,Qin_2023_Cell_Rep_Med,NK,CPA3,0.003,0.0186
Immune,Qin_2023_Cell_Rep_Med,NK,CSF3R,0.0081,0.0049
Immune,Qin_2023_Cell_Rep_Med,NK,CXCR2,0.0025,0.0008
Immune,Qin_2023_Cell_Rep_Med,NK,FCER1A,0.0,0.0037
Immune,Qin_2023_Cell_Rep_Med,NK,FCGR3B,0.003,0.0006
Immune,Qin_2023_Cell_Rep_Med,NK,FCN1,0.0005,0.0014
Immune,Qin_2023_Cell_Rep_Med,NK,GNLY,0.6074,0.066
Immune,Qin_2023_Cell_Rep_Med,NK,IL7R,0.1351,0.2122
Immune,Qin_2023_Cell_Rep_Med,NK,JCHAIN,0.1195,0.5083
Immune,Qin_2023_Cell_Rep_Med,NK,KIT,0.0433,0.0148
Immune,Qin_2023_Cell_Rep_Med,NK,KLRD1,0.2797,0.023
Immune,Qin_2023_Cell_Rep_Med,NK,LILRA4,0.001,0.0027
Immune,Qin_2023_Cell_Rep_Med,NK,MERTK,0.0035,0.0088
Immune,Qin_2023_Cell_Rep_Med,NK,MS4A1,0.0086,0.0502
Immune,Qin_2023_Cell_Rep_Med,NK,MZB1,0.0398,0.4218
Immune,Qin_2023_Cell_Rep_Med,NK,NCR1,0.0585,0.0023
Immune,Qin_2023_Cell_Rep_Med,NK,NKG7,0.4758,0.0863
Immune,Qin_2023_Cell_Rep_Med,NK,S100A8,0.0025,0.0039
Immune,Qin_2023_Cell_Rep_Med,NK,S100A9,0.003,0.0077
Immune,Qin_2023_Cell_Rep_Med,NK,SDC1,0.0045,0.1769
Immune,Qin_2023_Cell_Rep_Med,NK,TPSAB1,0.001,0.0146
Immune,Qin_2023_Cell_Rep_Med,NK,TPSB2,0.0055,0.0214
Immune,Qin_2023_Cell_Rep_Med,NK,VCAN,0.005,0.0038
Immune,Qin_2023_Cell_Rep_Med,NK,XBP1,0.1623,0.4044
Immune,Qin_2023_Cell_Rep_Med,NK,XCR1,0.0141,0.002
Immune,Qin_2023_Cell_Rep_Med,Plasma,APOE,0.0064,0.0276
Immune,Qin_2023_Cell_Rep_Med,Plasma,C1QA,0.0023,0.0413
Immune,Qin_2023_Cell_Rep_Med,Plasma,C1QB,0.002,0.0368
Immune,Qin_2023_Cell_Rep_Med,Plasma,C1QC,0.001,0.0257
Immune,Qin_2023_Cell_Rep_Med,Plasma,CD14,0.0012,0.0249
Immune,Qin_2023_Cell_Rep_Med,Plasma,CD19,0.0827,0.0385
Immune,Qin_2023_Cell_Rep_Med,Plasma,CD1C,0.0014,0.0159
Immune,Qin_2023_Cell_Rep_Med,Plasma,CD3D,0.0485,0.4194
Immune,Qin_2023_Cell_Rep_Med,Plasma,CD3E,0.0122,0.103
Immune,Qin_2023_Cell_Rep_Med,Plasma,CD4,0.0084,0.0812
Immune,Qin_2023_Cell_Rep_Med,Plasma,CD68,0.0176,0.0468
Immune,Qin_2023_Cell_Rep_Med,Plasma,CD79A,0.3862,0.0628
Immune,Qin_2023_Cell_Rep_Med,Plasma,CD79B,0.16,0.0466
Immune,Qin_2023_Cell_Rep_Med,Plasma,CD8A,0.0166,0.1212
Immune,Qin_2023_Cell_Rep_Med,Plasma,CD8B,0.0092,0.0688
Immune,Qin_2023_Cell_Rep_Med,Plasma,CLEC10A,0.0005,0.0164
Immune,Qin_2023_Cell_Rep_Med,Plasma,CLEC9A,0.0002,0.003
Immune,Qin_2023_Cell_Rep_Med,Plasma,CPA3,0.0033,0.0302
Immune,Qin_2023_Cell_Rep_Med,Plasma,CSF3R,0.0007,0.0084
Immune,Qin_2023_Cell_Rep_Med,Plasma,CXCR2,0.0005,0.001
Immune,Qin_2023_Cell_Rep_Med,Plasma,FCER1A,0.0001,0.0064
Immune,Qin_2023_Cell_Rep_Med,Plasma,FCGR3B,0.0003,0.001
Immune,Qin_2023_Cell_Rep_Med,Plasma,FCN1,0.0007,0.002
Immune,Qin_2023_Cell_Rep_Med,Plasma,GNLY,0.0233,0.1194
Immune,Qin_2023_Cell_Rep_Med,Plasma,IL7R,0.0433,0.3436
Immune,Qin_2023_Cell_Rep_Med,Plasma,JCHAIN,0.9567,0.1382
Immune,Qin_2023_Cell_Rep_Med,Plasma,KIT,0.002,0.026
Immune,Qin_2023_Cell_Rep_Med,Plasma,KLRD1,0.007,0.0449
Immune,Qin_2023_Cell_Rep_Med,Plasma,LILRA4,0.0002,0.0046
Immune,Qin_2023_Cell_Rep_Med,Plasma,MERTK,0.0097,0.0078
Immune,Qin_2023_Cell_Rep_Med,Plasma,MS4A1,0.0071,0.0829
Immune,Qin_2023_Cell_Rep_Med,Plasma,MZB1,0.8857,0.0396
Immune,Qin_2023_Cell_Rep_Med,Plasma,NCR1,0.0005,0.0058
Immune,Qin_2023_Cell_Rep_Med,Plasma,NKG7,0.0178,0.1547
Immune,Qin_2023_Cell_Rep_Med,Plasma,S100A8,0.0018,0.0056
Immune,Qin_2023_Cell_Rep_Med,Plasma,S100A9,0.0024,0.0118
Immune,Qin_2023_Cell_Rep_Med,Plasma,SDC1,0.3852,0.0053
Immune,Qin_2023_Cell_Rep_Med,Plasma,TPSAB1,0.0021,0.0241
Immune,Qin_2023_Cell_Rep_Med,Plasma,TPSB2,0.0059,0.0332
Immune,Qin_2023_Cell_Rep_Med,Plasma,VCAN,0.0038,0.0039
Immune,Qin_2023_Cell_Rep_Med,Plasma,XBP1,0.7454,0.1248
Immune,Qin_2023_Cell_Rep_Med,Plasma,XCR1,0.0034,0.0013
Immune,Uhlitz_2021_EMBO_Mol_Med,B,APOE,0.0218,0.0778
Immune,Uhlitz_2021_EMBO_Mol_Med,B,C1QA,0.0133,0.0937
Immune,Uhlitz_2021_EMBO_Mol_Med,B,C1QB,0.0112,0.0892
Immune,Uhlitz_2021_EMBO_Mol_Med,B,C1QC,0.0075,0.0776
Immune,Uhlitz_2021_EMBO_Mol_Med,B,CD14,0.0043,0.1124
Immune,Uhlitz_2021_EMBO_Mol_Med,B,CD19,0.2943,0.0258
Immune,Uhlitz_2021_EMBO_Mol_Med,B,CD1C,0.1011,0.0223
Immune,Uhlitz_2021_EMBO_Mol_Med,B,CD3D,0.0271,0.4444
Immune,Uhlitz_2021_EMBO_Mol_Med,B,CD3E,0.0165,0.406
Immune,Uhlitz_2021_EMBO_Mol_Med,B,CD4,0.0064,0.2083
Immune,Uhlitz_2021_EMBO_Mol_Med,B,CD68,0.0404,0.1374
Immune,Uhlitz_2021_EMBO_Mol_Med,B,CD79A,0.8489,0.2602
Immune,Uhlitz_2021_EMBO_Mol_Med,B,CD79B,0.5641,0.1733
Immune,Uhlitz_2021_EMBO_Mol_Med,B,CD8A,0.008,0.1171
Immune,Uhlitz_2021_EMBO_Mol_Med,B,CD8B,0.0027,0.0356
Immune,Uhlitz_2021_EMBO_Mol_Med,B,CLEC10A,0.0005,0.0504
Immune,Uhlitz_2021_EMBO_Mol_Med,B,CLEC9A,0.0005,0.004
Immune,Uhlitz_2021_EMBO_Mol_Med,B,CPA3,0.0016,0.0235
Immune,Uhlitz_2021_EMBO_Mol_Med,B,CSF3R,0.0037,0.0217
Immune,Uhlitz_2021_EMBO_Mol_Med,B,CXCR2,0.0016,0.0058
Immune,Uhlitz_2021_EMBO_Mol_Med,B,FCER1A,0.0,0.0268
Immune,Uhlitz_2021_EMBO_Mol_Med,B,FCGR3B,0.0053,0.0091
Immune,Uhlitz_2021_EMBO_Mol_Med,B,FCN1,0.0005,0.0282
Immune,Uhlitz_2021_EMBO_Mol_Med,B,GNLY,0.0059,0.0829
Immune,Uhlitz_2021_EMBO_Mol_Med,B,IL7R,0.0346,0.4658
Immune,Uhlitz_2021_EMBO_Mol_Med,B,JCHAIN,0.3651,0.4808
Immune,Uhlitz_2021_EMBO_Mol_Med,B,KIT,0.0005,0.0307
Immune,Uhlitz_2021_EMBO_Mol_Med,B,KLRD1,0.0048,0.0794
Immune,Uhlitz_2021_EMBO_Mol_Med,B,LILRA4,0.009,0.0057
Immune,Uhlitz_2021_EMBO_Mol_Med,B,MERTK,0.0016,0.0542
Immune,Uhlitz_2021_EMBO_Mol_Med,B,MS4A1,0.8393,0.0087
Immune,Uhlitz_2021_EMBO_Mol_Med,B,MZB1,0.1166,0.3537
Immune,Uhlitz_2021_EMBO_Mol_Med,B,NCR1,0.0,0.0078
Immune,Uhlitz_2021_EMBO_Mol_Med,B,NKG7,0.0165,0.2036
Immune,Uhlitz_2021_EMBO_Mol_Med,B,S100A8,0.0309,0.0771
Immune,Uhlitz_2021_EMBO_Mol_Med,B,S100A9,0.041,0.1207
Immune,Uhlitz_2021_EMBO_Mol_Med,B,SDC1,0.0048,0.1919
Immune,Uhlitz_2021_EMBO_Mol_Med,B,TPSAB1,0.0021,0.025
Immune,Uhlitz_2021_EMBO_Mol_Med,B,TPSB2,0.0,0.0022
Immune,Uhlitz_2021_EMBO_Mol_Med,B,VCAN,0.0043,0.0571
Immune,Uhlitz_2021_EMBO_Mol_Med,B,XBP1,0.1724,0.5237
Immune,Uhlitz_2021_EMBO_Mol_Med,B,XCR1,0.0,0.0059
Immune,Uhlitz_2021_EMBO_Mol_Med,CD4 T,APOE,0.0225,0.0939
Immune,Uhlitz_2021_EMBO_Mol_Med,CD4 T,C1QA,0.0164,0.1159
Immune,Uhlitz_2021_EMBO_Mol_Med,CD4 T,C1QB,0.0155,0.1102
Immune,Uhlitz_2021_EMBO_Mol_Med,CD4 T,C1QC,0.0066,0.0985
Immune,Uhlitz_2021_EMBO_Mol_Med,CD4 T,CD14,0.0083,0.1423
Immune,Uhlitz_2021_EMBO_Mol_Med,CD4 T,CD19,0.0006,0.0689
Immune,Uhlitz_2021_EMBO_Mol_Med,CD4 T,CD1C,0.0003,0.041
Immune,Uhlitz_2021_EMBO_Mol_Med,CD4 T,CD3D,0.8508,0.2252
Immune,Uhlitz_2021_EMBO_Mol_Med,CD4 T,CD3E,0.764,0.2104
Immune,Uhlitz_2021_EMBO_Mol_Med,CD4 T,CD4,0.3123,0.1406
Immune,Uhlitz_2021_EMBO_Mol_Med,CD4 T,CD68,0.0186,0.1747
Immune,Uhlitz_2021_EMBO_Mol_Med,CD4 T,CD79A,0.0186,0.4319
Immune,Uhlitz_2021_EMBO_Mol_Med,CD4 T,CD79B,0.1044,0.2495
Immune,Uhlitz_2021_EMBO_Mol_Med,CD4 T,CD8A,0.0191,0.1443
Immune,Uhlitz_2021_EMBO_Mol_Med,CD4 T,CD8B,0.0036,0.0449
Immune,Uhlitz_2021_EMBO_Mol_Med,CD4 T,CLEC10A,0.0013,0.0647
Immune,Uhlitz_2021_EMBO_Mol_Med,CD4 T,CLEC9A,0.0,0.0052
Immune,Uhlitz_2021_EMBO_Mol_Med,CD4 T,CPA3,0.0016,0.0299
Immune,Uhlitz_2021_EMBO_Mol_Med,CD4 T,CSF3R,0.0033,0.0272
Immune,Uhlitz_2021_EMBO_Mol_Med,CD4 T,CXCR2,0.0006,0.0075
Immune,Uhlitz_2021_EMBO_Mol_Med,CD4 T,FCER1A,0.0006,0.0344
Immune,Uhlitz_2021_EMBO_Mol_Med,CD4 T,FCGR3B,0.0042,0.0106
Immune,Uhlitz_2021_EMBO_Mol_Med,CD4 T,FCN1,0.0002,0.0364
Immune,Uhlitz_2021_EMBO_Mol_Med,CD4 T,GNLY,0.0449,0.0892
Immune,Uhlitz_2021_EMBO_Mol_Med,CD4 T,IL7R,0.8987,0.234
Immune,Uhlitz_2021_EMBO_Mol_Med,CD4 T,JCHAIN,0.2252,0.5726
Immune,Uhlitz_2021_EMBO_Mol_Med,CD4 T,KIT,0.0088,0.0361
Immune,Uhlitz_2021_EMBO_Mol_Med,CD4 T,KLRD1,0.008,0.0999
Immune,Uhlitz_2021_EMBO_Mol_Med,CD4 T,LILRA4,0.0,0.0084
Immune,Uhlitz_2021_EMBO_Mol_Med,CD4 T,MERTK,0.0025,0.0692
Immune,Uhlitz_2021_EMBO_Mol_Med,CD4 T,MS4A1,0.0034,0.1121
Immune,Uhlitz_2021_EMBO_Mol_Med,CD4 T,MZB1,0.0549,0.4485
Immune,Uhlitz_2021_EMBO_Mol_Med,CD4 T,NCR1,0.0014,0.0095
Immune,Uhlitz_2021_EMBO_Mol_Med,CD4 T,NKG7,0.0665,0.2375
Immune,Uhlitz_2021_EMBO_Mol_Med,CD4 T,S100A8,0.0135,0.0978
Immune,Uhlitz_2021_EMBO_Mol_Med,CD4 T,S100A9,0.0263,0.1501
Immune,Uhlitz_2021_EMBO_Mol_Med,CD4 T,SDC1,0.0044,0.2468
Immune,Uhlitz_2021_EMBO_Mol_Med,CD4 T,TPSAB1,0.0027,0.0315
Immune,Uhlitz_2021_EMBO_Mol_Med,CD4 T,TPSB2,0.0002,0.0028
Immune,Uhlitz_2021_EMBO_Mol_Med,CD4 T,VCAN,0.0027,0.0732
Immune,Uhlitz_2021_EMBO_Mol_Med,CD4 T,XBP1,0.2332,0.6012
Immune,Uhlitz_2021_EMBO_Mol_Med,CD4 T,XCR1,0.0,0.0076
Immune,Uhlitz_2021_EMBO_Mol_Med,CD8 T,APOE,0.0229,0.0809
Immune,Uhlitz_2021_EMBO_Mol_Med,CD8 T,C1QA,0.0145,0.0982
Immune,Uhlitz_2021_EMBO_Mol_Med,CD8 T,C1QB,0.0138,0.0933
Immune,Uhlitz_2021_EMBO_Mol_Med,CD8 T,C1QC,0.0067,0.0818
Immune,Uhlitz_2021_EMBO_Mol_Med,CD8 T,CD14,0.0061,0.1184
Immune,Uhlitz_2021_EMBO_Mol_Med,CD8 T,CD19,0.0007,0.0565
Immune,Uhlitz_2021_EMBO_Mol_Med,CD8 T,CD1C,0.0007,0.0336
Immune,Uhlitz_2021_EMBO_Mol_Med,CD8 T,CD3D,0.8613,0.337
Immune,Uhlitz_2021_EMBO_Mol_Med,CD8 T,CD3E,0.758,0.3117
Immune,Uhlitz_2021_EMBO_Mol_Med,CD8 T,CD4,0.0289,0.2164
Immune,Uhlitz_2021_EMBO_Mol_Med,CD8 T,CD68,0.0182,0.1465
Immune,Uhlitz_2021_EMBO_Mol_Med,CD8 T,CD79A,0.0101,0.3583
Immune,Uhlitz_2021_EMBO_Mol_Med,CD8 T,CD79B,0.0269,0.2354
Immune,Uhlitz_2021_EMBO_Mol_Med,CD8 T,CD8A,0.6479,0.0225
Immune,Uhlitz_2021_EMBO_Mol_Med,CD8 T,CD8B,0.2164,0.0038
Immune,Uhlitz_2021_EMBO_Mol_Med,CD8 T,CLEC10A,0.0007,0.0533
Immune,Uhlitz_2021_EMBO_Mol_Med,CD8 T,CLEC9A,0.0,0.0043
Immune,Uhlitz_2021_EMBO_Mol_Med,CD8 T,CPA3,0.0013,0.0248
Immune,Uhlitz_2021_EMBO_Mol_Med,CD8 T,CSF3R,0.003,0.0229
Immune,Uhlitz_2021_EMBO_Mol_Med,CD8 T,CXCR2,0.0017,0.006
Immune,Uhlitz_2021_EMBO_Mol_Med,CD8 T,FCER1A,0.001,0.0282
Immune,Uhlitz_2021_EMBO_Mol_Med,CD8 T,FCGR3B,0.0064,0.0091
Immune,Uhlitz_2021_EMBO_Mol_Med,CD8 T,FCN1,0.0,0.0299
Immune,Uhlitz_2021_EMBO_Mol_Med,CD8 T,GNLY,0.2427,0.05
Immune,Uhlitz_2021_EMBO_Mol_Med,CD8 T,IL7R,0.5332,0.4122
Immune,Uhlitz_2021_EMBO_Mol_Med,CD8 T,JCHAIN,0.2141,0.5113
Immune,Uhlitz_2021_EMBO_Mol_Med,CD8 T,KIT,0.0024,0.0322
Immune,Uhlitz_2021_EMBO_Mol_Med,CD8 T,KLRD1,0.348,0.0297
Immune,Uhlitz_2021_EMBO_Mol_Med,CD8 T,LILRA4,0.0,0.0069
Immune,Uhlitz_2021_EMBO_Mol_Med,CD8 T,MERTK,0.0013,0.0573
Immune,Uhlitz_2021_EMBO_Mol_Med,CD8 T,MS4A1,0.0215,0.0895
Immune,Uhlitz_2021_EMBO_Mol_Med,CD8 T,MZB1,0.0586,0.3766
Immune,Uhlitz_2021_EMBO_Mol_Med,CD8 T,NCR1,0.0138,0.0061
Immune,Uhlitz_2021_EMBO_Mol_Med,CD8 T,NKG7,0.7519,0.0985
Immune,Uhlitz_2021_EMBO_Mol_Med,CD8 T,S100A8,0.0168,0.082
Immune,Uhlitz_2021_EMBO_Mol_Med,CD8 T,S100A9,0.0289,0.1272
Immune,Uhlitz_2021_EMBO_Mol_Med,CD8 T,SDC1,0.0044,0.2028
Immune,Uhlitz_2021_EMBO_Mol_Med,CD8 T,TPSAB1,0.001,0.0265
Immune,Uhlitz_2021_EMBO_Mol_Med,CD8 T,TPSB2,0.0,0.0023
Immune,Uhlitz_2021_EMBO_Mol_Med,CD8 T,VCAN,0.003,0.0604
Immune,Uhlitz_2021_EMBO_Mol_Med,CD8 T,XBP1,0.2245,0.5358
Immune,Uhlitz_2021_EMBO_Mol_Med,CD8 T,XCR1,0.0,0.0062
Immune,Uhlitz_2021_EMBO_Mol_Med,Dendritic cell,APOE,0.0,0.0732
Immune,Uhlitz_2021_EMBO_Mol_Med,Dendritic cell,C1QA,0.371,0.086
Immune,Uhlitz_2021_EMBO_Mol_Med,Dendritic cell,C1QB,0.2903,0.0819
Immune,Uhlitz_2021_EMBO_Mol_Med,Dendritic cell,C1QC,0.1613,0.0713
Immune,Uhlitz_2021_EMBO_Mol_Med,Dendritic cell,CD14,0.3226,0.1025
Immune,Uhlitz_2021_EMBO_Mol_Med,Dendritic cell,CD19,0.0,0.049
Immune,Uhlitz_2021_EMBO_Mol_Med,Dendritic cell,CD1C,0.9516,0.0265
Immune,Uhlitz_2021_EMBO_Mol_Med,Dendritic cell,CD3D,0.0323,0.4095
Immune,Uhlitz_2021_EMBO_Mol_Med,Dendritic cell,CD3E,0.0323,0.3735
Immune,Uhlitz_2021_EMBO_Mol_Med,Dendritic cell,CD4,0.7419,0.1893
Immune,Uhlitz_2021_EMBO_Mol_Med,Dendritic cell,CD68,0.5,0.128
Immune,Uhlitz_2021_EMBO_Mol_Med,Dendritic cell,CD79A,0.0,0.3118
Immune,Uhlitz_2021_EMBO_Mol_Med,Dendritic cell,CD79B,0.0484,0.2074
Immune,Uhlitz_2021_EMBO_Mol_Med,Dendritic cell,CD8A,0.0323,0.1079
Immune,Uhlitz_2021_EMBO_Mol_Med,Dendritic cell,CD8B,0.0,0.0329
Immune,Uhlitz_2021_EMBO_Mol_Med,Dendritic cell,CLEC10A,0.9355,0.0436
Immune,Uhlitz_2021_EMBO_Mol_Med,Dendritic cell,CLEC9A,0.0806,0.0035
Immune,Uhlitz_2021_EMBO_Mol_Med,Dendritic cell,CPA3,0.0,0.0216
Immune,Uhlitz_2021_EMBO_Mol_Med,Dendritic cell,CSF3R,0.129,0.0199
Immune,Uhlitz_2021_EMBO_Mol_Med,Dendritic cell,CXCR2,0.0,0.0055
Immune,Uhlitz_2021_EMBO_Mol_Med,Dendritic cell,FCER1A,0.9032,0.022
Immune,Uhlitz_2021_EMBO_Mol_Med,Dendritic cell,FCGR3B,0.0,0.0088
Immune,Uhlitz_2021_EMBO_Mol_Med,Dendritic cell,FCN1,0.1452,0.0255
Immune,Uhlitz_2021_EMBO_Mol_Med,Dendritic cell,GNLY,0.0,0.0765
Immune,Uhlitz_2021_EMBO_Mol_Med,Dendritic cell,IL7R,0.2581,0.4292
Immune,Uhlitz_2021_EMBO_Mol_Med,Dendritic cell,JCHAIN,0.3065,0.4713
Immune,Uhlitz_2021_EMBO_Mol_Med,Dendritic cell,KIT,0.0161,0.0281
Immune,Uhlitz_2021_EMBO_Mol_Med,Dendritic cell,KLRD1,0.0,0.0732
Immune,Uhlitz_2021_EMBO_Mol_Med,Dendritic cell,LILRA4,0.0,0.006
Immune,Uhlitz_2021_EMBO_Mol_Med,Dendritic cell,MERTK,0.0,0.0498
Immune,Uhlitz_2021_EMBO_Mol_Med,Dendritic cell,MS4A1,0.0,0.0805
Immune,Uhlitz_2021_EMBO_Mol_Med,Dendritic cell,MZB1,0.0161,0.3342
Immune,Uhlitz_2021_EMBO_Mol_Med,Dendritic cell,NCR1,0.0,0.0072
Immune,Uhlitz_2021_EMBO_Mol_Med,Dendritic cell,NKG7,0.0484,0.1879
Immune,Uhlitz_2021_EMBO_Mol_Med,Dendritic cell,S100A8,0.0161,0.0733
Immune,Uhlitz_2021_EMBO_Mol_Med,Dendritic cell,S100A9,0.2903,0.1133
Immune,Uhlitz_2021_EMBO_Mol_Med,Dendritic cell,SDC1,0.0,0.1763
Immune,Uhlitz_2021_EMBO_Mol_Med,Dendritic cell,TPSAB1,0.0,0.0231
Immune,Uhlitz_2021_EMBO_Mol_Med,Dendritic cell,TPSB2,0.0,0.002
Immune,Uhlitz_2021_EMBO_Mol_Med,Dendritic cell,VCAN,0.1129,0.0524
Immune,Uhlitz_2021_EMBO_Mol_Med,Dendritic cell,XBP1,0.6129,0.4931
Immune,Uhlitz_2021_EMBO_Mol_Med,Dendritic cell,XCR1,0.0161,0.0053
Immune,Uhlitz_2021_EMBO_Mol_Med,Macrophage,APOE,0.7287,0.0302
Immune,Uhlitz_2021_EMBO_Mol_Med,Macrophage,C1QA,0.9873,0.0279
Immune,Uhlitz_2021_EMBO_Mol_Med,Macrophage,C1QB,0.9776,0.024
Immune,Uhlitz_2021_EMBO_Mol_Med,Macrophage,C1QC,0.9596,0.0136
Immune,Uhlitz_2021_EMBO_Mol_Med,Macrophage,CD14,0.9058,0.0506
Immune,Uhlitz_2021_EMBO_Mol_Med,Macrophage,CD19,0.009,0.0515
Immune,Uhlitz_2021_EMBO_Mol_Med,Macrophage,CD1C,0.1039,0.0242
Immune,Uhlitz_2021_EMBO_Mol_Med,Macrophage,CD3D,0.0546,0.4315
Immune,Uhlitz_2021_EMBO_Mol_Med,Macrophage,CD3E,0.0531,0.3934
Immune,Uhlitz_2021_EMBO_Mol_Med,Macrophage,CD4,0.8274,0.1493
Immune,Uhlitz_2021_EMBO_Mol_Med,Macrophage,CD68,0.9492,0.0754
Immune,Uhlitz_2021_EMBO_Mol_Med,Macrophage,CD79A,0.0194,0.3299
Immune,Uhlitz_2021_EMBO_Mol_Med,Macrophage,CD79B,0.0187,0.2193
Immune,Uhlitz_2021_EMBO_Mol_Med,Macrophage,CD8A,0.0135,0.1138
Immune,Uhlitz_2021_EMBO_Mol_Med,Macrophage,CD8B,0.0022,0.0348
Immune,Uhlitz_2021_EMBO_Mol_Med,Macrophage,CLEC10A,0.4036,0.0228
Immune,Uhlitz_2021_EMBO_Mol_Med,Macrophage,CLEC9A,0.0209,0.0026
Immune,Uhlitz_2021_EMBO_Mol_Med,Macrophage,CPA3,0.0045,0.0227
Immune,Uhlitz_2021_EMBO_Mol_Med,Macrophage,CSF3R,0.1106,0.0143
Immune,Uhlitz_2021_EMBO_Mol_Med,Macrophage,CXCR2,0.0164,0.0047
Immune,Uhlitz_2021_EMBO_Mol_Med,Macrophage,FCER1A,0.0874,0.0204
Immune,Uhlitz_2021_EMBO_Mol_Med,Macrophage,FCGR3B,0.0149,0.0083
Immune,Uhlitz_2021_EMBO_Mol_Med,Macrophage,FCN1,0.0374,0.025
Immune,Uhlitz_2021_EMBO_Mol_Med,Macrophage,GNLY,0.0149,0.0803
Immune,Uhlitz_2021_EMBO_Mol_Med,Macrophage,IL7R,0.4821,0.4252
Immune,Uhlitz_2021_EMBO_Mol_Med,Macrophage,JCHAIN,0.3445,0.4791
Immune,Uhlitz_2021_EMBO_Mol_Med,Macrophage,KIT,0.0045,0.0296
Immune,Uhlitz_2021_EMBO_Mol_Med,Macrophage,KLRD1,0.0105,0.0771
Immune,Uhlitz_2021_EMBO_Mol_Med,Macrophage,LILRA4,0.0224,0.0049
Immune,Uhlitz_2021_EMBO_Mol_Med,Macrophage,MERTK,0.5037,0.02
Immune,Uhlitz_2021_EMBO_Mol_Med,Macrophage,MS4A1,0.0067,0.0851
Immune,Uhlitz_2021_EMBO_Mol_Med,Macrophage,MZB1,0.0419,0.3523
Immune,Uhlitz_2021_EMBO_Mol_Med,Macrophage,NCR1,0.0015,0.0075
Immune,Uhlitz_2021_EMBO_Mol_Med,Macrophage,NKG7,0.2504,0.1833
Immune,Uhlitz_2021_EMBO_Mol_Med,Macrophage,S100A8,0.2773,0.0598
Immune,Uhlitz_2021_EMBO_Mol_Med,Macrophage,S100A9,0.6502,0.0788
Immune,Uhlitz_2021_EMBO_Mol_Med,Macrophage,SDC1,0.0149,0.1863
Immune,Uhlitz_2021_EMBO_Mol_Med,Macrophage,TPSAB1,0.0239,0.023
Immune,Uhlitz_2021_EMBO_Mol_Med,Macrophage,TPSB2,0.0,0.0021
Immune,Uhlitz_2021_EMBO_Mol_Med,Macrophage,VCAN,0.1951,0.0433
Immune,Uhlitz_2021_EMBO_Mol_Med,Macrophage,XBP1,0.6644,0.4823
Immune,Uhlitz_2021_EMBO_Mol_Med,Macrophage,XCR1,0.0007,0.0057
Immune,Uhlitz_2021_EMBO_Mol_Med,Mast,APOE,0.1772,0.0709
Immune,Uhlitz_2021_EMBO_Mol_Med,Mast,C1QA,0.0163,0.0882
Immune,Uhlitz_2021_EMBO_Mol_Med,Mast,C1QB,0.0163,0.0838
Immune,Uhlitz_2021_EMBO_Mol_Med,Mast,C1QC,0.0093,0.0728
Immune,Uhlitz_2021_EMBO_Mol_Med,Mast,CD14,0.014,0.1049
Immune,Uhlitz_2021_EMBO_Mol_Med,Mast,CD19,0.0023,0.0498
Immune,Uhlitz_2021_EMBO_Mol_Med,Mast,CD1C,0.0093,0.0295
Immune,Uhlitz_2021_EMBO_Mol_Med,Mast,CD3D,0.0443,0.4157
Immune,Uhlitz_2021_EMBO_Mol_Med,Mast,CD3E,0.021,0.3795
Immune,Uhlitz_2021_EMBO_Mol_Med,Mast,CD4,0.0769,0.1932
Immune,Uhlitz_2021_EMBO_Mol_Med,Mast,CD68,0.2261,0.1271
Immune,Uhlitz_2021_EMBO_Mol_Med,Mast,CD79A,0.021,0.3167
Immune,Uhlitz_2021_EMBO_Mol_Med,Mast,CD79B,0.0979,0.2092
Immune,Uhlitz_2021_EMBO_Mol_Med,Mast,CD8A,0.0047,0.1097
Immune,Uhlitz_2021_EMBO_Mol_Med,Mast,CD8B,0.0023,0.0334
Immune,Uhlitz_2021_EMBO_Mol_Med,Mast,CLEC10A,0.0093,0.0468
Immune,Uhlitz_2021_EMBO_Mol_Med,Mast,CLEC9A,0.0,0.0038
Immune,Uhlitz_2021_EMBO_Mol_Med,Mast,CPA3,0.993,0.0021
Immune,Uhlitz_2021_EMBO_Mol_Med,Mast,CSF3R,0.007,0.0204
Immune,Uhlitz_2021_EMBO_Mol_Med,Mast,CXCR2,0.0,0.0056
Immune,Uhlitz_2021_EMBO_Mol_Med,Mast,FCER1A,0.3869,0.0173
Immune,Uhlitz_2021_EMBO_Mol_Med,Mast,FCGR3B,0.0047,0.0088
Immune,Uhlitz_2021_EMBO_Mol_Med,Mast,FCN1,0.0047,0.0262
Immune,Uhlitz_2021_EMBO_Mol_Med,Mast,GNLY,0.0047,0.0777
Immune,Uhlitz_2021_EMBO_Mol_Med,Mast,IL7R,0.0793,0.4357
Immune,Uhlitz_2021_EMBO_Mol_Med,Mast,JCHAIN,0.1538,0.4772
Immune,Uhlitz_2021_EMBO_Mol_Med,Mast,KIT,0.9161,0.0103
Immune,Uhlitz_2021_EMBO_Mol_Med,Mast,KLRD1,0.0093,0.0743
Immune,Uhlitz_2021_EMBO_Mol_Med,Mast,LILRA4,0.0,0.0061
Immune,Uhlitz_2021_EMBO_Mol_Med,Mast,MERTK,0.007,0.0505
Immune,Uhlitz_2021_EMBO_Mol_Med,Mast,MS4A1,0.0047,0.0818
Immune,Uhlitz_2021_EMBO_Mol_Med,Mast,MZB1,0.0303,0.3393
Immune,Uhlitz_2021_EMBO_Mol_Med,Mast,NCR1,0.0,0.0073
Immune,Uhlitz_2021_EMBO_Mol_Med,Mast,NKG7,0.1282,0.1886
Immune,Uhlitz_2021_EMBO_Mol_Med,Mast,S100A8,0.0163,0.0742
Immune,Uhlitz_2021_EMBO_Mol_Med,Mast,S100A9,0.0186,0.1158
Immune,Uhlitz_2021_EMBO_Mol_Med,Mast,SDC1,0.0047,0.1793
Immune,Uhlitz_2021_EMBO_Mol_Med,Mast,TPSAB1,0.9977,0.0035
Immune,Uhlitz_2021_EMBO_Mol_Med,Mast,TPSB2,0.0956,0.0001
Immune,Uhlitz_2021_EMBO_Mol_Med,Mast,VCAN,0.014,0.0533
Immune,Uhlitz_2021_EMBO_Mol_Med,Mast,XBP1,0.4336,0.4946
Immune,Uhlitz_2021_EMBO_Mol_Med,Mast,XCR1,0.0,0.0055
Immune,Uhlitz_2021_EMBO_Mol_Med,Monocyte,APOE,0.1033,0.0718
Immune,Uhlitz_2021_EMBO_Mol_Med,Monocyte,C1QA,0.1519,0.0842
Immune,Uhlitz_2021_EMBO_Mol_Med,Monocyte,C1QB,0.0802,0.0826
Immune,Uhlitz_2021_EMBO_Mol_Med,Monocyte,C1QC,0.0668,0.0718
Immune,Uhlitz_2021_EMBO_Mol_Med,Monocyte,CD14,0.8505,0.0738
Immune,Uhlitz_2021_EMBO_Mol_Med,Monocyte,CD19,0.0036,0.0507
Immune,Uhlitz_2021_EMBO_Mol_Med,Monocyte,CD1C,0.079,0.0271
Immune,Uhlitz_2021_EMBO_Mol_Med,Monocyte,CD3D,0.0401,0.4229
Immune,Uhlitz_2021_EMBO_Mol_Med,Monocyte,CD3E,0.0328,0.3858
Immune,Uhlitz_2021_EMBO_Mol_Med,Monocyte,CD4,0.4885,0.1792
Immune,Uhlitz_2021_EMBO_Mol_Med,Monocyte,CD68,0.7983,0.1028
Immune,Uhlitz_2021_EMBO_Mol_Med,Monocyte,CD79A,0.0049,0.3229
Immune,Uhlitz_2021_EMBO_Mol_Med,Monocyte,CD79B,0.0316,0.2139
Immune,Uhlitz_2021_EMBO_Mol_Med,Monocyte,CD8A,0.0134,0.1114
Immune,Uhlitz_2021_EMBO_Mol_Med,Monocyte,CD8B,0.0024,0.034
Immune,Uhlitz_2021_EMBO_Mol_Med,Monocyte,CLEC10A,0.2151,0.0395
Immune,Uhlitz_2021_EMBO_Mol_Med,Monocyte,CLEC9A,0.0,0.0039
Immune,Uhlitz_2021_EMBO_Mol_Med,Monocyte,CPA3,0.0012,0.0224
Immune,Uhlitz_2021_EMBO_Mol_Med,Monocyte,CSF3R,0.1604,0.0147
Immune,Uhlitz_2021_EMBO_Mol_Med,Monocyte,CXCR2,0.0109,0.0052
Immune,Uhlitz_2021_EMBO_Mol_Med,Monocyte,FCER1A,0.0425,0.0238
Immune,Uhlitz_2021_EMBO_Mol_Med,Monocyte,FCGR3B,0.0024,0.009
Immune,Uhlitz_2021_EMBO_Mol_Med,Monocyte,FCN1,0.5358,0.0058
Immune,Uhlitz_2021_EMBO_Mol_Med,Monocyte,GNLY,0.0231,0.0784
Immune,Uhlitz_2021_EMBO_Mol_Med,Monocyte,IL7R,0.1956,0.4378
Immune,Uhlitz_2021_EMBO_Mol_Med,Monocyte,JCHAIN,0.2734,0.4786
Immune,Uhlitz_2021_EMBO_Mol_Med,Monocyte,KIT,0.0012,0.0291
Immune,Uhlitz_2021_EMBO_Mol_Med,Monocyte,KLRD1,0.0061,0.0756
Immune,Uhlitz_2021_EMBO_Mol_Med,Monocyte,LILRA4,0.0304,0.005
Immune,Uhlitz_2021_EMBO_Mol_Med,Monocyte,MERTK,0.1312,0.0464
Immune,Uhlitz_2021_EMBO_Mol_Med,Monocyte,MS4A1,0.0061,0.0832
Immune,Uhlitz_2021_EMBO_Mol_Med,Monocyte,MZB1,0.0316,0.3451
Immune,Uhlitz_2021_EMBO_Mol_Med,Monocyte,NCR1,0.0207,0.0066
Immune,Uhlitz_2021_EMBO_Mol_Med,Monocyte,NKG7,0.1798,0.1878
Immune,Uhlitz_2021_EMBO_Mol_Med,Monocyte,S100A8,0.8785,0.0415
Immune,Uhlitz_2021_EMBO_Mol_Med,Monocyte,S100A9,0.9733,0.0802
Immune,Uhlitz_2021_EMBO_Mol_Med,Monocyte,SDC1,0.0097,0.1823
Immune,Uhlitz_2021_EMBO_Mol_Med,Monocyte,TPSAB1,0.0061,0.0237
Immune,Uhlitz_2021_EMBO_Mol_Med,Monocyte,TPSB2,0.0,0.0021
Immune,Uhlitz_2021_EMBO_Mol_Med,Monocyte,VCAN,0.8724,0.0204
Immune,Uhlitz_2021_EMBO_Mol_Med,Monocyte,XBP1,0.7096,0.485
Immune,Uhlitz_2021_EMBO_Mol_Med,Monocyte,XCR1,0.0012,0.0055
Immune,Uhlitz_2021_EMBO_Mol_Med,NK,APOE,0.0136,0.0747
Immune,Uhlitz_2021_EMBO_Mol_Med,NK,C1QA,0.0153,0.0887
Immune,Uhlitz_2021_EMBO_Mol_Med,NK,C1QB,0.0238,0.0841
Immune,Uhlitz_2021_EMBO_Mol_Med,NK,C1QC,0.0068,0.0734
Immune,Uhlitz_2021_EMBO_Mol_Med,NK,CD14,0.0068,0.1058
Immune,Uhlitz_2021_EMBO_Mol_Med,NK,CD19,0.0017,0.0502
Immune,Uhlitz_2021_EMBO_Mol_Med,NK,CD1C,0.0085,0.0297
Immune,Uhlitz_2021_EMBO_Mol_Med,NK,CD3D,0.1036,0.4169
Immune,Uhlitz_2021_EMBO_Mol_Med,NK,CD3E,0.3158,0.3741
Immune,Uhlitz_2021_EMBO_Mol_Med,NK,CD4,0.0424,0.195
Immune,Uhlitz_2021_EMBO_Mol_Med,NK,CD68,0.0492,0.1312
Immune,Uhlitz_2021_EMBO_Mol_Med,NK,CD79A,0.0136,0.3191
Immune,Uhlitz_2021_EMBO_Mol_Med,NK,CD79B,0.0424,0.2116
Immune,Uhlitz_2021_EMBO_Mol_Med,NK,CD8A,0.0832,0.1083
Immune,Uhlitz_2021_EMBO_Mol_Med,NK,CD8B,0.0068,0.0335
Immune,Uhlitz_2021_EMBO_Mol_Med,NK,CLEC10A,0.0068,0.0472
Immune,Uhlitz_2021_EMBO_Mol_Med,NK,CLEC9A,0.0611,0.0021
Immune,Uhlitz_2021_EMBO_Mol_Med,NK,CPA3,0.0,0.0222
Immune,Uhlitz_2021_EMBO_Mol_Med,NK,CSF3R,0.0034,0.0206
Immune,Uhlitz_2021_EMBO_Mol_Med,NK,CXCR2,0.0085,0.0054
Immune,Uhlitz_2021_EMBO_Mol_Med,NK,FCER1A,0.0051,0.0251
Immune,Uhlitz_2021_EMBO_Mol_Med,NK,FCGR3B,0.0119,0.0087
Immune,Uhlitz_2021_EMBO_Mol_Med,NK,FCN1,0.0,0.0265
Immune,Uhlitz_2021_EMBO_Mol_Med,NK,GNLY,0.6299,0.0609
Immune,Uhlitz_2021_EMBO_Mol_Med,NK,IL7R,0.3073,0.4321
Immune,Uhlitz_2021_EMBO_Mol_Med,NK,JCHAIN,0.2377,0.4773
Immune,Uhlitz_2021_EMBO_Mol_Med,NK,KIT,0.0934,0.0263
Immune,Uhlitz_2021_EMBO_Mol_Med,NK,KLRD1,0.5823,0.0589
Immune,Uhlitz_2021_EMBO_Mol_Med,NK,LILRA4,0.0017,0.0061
Immune,Uhlitz_2021_EMBO_Mol_Med,NK,MERTK,0.0136,0.0506
Immune,Uhlitz_2021_EMBO_Mol_Med,NK,MS4A1,0.0136,0.0821
Immune,Uhlitz_2021_EMBO_Mol_Med,NK,MZB1,0.0594,0.3409
Immune,Uhlitz_2021_EMBO_Mol_Med,NK,NCR1,0.1239,0.0039
Immune,Uhlitz_2021_EMBO_Mol_Med,NK,NKG7,0.6961,0.1733
Immune,Uhlitz_2021_EMBO_Mol_Med,NK,S100A8,0.0153,0.0747
Immune,Uhlitz_2021_EMBO_Mol_Med,NK,S100A9,0.0238,0.1164
Immune,Uhlitz_2021_EMBO_Mol_Med,NK,SDC1,0.0051,0.1806
Immune,Uhlitz_2021_EMBO_Mol_Med,NK,TPSAB1,0.0034,0.0236
Immune,Uhlitz_2021_EMBO_Mol_Med,NK,TPSB2,0.0,0.0021
Immune,Uhlitz_2021_EMBO_Mol_Med,NK,VCAN,0.0068,0.0538
Immune,Uhlitz_2021_EMBO_Mol_Med,NK,XBP1,0.3684,0.4969
Immune,Uhlitz_2021_EMBO_Mol_Med,NK,XCR1,0.039,0.0044
Immune,Uhlitz_2021_EMBO_Mol_Med,Neutrophil,APOE,0.0385,0.0732
Immune,Uhlitz_2021_EMBO_Mol_Med,Neutrophil,C1QA,0.0385,0.087
Immune,Uhlitz_2021_EMBO_Mol_Med,Neutrophil,C1QB,0.0,0.0829
Immune,Uhlitz_2021_EMBO_Mol_Med,Neutrophil,C1QC,0.0192,0.0718
Immune,Uhlitz_2021_EMBO_Mol_Med,Neutrophil,CD14,0.3173,0.1021
Immune,Uhlitz_2021_EMBO_Mol_Med,Neutrophil,CD19,0.0192,0.049
Immune,Uhlitz_2021_EMBO_Mol_Med,Neutrophil,CD1C,0.0,0.0292
Immune,Uhlitz_2021_EMBO_Mol_Med,Neutrophil,CD3D,0.0865,0.41
Immune,Uhlitz_2021_EMBO_Mol_Med,Neutrophil,CD3E,0.0288,0.3741
Immune,Uhlitz_2021_EMBO_Mol_Med,Neutrophil,CD4,0.0192,0.1917
Immune,Uhlitz_2021_EMBO_Mol_Med,Neutrophil,CD68,0.1058,0.1291
Immune,Uhlitz_2021_EMBO_Mol_Med,Neutrophil,CD79A,0.0481,0.3121
Immune,Uhlitz_2021_EMBO_Mol_Med,Neutrophil,CD79B,0.0192,0.2079
Immune,Uhlitz_2021_EMBO_Mol_Med,Neutrophil,CD8A,0.0288,0.108
Immune,Uhlitz_2021_EMBO_Mol_Med,Neutrophil,CD8B,0.0096,0.0329
Immune,Uhlitz_2021_EMBO_Mol_Med,Neutrophil,CLEC10A,0.0096,0.0463
Immune,Uhlitz_2021_EMBO_Mol_Med,Neutrophil,CLEC9A,0.0,0.0037
Immune,Uhlitz_2021_EMBO_Mol_Med,Neutrophil,CPA3,0.0096,0.0216
Immune,Uhlitz_2021_EMBO_Mol_Med,Neutrophil,CSF3R,0.375,0.0185
Immune,Uhlitz_2021_EMBO_Mol_Med,Neutrophil,CXCR2,0.5,0.0031
Immune,Uhlitz_2021_EMBO_Mol_Med,Neutrophil,FCER1A,0.0096,0.0246
Immune,Uhlitz_2021_EMBO_Mol_Med,Neutrophil,FCGR3B,0.7308,0.0053
Immune,Uhlitz_2021_EMBO_Mol_Med,Neutrophil,FCN1,0.0385,0.0257
Immune,Uhlitz_2021_EMBO_Mol_Med,Neutrophil,GNLY,0.0192,0.0765
Immune,Uhlitz_2021_EMBO_Mol_Med,Neutrophil,IL7R,0.0673,0.4304
Immune,Uhlitz_2021_EMBO_Mol_Med,Neutrophil,JCHAIN,0.1731,0.4723
Immune,Uhlitz_2021_EMBO_Mol_Med,Neutrophil,KIT,0.0,0.0282
Immune,Uhlitz_2021_EMBO_Mol_Med,Neutrophil,KLRD1,0.0192,0.0733
Immune,Uhlitz_2021_EMBO_Mol_Med,Neutrophil,LILRA4,0.0,0.006
Immune,Uhlitz_2021_EMBO_Mol_Med,Neutrophil,MERTK,0.0096,0.0498
Immune,Uhlitz_2021_EMBO_Mol_Med,Neutrophil,MS4A1,0.0096,0.0806
Immune,Uhlitz_2021_EMBO_Mol_Med,Neutrophil,MZB1,0.0288,0.3347
Immune,Uhlitz_2021_EMBO_Mol_Med,Neutrophil,NCR1,0.0577,0.0069
Immune,Uhlitz_2021_EMBO_Mol_Med,Neutrophil,NKG7,0.0481,0.1881
Immune,Uhlitz_2021_EMBO_Mol_Med,Neutrophil,S100A8,0.8558,0.0694
Immune,Uhlitz_2021_EMBO_Mol_Med,Neutrophil,S100A9,0.9038,0.1101
Immune,Uhlitz_2021_EMBO_Mol_Med,Neutrophil,SDC1,0.0192,0.1766
Immune,Uhlitz_2021_EMBO_Mol_Med,Neutrophil,TPSAB1,0.0,0.0232
Immune,Uhlitz_2021_EMBO_Mol_Med,Neutrophil,TPSB2,0.0,0.002
Immune,Uhlitz_2021_EMBO_Mol_Med,Neutrophil,VCAN,0.0288,0.0527
Immune,Uhlitz_2021_EMBO_Mol_Med,Neutrophil,XBP1,0.2981,0.4944
Immune,Uhlitz_2021_EMBO_Mol_Med,Neutrophil,XCR1,0.0,0.0054
Immune,Uhlitz_2021_EMBO_Mol_Med,Plasma,APOE,0.0225,0.094
Immune,Uhlitz_2021_EMBO_Mol_Med,Plasma,C1QA,0.0156,0.1164
Immune,Uhlitz_2021_EMBO_Mol_Med,Plasma,C1QB,0.0201,0.1084
Immune,Uhlitz_2021_EMBO_Mol_Med,Plasma,C1QC,0.0062,0.0988
Immune,Uhlitz_2021_EMBO_Mol_Med,Plasma,CD14,0.0086,0.1424
Immune,Uhlitz_2021_EMBO_Mol_Med,Plasma,CD19,0.0754,0.0379
Immune,Uhlitz_2021_EMBO_Mol_Med,Plasma,CD1C,0.0022,0.0403
Immune,Uhlitz_2021_EMBO_Mol_Med,Plasma,CD3D,0.066,0.5508
Immune,Uhlitz_2021_EMBO_Mol_Med,Plasma,CD3E,0.0588,0.5029
Immune,Uhlitz_2021_EMBO_Mol_Med,Plasma,CD4,0.0183,0.2627
Immune,Uhlitz_2021_EMBO_Mol_Med,Plasma,CD68,0.0323,0.1692
Immune,Uhlitz_2021_EMBO_Mol_Med,Plasma,CD79A,0.7736,0.1185
Immune,Uhlitz_2021_EMBO_Mol_Med,Plasma,CD79B,0.3956,0.1286
Immune,Uhlitz_2021_EMBO_Mol_Med,Plasma,CD8A,0.0151,0.1461
Immune,Uhlitz_2021_EMBO_Mol_Med,Plasma,CD8B,0.0027,0.0453
Immune,Uhlitz_2021_EMBO_Mol_Med,Plasma,CLEC10A,0.0009,0.0649
Immune,Uhlitz_2021_EMBO_Mol_Med,Plasma,CLEC9A,0.0002,0.0052
Immune,Uhlitz_2021_EMBO_Mol_Med,Plasma,CPA3,0.0027,0.0295
Immune,Uhlitz_2021_EMBO_Mol_Med,Plasma,CSF3R,0.0069,0.0257
Immune,Uhlitz_2021_EMBO_Mol_Med,Plasma,CXCR2,0.0011,0.0073
Immune,Uhlitz_2021_EMBO_Mol_Med,Plasma,FCER1A,0.0011,0.0343
Immune,Uhlitz_2021_EMBO_Mol_Med,Plasma,FCGR3B,0.0031,0.0111
Immune,Uhlitz_2021_EMBO_Mol_Med,Plasma,FCN1,0.0016,0.0359
Immune,Uhlitz_2021_EMBO_Mol_Med,Plasma,GNLY,0.017,0.1009
Immune,Uhlitz_2021_EMBO_Mol_Med,Plasma,IL7R,0.0765,0.5751
Immune,Uhlitz_2021_EMBO_Mol_Med,Plasma,JCHAIN,0.9789,0.2596
Immune,Uhlitz_2021_EMBO_Mol_Med,Plasma,KIT,0.0016,0.0391
Immune,Uhlitz_2021_EMBO_Mol_Med,Plasma,KLRD1,0.0083,0.0999
Immune,Uhlitz_2021_EMBO_Mol_Med,Plasma,LILRA4,0.0003,0.0083
Immune,Uhlitz_2021_EMBO_Mol_Med,Plasma,MERTK,0.0365,0.0551
Immune,Uhlitz_2021_EMBO_Mol_Med,Plasma,MS4A1,0.0076,0.1104
Immune,Uhlitz_2021_EMBO_Mol_Med,Plasma,MZB1,0.9842,0.0626
Immune,Uhlitz_2021_EMBO_Mol_Med,Plasma,NCR1,0.0005,0.0099
Immune,Uhlitz_2021_EMBO_Mol_Med,Plasma,NKG7,0.0304,0.2528
Immune,Uhlitz_2021_EMBO_Mol_Med,Plasma,S100A8,0.0178,0.0961
Immune,Uhlitz_2021_EMBO_Mol_Med,Plasma,S100A9,0.0284,0.1494
Immune,Uhlitz_2021_EMBO_Mol_Med,Plasma,SDC1,0.5826,0.0067
Immune,Uhlitz_2021_EMBO_Mol_Med,Plasma,TPSAB1,0.0016,0.032
Immune,Uhlitz_2021_EMBO_Mol_Med,Plasma,TPSB2,0.0003,0.0027
Immune,Uhlitz_2021_EMBO_Mol_Med,Plasma,VCAN,0.0042,0.0727
Immune,Uhlitz_2021_EMBO_Mol_Med,Plasma,XBP1,0.9327,0.3108
Immune,Uhlitz_2021_EMBO_Mol_Med,Plasma,XCR1,0.0137,0.0019
Stromal,Chen_2024_Cancer_Cell,Endothelial,ACTG2,0.0023,0.1842
Stromal,Chen_2024_Cancer_Cell,Endothelial,CDH5,0.68,0.0044
Stromal,Chen_2024_Cancer_Cell,Endothelial,CNN1,0.0,0.1424
Stromal,Chen_2024_Cancer_Cell,Endothelial,COL1A1,0.0136,0.8158
Stromal,Chen_2024_Cancer_Cell,Endothelial,COL1A2,0.0181,0.9115
Stromal,Chen_2024_Cancer_Cell,Endothelial,CSPG4,0.0008,0.1439
Stromal,Chen_2024_Cancer_Cell,Endothelial,DCN,0.0106,0.7025
Stromal,Chen_2024_Cancer_Cell,Endothelial,DES,0.0015,0.0219
Stromal,Chen_2024_Cancer_Cell,Endothelial,EMCN,0.5509,0.0204
Stromal,Chen_2024_Cancer_Cell,Endothelial,LUM,0.0091,0.6461
Stromal,Chen_2024_Cancer_Cell,Endothelial,MCAM,0.6611,0.2577
Stromal,Chen_2024_Cancer_Cell,Endothelial,MYH11,0.0083,0.1488
Stromal,Chen_2024_Cancer_Cell,Endothelial,PDGFRA,0.0121,0.4803
Stromal,Chen_2024_Cancer_Cell,Endothelial,PDGFRB,0.0008,0.4468
Stromal,Chen_2024_Cancer_Cell,Endothelial,PECAM1,0.8891,0.019
Stromal,Chen_2024_Cancer_Cell,Endothelial,RGS5,0.0189,0.2868
Stromal,Chen_2024_Cancer_Cell,Endothelial,VWF,0.9087,0.0039
Stromal,Chen_2024_Cancer_Cell,Fibroblast,ACTG2,0.1259,0.1038
Stromal,Chen_2024_Cancer_Cell,Fibroblast,CDH5,0.0029,0.4567
Stromal,Chen_2024_Cancer_Cell,Fibroblast,CNN1,0.0787,0.0922
Stromal,Chen_2024_Cancer_Cell,Fibroblast,COL1A1,0.7976,0.2928
Stromal,Chen_2024_Cancer_Cell,Fibroblast,COL1A2,0.922,0.3075
Stromal,Chen_2024_Cancer_Cell,Fibroblast,CSPG4,0.025,0.1321
Stromal,Chen_2024_Cancer_Cell,Fibroblast,DCN,0.8641,0.1265
Stromal,Chen_2024_Cancer_Cell,Fibroblast,DES,0.0043,0.0207
Stromal,Chen_2024_Cancer_Cell,Fibroblast,EMCN,0.0258,0.371
Stromal,Chen_2024_Cancer_Cell,Fibroblast,LUM,0.7918,0.1179
Stromal,Chen_2024_Cancer_Cell,Fibroblast,MCAM,0.0637,0.6638
Stromal,Chen_2024_Cancer_Cell,Fibroblast,MYH11,0.0286,0.1396
Stromal,Chen_2024_Cancer_Cell,Fibroblast,PDGFRA,0.6953,0.0161
Stromal,Chen_2024_Cancer_Cell,Fibroblast,PDGFRB,0.3283,0.2324
Stromal,Chen_2024_Cancer_Cell,Fibroblast,PECAM1,0.0157,0.6023
Stromal,Chen_2024_Cancer_Cell,Fibroblast,RGS5,0.0408,0.2812
Stromal,Chen_2024_Cancer_Cell,Fibroblast,VWF,0.0029,0.6089
Stromal,Chen_2024_Cancer_Cell,Pericyte,ACTG2,0.1829,0.1004
Stromal,Chen_2024_Cancer_Cell,Pericyte,CDH5,0.0097,0.3156
Stromal,Chen_2024_Cancer_Cell,Pericyte,CNN1,0.1848,0.069
Stromal,Chen_2024_Cancer_Cell,Pericyte,COL1A1,0.9008,0.4299
Stromal,Chen_2024_Cancer_Cell,Pericyte,COL1A2,0.9377,0.4941
Stromal,Chen_2024_Cancer_Cell,Pericyte,CSPG4,0.4825,0.0171
Stromal,Chen_2024_Cancer_Cell,Pericyte,DCN,0.2996,0.455
Stromal,Chen_2024_Cancer_Cell,Pericyte,DES,0.0039,0.0157
Stromal,Chen_2024_Cancer_Cell,Pericyte,EMCN,0.0058,0.2681
Stromal,Chen_2024_Cancer_Cell,Pericyte,LUM,0.2996,0.4139
Stromal,Chen_2024_Cancer_Cell,Pericyte,MCAM,0.7588,0.3543
Stromal,Chen_2024_Cancer_Cell,Pericyte,MYH11,0.284,0.0596
Stromal,Chen_2024_Cancer_Cell,Pericyte,PDGFRA,0.0097,0.3483
Stromal,Chen_2024_Cancer_Cell,Pericyte,PDGFRB,0.8113,0.1754
Stromal,Chen_2024_Cancer_Cell,Pericyte,PECAM1,0.0233,0.4202
Stromal,Chen_2024_Cancer_Cell,Pericyte,RGS5,0.9047,0.0523
Stromal,Chen_2024_Cancer_Cell,Pericyte,VWF,0.0078,0.4212
Stromal,Chen_2024_Cancer_Cell,Smooth muscle,ACTG2,0.8824,0.089
Stromal,Chen_2024_Cancer_Cell,Smooth muscle,CDH5,0.0,0.2774
Stromal,Chen_2024_Cancer_Cell,Smooth muscle,CNN1,0.7549,0.0659
Stromal,Chen_2024_Cancer_Cell,Smooth muscle,COL1A1,0.7451,0.4939
Stromal,Chen_2024_Cancer_Cell,Smooth muscle,COL1A2,0.7353,0.5561
Stromal,Chen_2024_Cancer_Cell,Smooth muscle,CSPG4,0.1275,0.0866
Stromal,Chen_2024_Cancer_Cell,Smooth muscle,DCN,0.549,0.4277
Stromal,Chen_2024_Cancer_Cell,Smooth muscle,DES,0.3137,0.0046
Stromal,Chen_2024_Cancer_Cell,Smooth muscle,EMCN,0.0098,0.2351
Stromal,Chen_2024_Cancer_Cell,Smooth muscle,LUM,0.4804,0.3939
Stromal,Chen_2024_Cancer_Cell,Smooth muscle,MCAM,0.402,0.4162
Stromal,Chen_2024_Cancer_Cell,Smooth muscle,MYH11,0.9706,0.0665
Stromal,Chen_2024_Cancer_Cell,Smooth muscle,PDGFRA,0.0294,0.3052
Stromal,Chen_2024_Cancer_Cell,Smooth muscle,PDGFRB,0.3235,0.2704
Stromal,Chen_2024_Cancer_Cell,Smooth muscle,PECAM1,0.0,0.371
Stromal,Chen_2024_Cancer_Cell,Smooth muscle,RGS5,0.598,0.1689
Stromal,Chen_2024_Cancer_Cell,Smooth muscle,VWF,0.0,0.3695
Stromal,Guo_2022_JCI_Insight,Endothelial,ACTG2,0.0,0.3005
Stromal,Guo_2022_JCI_Insight,Endothelial,CDH5,0.806,0.011
Stromal,Guo_2022_JCI_Insight,Endothelial,CNN1,0.0,0.2779
Stromal,Guo_2022_JCI_Insight,Endothelial,COL1A1,0.0149,0.7975
Stromal,Guo_2022_JCI_Insight,Endothelial,COL1A2,0.0128,0.8433
Stromal,Guo_2022_JCI_Insight,Endothelial,CSPG4,0.0064,0.1696
Stromal,Guo_2022_JCI_Insight,Endothelial,DCN,0.0,0.6654
Stromal,Guo_2022_JCI_Insight,Endothelial,DES,0.0,0.0664
Stromal,Guo_2022_JCI_Insight,Endothelial,EMCN,0.8358,0.0174
Stromal,Guo_2022_JCI_Insight,Endothelial,LUM,0.0,0.7157
Stromal,Guo_2022_JCI_Insight,Endothelial,MCAM,0.791,0.3295
Stromal,Guo_2022_JCI_Insight,Endothelial,MYH11,0.0171,0.381
Stromal,Guo_2022_JCI_Insight,Endothelial,PDGFRA,0.0,0.43
Stromal,Guo_2022_JCI_Insight,Endothelial,PDGFRB,0.0107,0.7086
Stromal,Guo_2022_JCI_Insight,Endothelial,PECAM1,0.9595,0.0406
Stromal,Guo_2022_JCI_Insight,Endothelial,RGS5,0.0512,0.3275
Stromal,Guo_2022_JCI_Insight,Endothelial,VWF,0.9019,0.0129
Stromal,Guo_2022_JCI_Insight,Fibroblast,ACTG2,0.2636,0.199
Stromal,Guo_2022_JCI_Insight,Fibroblast,CDH5,0.002,0.3816
Stromal,Guo_2022_JCI_Insight,Fibroblast,CNN1,0.2071,0.2194
Stromal,Guo_2022_JCI_Insight,Fibroblast,COL1A1,0.8626,0.3786
Stromal,Guo_2022_JCI_Insight,Fibroblast,COL1A2,0.9081,0.4029
Stromal,Guo_2022_JCI_Insight,Fibroblast,CSPG4,0.0273,0.232
Stromal,Guo_2022_JCI_Insight,Fibroblast,DCN,0.8828,0.1534
Stromal,Guo_2022_JCI_Insight,Fibroblast,DES,0.0101,0.0903
Stromal,Guo_2022_JCI_Insight,Fibroblast,EMCN,0.0071,0.4
Stromal,Guo_2022_JCI_Insight,Fibroblast,LUM,0.8889,0.2233
Stromal,Guo_2022_JCI_Insight,Fibroblast,MCAM,0.103,0.7573
Stromal,Guo_2022_JCI_Insight,Fibroblast,MYH11,0.1889,0.4
Stromal,Guo_2022_JCI_Insight,Fibroblast,PDGFRA,0.6606,0.0126
Stromal,Guo_2022_JCI_Insight,Fibroblast,PDGFRB,0.6848,0.4136
Stromal,Guo_2022_JCI_Insight,Fibroblast,PECAM1,0.0222,0.4767
Stromal,Guo_2022_JCI_Insight,Fibroblast,RGS5,0.0505,0.468
Stromal,Guo_2022_JCI_Insight,Fibroblast,VWF,0.0051,0.4252
Stromal,Guo_2022_JCI_Insight,Pericyte,ACTG2,0.2735,0.2217
Stromal,Guo_2022_JCI_Insight,Pericyte,CDH5,0.0171,0.2331
Stromal,Guo_2022_JCI_Insight,Pericyte,CNN1,0.2963,0.1959
Stromal,Guo_2022_JCI_Insight,Pericyte,COL1A1,0.8462,0.5674
Stromal,Guo_2022_JCI_Insight,Pericyte,COL1A2,0.8832,0.6016
Stromal,Guo_2022_JCI_Insight,Pericyte,CSPG4,0.5613,0.0413
Stromal,Guo_2022_JCI_Insight,Pericyte,DCN,0.3219,0.5506
Stromal,Guo_2022_JCI_Insight,Pericyte,DES,0.0085,0.0599
Stromal,Guo_2022_JCI_Insight,Pericyte,EMCN,0.0199,0.2469
Stromal,Guo_2022_JCI_Insight,Pericyte,LUM,0.416,0.5776
Stromal,Guo_2022_JCI_Insight,Pericyte,MCAM,0.8803,0.3433
Stromal,Guo_2022_JCI_Insight,Pericyte,MYH11,0.7464,0.2019
Stromal,Guo_2022_JCI_Insight,Pericyte,PDGFRA,0.0114,0.3972
Stromal,Guo_2022_JCI_Insight,Pericyte,PDGFRB,0.9174,0.4685
Stromal,Guo_2022_JCI_Insight,Pericyte,PECAM1,0.0285,0.3014
Stromal,Guo_2022_JCI_Insight,Pericyte,RGS5,0.9915,0.1102
Stromal,Guo_2022_JCI_Insight,Pericyte,VWF,0.0228,0.2606
Stromal,Guo_2022_JCI_Insight,Smooth muscle,ACTG2,0.8376,0.1934
Stromal,Guo_2022_JCI_Insight,Smooth muscle,CDH5,0.0,0.2076
Stromal,Guo_2022_JCI_Insight,Smooth muscle,CNN1,0.906,0.1708
Stromal,Guo_2022_JCI_Insight,Smooth muscle,COL1A1,0.5385,0.6206
Stromal,Guo_2022_JCI_Insight,Smooth muscle,COL1A2,0.641,0.6511
Stromal,Guo_2022_JCI_Insight,Smooth muscle,CSPG4,0.2991,0.1214
Stromal,Guo_2022_JCI_Insight,Smooth muscle,DCN,0.2051,0.5297
Stromal,Guo_2022_JCI_Insight,Smooth muscle,DES,0.7179,0.01
Stromal,Guo_2022_JCI_Insight,Smooth muscle,EMCN,0.0085,0.2197
Stromal,Guo_2022_JCI_Insight,Smooth muscle,LUM,0.547,0.5497
Stromal,Guo_2022_JCI_Insight,Smooth muscle,MCAM,0.5556,0.4293
Stromal,Guo_2022_JCI_Insight,Smooth muscle,MYH11,1.0,0.2533
Stromal,Guo_2022_JCI_Insight,Smooth muscle,PDGFRA,0.0513,0.3473
Stromal,Guo_2022_JCI_Insight,Smooth muscle,PDGFRB,0.6496,0.5402
Stromal,Guo_2022_JCI_Insight,Smooth muscle,PECAM1,0.0171,0.2685
Stromal,Guo_2022_JCI_Insight,Smooth muscle,RGS5,0.6239,0.2412
Stromal,Guo_2022_JCI_Insight,Smooth muscle,VWF,0.0,0.2328
Stromal,Joanito_2022_Nat_Genet,Endothelial,ACTG2,0.008,0.2859
Stromal,Joanito_2022_Nat_Genet,Endothelial,CDH5,0.9152,0.008
Stromal,Joanito_2022_Nat_Genet,Endothelial,CNN1,0.0068,0.3654
Stromal,Joanito_2022_Nat_Genet,Endothelial,COL1A1,0.0648,0.9533
Stromal,Joanito_2022_Nat_Genet,Endothelial,COL1A2,0.0788,0.9725
Stromal,Joanito_2022_Nat_Genet,Endothelial,CSPG4,0.0054,0.1647
Stromal,Joanito_2022_Nat_Genet,Endothelial,DCN,0.0412,0.8067
Stromal,Joanito_2022_Nat_Genet,Endothelial,DES,0.0054,0.0967
Stromal,Joanito_2022_Nat_Genet,Endothelial,EMCN,0.8453,0.0317
Stromal,Joanito_2022_Nat_Genet,Endothelial,LUM,0.0563,0.8006
Stromal,Joanito_2022_Nat_Genet,Endothelial,MCAM,0.7233,0.2824
Stromal,Joanito_2022_Nat_Genet,Endothelial,MYH11,0.0266,0.2463
Stromal,Joanito_2022_Nat_Genet,Endothelial,PDGFRA,0.0155,0.6073
Stromal,Joanito_2022_Nat_Genet,Endothelial,PDGFRB,0.0094,0.7484
Stromal,Joanito_2022_Nat_Genet,Endothelial,PECAM1,0.9906,0.0269
Stromal,Joanito_2022_Nat_Genet,Endothelial,RGS5,0.0735,0.2468
Stromal,Joanito_2022_Nat_Genet,Endothelial,VWF,0.95,0.0098
Stromal,Joanito_2022_Nat_Genet,Fibroblast,ACTG2,0.2027,0.2569
Stromal,Joanito_2022_Nat_Genet,Fibroblast,CDH5,0.0051,0.4815
Stromal,Joanito_2022_Nat_Genet,Fibroblast,CNN1,0.298,0.2726
Stromal,Joanito_2022_Nat_Genet,Fibroblast,COL1A1,0.9736,0.4654
Stromal,Joanito_2022_Nat_Genet,Fibroblast,COL1A2,0.9934,0.4811
Stromal,Joanito_2022_Nat_Genet,Fibroblast,CSPG4,0.0501,0.2402
Stromal,Joanito_2022_Nat_Genet,Fibroblast,DCN,0.9696,0.1859
Stromal,Joanito_2022_Nat_Genet,Fibroblast,DES,0.0337,0.1363
Stromal,Joanito_2022_Nat_Genet,Fibroblast,EMCN,0.0306,0.4543
Stromal,Joanito_2022_Nat_Genet,Fibroblast,LUM,0.9561,0.2008
Stromal,Joanito_2022_Nat_Genet,Fibroblast,MCAM,0.1004,0.7617
Stromal,Joanito_2022_Nat_Genet,Fibroblast,MYH11,0.0961,0.3398
Stromal,Joanito_2022_Nat_Genet,Fibroblast,PDGFRA,0.8081,0.0241
Stromal,Joanito_2022_Nat_Genet,Fibroblast,PDGFRB,0.7257,0.3972
Stromal,Joanito_2022_Nat_Genet,Fibroblast,PECAM1,0.0243,0.5293
Stromal,Joanito_2022_Nat_Genet,Fibroblast,RGS5,0.0488,0.4303
Stromal,Joanito_2022_Nat_Genet,Fibroblast,VWF,0.0068,0.5005
Stromal,Joanito_2022_Nat_Genet,Pericyte,ACTG2,0.2606,0.2211
Stromal,Joanito_2022_Nat_Genet,Pericyte,CDH5,0.0191,0.2284
Stromal,Joanito_2022_Nat_Genet,Pericyte,CNN1,0.3348,0.2815
Stromal,Joanito_2022_Nat_Genet,Pericyte,COL1A1,0.9448,0.7371
Stromal,Joanito_2022_Nat_Genet,Pericyte,COL1A2,0.9851,0.7525
Stromal,Joanito_2022_Nat_Genet,Pericyte,CSPG4,0.5566,0.0772
Stromal,Joanito_2022_Nat_Genet,Pericyte,DCN,0.404,0.6694
Stromal,Joanito_2022_Nat_Genet,Pericyte,DES,0.0408,0.0813
Stromal,Joanito_2022_Nat_Genet,Pericyte,EMCN,0.0408,0.2295
Stromal,Joanito_2022_Nat_Genet,Pericyte,LUM,0.356,0.6736
Stromal,Joanito_2022_Nat_Genet,Pericyte,MCAM,0.8792,0.3164
Stromal,Joanito_2022_Nat_Genet,Pericyte,MYH11,0.4416,0.1684
Stromal,Joanito_2022_Nat_Genet,Pericyte,PDGFRA,0.0173,0.5357
Stromal,Joanito_2022_Nat_Genet,Pericyte,PDGFRB,0.9595,0.5417
Stromal,Joanito_2022_Nat_Genet,Pericyte,PECAM1,0.0361,0.2613
Stromal,Joanito_2022_Nat_Genet,Pericyte,RGS5,0.9261,0.1204
Stromal,Joanito_2022_Nat_Genet,Pericyte,VWF,0.0221,0.2381
Stromal,Joanito_2022_Nat_Genet,Smooth muscle,ACTG2,0.8814,0.1671
Stromal,Joanito_2022_Nat_Genet,Smooth muscle,CDH5,0.0012,0.2235
Stromal,Joanito_2022_Nat_Genet,Smooth muscle,CNN1,0.8709,0.2355
Stromal,Joanito_2022_Nat_Genet,Smooth muscle,COL1A1,0.8408,0.7528
Stromal,Joanito_2022_Nat_Genet,Smooth muscle,COL1A2,0.8243,0.774
Stromal,Joanito_2022_Nat_Genet,Smooth muscle,CSPG4,0.4451,0.102
Stromal,Joanito_2022_Nat_Genet,Smooth muscle,DCN,0.2264,0.677
Stromal,Joanito_2022_Nat_Genet,Smooth muscle,DES,0.6076,0.0296
Stromal,Joanito_2022_Nat_Genet,Smooth muscle,EMCN,0.0153,0.2259
Stromal,Joanito_2022_Nat_Genet,Smooth muscle,LUM,0.3309,0.666
Stromal,Joanito_2022_Nat_Genet,Smooth muscle,MCAM,0.7362,0.3465
Stromal,Joanito_2022_Nat_Genet,Smooth muscle,MYH11,0.9944,0.1277
Stromal,Joanito_2022_Nat_Genet,Smooth muscle,PDGFRA,0.0402,0.5176
Stromal,Joanito_2022_Nat_Genet,Smooth muscle,PDGFRB,0.6478,0.5823
Stromal,Joanito_2022_Nat_Genet,Smooth muscle,PECAM1,0.0145,0.2563
Stromal,Joanito_2022_Nat_Genet,Smooth muscle,RGS5,0.7193,0.1638
Stromal,Joanito_2022_Nat_Genet,Smooth muscle,VWF,0.0016,0.2332
Stromal,Khaliq_2022_Genome_Biol,Endothelial,ACTG2,0.0157,0.2464
Stromal,Khaliq_2022_Genome_Biol,Endothelial,CDH5,0.6258,0.0564
Stromal,Khaliq_2022_Genome_Biol,Endothelial,CNN1,0.0031,0.153
Stromal,Khaliq_2022_Genome_Biol,Endothelial,COL1A1,0.0849,0.7907
Stromal,Khaliq_2022_Genome_Biol,Endothelial,COL1A2,0.0849,0.8003
Stromal,Khaliq_2022_Genome_Biol,Endothelial,CSPG4,0.0283,0.1659
Stromal,Khaliq_2022_Genome_Biol,Endothelial,DCN,0.0,0.5024
Stromal,Khaliq_2022_Genome_Biol,Endothelial,DES,0.0,0.0354
Stromal,Khaliq_2022_Genome_Biol,Endothelial,EMCN,0.4843,0.0499
Stromal,Khaliq_2022_Genome_Biol,Endothelial,LUM,0.0094,0.5588
Stromal,Khaliq_2022_Genome_Biol,Endothelial,MCAM,0.4686,0.2721
Stromal,Khaliq_2022_Genome_Biol,Endothelial,MYH11,0.044,0.2142
Stromal,Khaliq_2022_Genome_Biol,Endothelial,PDGFRA,0.0031,0.3398
Stromal,Khaliq_2022_Genome_Biol,Endothelial,PDGFRB,0.0503,0.4622
Stromal,Khaliq_2022_Genome_Biol,Endothelial,PECAM1,0.9497,0.0934
Stromal,Khaliq_2022_Genome_Biol,Endothelial,RGS5,0.173,0.3366
Stromal,Khaliq_2022_Genome_Biol,Endothelial,VWF,0.8994,0.0741
Stromal,Khaliq_2022_Genome_Biol,Fibroblast,ACTG2,0.2461,0.1149
Stromal,Khaliq_2022_Genome_Biol,Fibroblast,CDH5,0.0,0.4201
Stromal,Khaliq_2022_Genome_Biol,Fibroblast,CNN1,0.1099,0.0969
Stromal,Khaliq_2022_Genome_Biol,Fibroblast,COL1A1,0.8246,0.3645
Stromal,Khaliq_2022_Genome_Biol,Fibroblast,COL1A2,0.856,0.3537
Stromal,Khaliq_2022_Genome_Biol,Fibroblast,CSPG4,0.0157,0.1903
Stromal,Khaliq_2022_Genome_Biol,Fibroblast,DCN,0.7408,0.0521
Stromal,Khaliq_2022_Genome_Biol,Fibroblast,DES,0.0052,0.0359
Stromal,Khaliq_2022_Genome_Biol,Fibroblast,EMCN,0.0026,0.3303
Stromal,Khaliq_2022_Genome_Biol,Fibroblast,LUM,0.7984,0.0808
Stromal,Khaliq_2022_Genome_Biol,Fibroblast,MCAM,0.0497,0.5368
Stromal,Khaliq_2022_Genome_Biol,Fibroblast,MYH11,0.0681,0.2172
Stromal,Khaliq_2022_Genome_Biol,Fibroblast,PDGFRA,0.5471,0.0054
Stromal,Khaliq_2022_Genome_Biol,Fibroblast,PDGFRB,0.322,0.3232
Stromal,Khaliq_2022_Genome_Biol,Fibroblast,PECAM1,0.0131,0.6373
Stromal,Khaliq_2022_Genome_Biol,Fibroblast,RGS5,0.0393,0.447
Stromal,Khaliq_2022_Genome_Biol,Fibroblast,VWF,0.0052,0.5925
Stromal,Khaliq_2022_Genome_Biol,Pericyte,ACTG2,0.1607,0.1699
Stromal,Khaliq_2022_Genome_Biol,Pericyte,CDH5,0.1369,0.2737
Stromal,Khaliq_2022_Genome_Biol,Pericyte,CNN1,0.131,0.096
Stromal,Khaliq_2022_Genome_Biol,Pericyte,COL1A1,0.7976,0.4981
Stromal,Khaliq_2022_Genome_Biol,Pericyte,COL1A2,0.7738,0.511
Stromal,Khaliq_2022_Genome_Biol,Pericyte,CSPG4,0.4762,0.0415
Stromal,Khaliq_2022_Genome_Biol,Pericyte,DCN,0.1012,0.3826
Stromal,Khaliq_2022_Genome_Biol,Pericyte,DES,0.0179,0.0246
Stromal,Khaliq_2022_Genome_Biol,Pericyte,EMCN,0.1429,0.2088
Stromal,Khaliq_2022_Genome_Biol,Pericyte,LUM,0.1667,0.4176
Stromal,Khaliq_2022_Genome_Biol,Pericyte,MCAM,0.6667,0.2672
Stromal,Khaliq_2022_Genome_Biol,Pericyte,MYH11,0.3393,0.1167
Stromal,Khaliq_2022_Genome_Biol,Pericyte,PDGFRA,0.0119,0.2724
Stromal,Khaliq_2022_Genome_Biol,Pericyte,PDGFRB,0.75,0.2296
Stromal,Khaliq_2022_Genome_Biol,Pericyte,PECAM1,0.2202,0.4189
Stromal,Khaliq_2022_Genome_Biol,Pericyte,RGS5,0.9286,0.1401
Stromal,Khaliq_2022_Genome_Biol,Pericyte,VWF,0.1726,0.393
Stromal,Khaliq_2022_Genome_Biol,Smooth muscle,ACTG2,0.5714,0.1494
Stromal,Khaliq_2022_Genome_Biol,Smooth muscle,CDH5,0.0,0.2609
Stromal,Khaliq_2022_Genome_Biol,Smooth muscle,CNN1,0.6905,0.0747
Stromal,Khaliq_2022_Genome_Biol,Smooth muscle,COL1A1,0.5476,0.5518
Stromal,Khaliq_2022_Genome_Biol,Smooth muscle,COL1A2,0.5,0.5608
Stromal,Khaliq_2022_Genome_Biol,Smooth muscle,CSPG4,0.3095,0.1104
Stromal,Khaliq_2022_Genome_Biol,Smooth muscle,DCN,0.1429,0.3411
Stromal,Khaliq_2022_Genome_Biol,Smooth muscle,DES,0.381,0.0067
Stromal,Khaliq_2022_Genome_Biol,Smooth muscle,EMCN,0.0238,0.2051
Stromal,Khaliq_2022_Genome_Biol,Smooth muscle,LUM,0.1667,0.3824
Stromal,Khaliq_2022_Genome_Biol,Smooth muscle,MCAM,0.5714,0.3278
Stromal,Khaliq_2022_Genome_Biol,Smooth muscle,MYH11,0.9524,0.1193
Stromal,Khaliq_2022_Genome_Biol,Smooth muscle,PDGFRA,0.0,0.2363
Stromal,Khaliq_2022_Genome_Biol,Smooth muscle,PDGFRB,0.6429,0.3077
Stromal,Khaliq_2022_Genome_Biol,Smooth muscle,PECAM1,0.0238,0.4002
Stromal,Khaliq_2022_Genome_Biol,Smooth muscle,RGS5,0.5476,0.2687
Stromal,Khaliq_2022_Genome_Biol,Smooth muscle,VWF,0.0,0.3701
Stromal,Lee_2020_Nat_Genet,Endothelial,ACTG2,0.0045,0.1819
Stromal,Lee_2020_Nat_Genet,Endothelial,CDH5,0.732,0.0083
Stromal,Lee_2020_Nat_Genet,Endothelial,CNN1,0.0018,0.2368
Stromal,Lee_2020_Nat_Genet,Endothelial,COL1A1,0.0462,0.7572
Stromal,Lee_2020_Nat_Genet,Endothelial,COL1A2,0.0404,0.8188
Stromal,Lee_2020_Nat_Genet,Endothelial,CSPG4,0.0036,0.1154
Stromal,Lee_2020_Nat_Genet,Endothelial,DCN,0.0166,0.6601
Stromal,Lee_2020_Nat_Genet,Endothelial,DES,0.0022,0.0976
Stromal,Lee_2020_Nat_Genet,Endothelial,EMCN,0.8088,0.0139
Stromal,Lee_2020_Nat_Genet,Endothelial,LUM,0.0242,0.6766
Stromal,Lee_2020_Nat_Genet,Endothelial,MCAM,0.6252,0.214
Stromal,Lee_2020_Nat_Genet,Endothelial,MYH11,0.0049,0.2037
Stromal,Lee_2020_Nat_Genet,Endothelial,PDGFRA,0.0094,0.4087
Stromal,Lee_2020_Nat_Genet,Endothelial,PDGFRB,0.0054,0.5971
Stromal,Lee_2020_Nat_Genet,Endothelial,PECAM1,0.912,0.0315
Stromal,Lee_2020_Nat_Genet,Endothelial,RGS5,0.0319,0.2494
Stromal,Lee_2020_Nat_Genet,Endothelial,VWF,0.9358,0.0175
Stromal,Lee_2020_Nat_Genet,Fibroblast,ACTG2,0.1088,0.159
Stromal,Lee_2020_Nat_Genet,Fibroblast,CDH5,0.0029,0.4237
Stromal,Lee_2020_Nat_Genet,Fibroblast,CNN1,0.186,0.1577
Stromal,Lee_2020_Nat_Genet,Fibroblast,COL1A1,0.8366,0.2708
Stromal,Lee_2020_Nat_Genet,Fibroblast,COL1A2,0.8862,0.3068
Stromal,Lee_2020_Nat_Genet,Fibroblast,CSPG4,0.0125,0.1613
Stromal,Lee_2020_Nat_Genet,Fibroblast,DCN,0.8488,0.096
Stromal,Lee_2020_Nat_Genet,Fibroblast,DES,0.0592,0.0843
Stromal,Lee_2020_Nat_Genet,Fibroblast,EMCN,0.0067,0.4714
Stromal,Lee_2020_Nat_Genet,Fibroblast,LUM,0.8538,0.1196
Stromal,Lee_2020_Nat_Genet,Fibroblast,MCAM,0.0273,0.6447
Stromal,Lee_2020_Nat_Genet,Fibroblast,MYH11,0.0563,0.2474
Stromal,Lee_2020_Nat_Genet,Fibroblast,PDGFRA,0.573,0.0086
Stromal,Lee_2020_Nat_Genet,Fibroblast,PDGFRB,0.5411,0.3216
Stromal,Lee_2020_Nat_Genet,Fibroblast,PECAM1,0.0259,0.5357
Stromal,Lee_2020_Nat_Genet,Fibroblast,RGS5,0.0355,0.3531
Stromal,Lee_2020_Nat_Genet,Fibroblast,VWF,0.0086,0.5466
Stromal,Lee_2020_Nat_Genet,Pericyte,ACTG2,0.213,0.1213
Stromal,Lee_2020_Nat_Genet,Pericyte,CDH5,0.0201,0.2349
Stromal,Lee_2020_Nat_Genet,Pericyte,CNN1,0.2216,0.1649
Stromal,Lee_2020_Nat_Genet,Pericyte,COL1A1,0.765,0.5318
Stromal,Lee_2020_Nat_Genet,Pericyte,COL1A2,0.8663,0.5662
Stromal,Lee_2020_Nat_Genet,Pericyte,CSPG4,0.4384,0.0323
Stromal,Lee_2020_Nat_Genet,Pericyte,DCN,0.2588,0.5166
Stromal,Lee_2020_Nat_Genet,Pericyte,DES,0.0296,0.0776
Stromal,Lee_2020_Nat_Genet,Pericyte,EMCN,0.0201,0.2638
Stromal,Lee_2020_Nat_Genet,Pericyte,LUM,0.2818,0.5294
Stromal,Lee_2020_Nat_Genet,Pericyte,MCAM,0.7612,0.2626
Stromal,Lee_2020_Nat_Genet,Pericyte,MYH11,0.4317,0.1072
Stromal,Lee_2020_Nat_Genet,Pericyte,PDGFRA,0.0086,0.3421
Stromal,Lee_2020_Nat_Genet,Pericyte,PDGFRB,0.8797,0.3685
Stromal,Lee_2020_Nat_Genet,Pericyte,PECAM1,0.0287,0.3096
Stromal,Lee_2020_Nat_Genet,Pericyte,RGS5,0.893,0.0854
Stromal,Lee_2020_Nat_Genet,Pericyte,VWF,0.0334,0.3048
Stromal,Lee_2020_Nat_Genet,Smooth muscle,ACTG2,0.7562,0.0972
Stromal,Lee_2020_Nat_Genet,Smooth muscle,CDH5,0.0,0.2191
Stromal,Lee_2020_Nat_Genet,Smooth muscle,CNN1,0.7517,0.1388
Stromal,Lee_2020_Nat_Genet,Smooth muscle,COL1A1,0.2506,0.5799
Stromal,Lee_2020_Nat_Genet,Smooth muscle,COL1A2,0.3363,0.6205
Stromal,Lee_2020_Nat_Genet,Smooth muscle,CSPG4,0.3341,0.0703
Stromal,Lee_2020_Nat_Genet,Smooth muscle,DCN,0.0971,0.5057
Stromal,Lee_2020_Nat_Genet,Smooth muscle,DES,0.5688,0.0427
Stromal,Lee_2020_Nat_Genet,Smooth muscle,EMCN,0.0135,0.2449
Stromal,Lee_2020_Nat_Genet,Smooth muscle,LUM,0.1919,0.5151
Stromal,Lee_2020_Nat_Genet,Smooth muscle,MCAM,0.684,0.3064
Stromal,Lee_2020_Nat_Genet,Smooth muscle,MYH11,0.991,0.1004
Stromal,Lee_2020_Nat_Genet,Smooth muscle,PDGFRA,0.0045,0.316
Stromal,Lee_2020_Nat_Genet,Smooth muscle,PDGFRB,0.6614,0.4214
Stromal,Lee_2020_Nat_Genet,Smooth muscle,PECAM1,0.0068,0.2888
Stromal,Lee_2020_Nat_Genet,Smooth muscle,RGS5,0.702,0.16
Stromal,Lee_2020_Nat_Genet,Smooth muscle,VWF,0.009,0.2849
Stromal,Li_2023_Cancer_Cell,Endothelial,ACTG2,0.0015,0.1967
Stromal,Li_2023_Cancer_Cell,Endothelial,CDH5,0.8784,0.0341
Stromal,Li_2023_Cancer_Cell,Endothelial,CNN1,0.001,0.1619
Stromal,Li_2023_Cancer_Cell,Endothelial,COL1A1,0.031,0.7866
Stromal,Li_2023_Cancer_Cell,Endothelial,COL1A2,0.032,0.796
Stromal,Li_2023_Cancer_Cell,Endothelial,CSPG4,0.0005,0.2334
Stromal,Li_2023_Cancer_Cell,Endothelial,DCN,0.0108,0.5445
Stromal,Li_2023_Cancer_Cell,Endothelial,DES,0.001,0.0441
Stromal,Li_2023_Cancer_Cell,Endothelial,EMCN,0.657,0.0221
Stromal,Li_2023_Cancer_Cell,Endothelial,LUM,0.0167,0.5438
Stromal,Li_2023_Cancer_Cell,Endothelial,MCAM,0.8573,0.4221
Stromal,Li_2023_Cancer_Cell,Endothelial,MYH11,0.0487,0.2635
Stromal,Li_2023_Cancer_Cell,Endothelial,PDGFRA,0.0133,0.2629
Stromal,Li_2023_Cancer_Cell,Endothelial,PDGFRB,0.0044,0.6201
Stromal,Li_2023_Cancer_Cell,Endothelial,PECAM1,0.9311,0.0595
Stromal,Li_2023_Cancer_Cell,Endothelial,RGS5,0.0221,0.4167
Stromal,Li_2023_Cancer_Cell,Endothelial,VWF,0.9262,0.0421
Stromal,Li_2023_Cancer_Cell,Fibroblast,ACTG2,0.1153,0.0755
Stromal,Li_2023_Cancer_Cell,Fibroblast,CDH5,0.0168,0.6617
Stromal,Li_2023_Cancer_Cell,Fibroblast,CNN1,0.0816,0.0657
Stromal,Li_2023_Cancer_Cell,Fibroblast,COL1A1,0.7889,0.2287
Stromal,Li_2023_Cancer_Cell,Fibroblast,COL1A2,0.8109,0.2283
Stromal,Li_2023_Cancer_Cell,Fibroblast,CSPG4,0.0246,0.1201
Stromal,Li_2023_Cancer_Cell,Fibroblast,DCN,0.7733,0.0868
Stromal,Li_2023_Cancer_Cell,Fibroblast,DES,0.0181,0.0196
Stromal,Li_2023_Cancer_Cell,Fibroblast,EMCN,0.0065,0.4947
Stromal,Li_2023_Cancer_Cell,Fibroblast,LUM,0.7889,0.0864
Stromal,Li_2023_Cancer_Cell,Fibroblast,MCAM,0.1023,0.8327
Stromal,Li_2023_Cancer_Cell,Fibroblast,MYH11,0.0881,0.1543
Stromal,Li_2023_Cancer_Cell,Fibroblast,PDGFRA,0.4909,0.0149
Stromal,Li_2023_Cancer_Cell,Fibroblast,PDGFRB,0.5078,0.1975
Stromal,Li_2023_Cancer_Cell,Fibroblast,PECAM1,0.0376,0.7085
Stromal,Li_2023_Cancer_Cell,Fibroblast,RGS5,0.1153,0.2102
Stromal,Li_2023_Cancer_Cell,Fibroblast,VWF,0.022,0.6998
Stromal,Li_2023_Cancer_Cell,Pericyte,ACTG2,0.2462,0.06
Stromal,Li_2023_Cancer_Cell,Pericyte,CDH5,0.0153,0.5962
Stromal,Li_2023_Cancer_Cell,Pericyte,CNN1,0.2375,0.044
Stromal,Li_2023_Cancer_Cell,Pericyte,COL1A1,0.9542,0.2611
Stromal,Li_2023_Cancer_Cell,Pericyte,COL1A2,0.963,0.265
Stromal,Li_2023_Cancer_Cell,Pericyte,CSPG4,0.6057,0.0235
Stromal,Li_2023_Cancer_Cell,Pericyte,DCN,0.3115,0.2259
Stromal,Li_2023_Cancer_Cell,Pericyte,DES,0.0044,0.0215
Stromal,Li_2023_Cancer_Cell,Pericyte,EMCN,0.0065,0.4449
Stromal,Li_2023_Cancer_Cell,Pericyte,LUM,0.3181,0.2285
Stromal,Li_2023_Cancer_Cell,Pericyte,MCAM,0.8824,0.6415
Stromal,Li_2023_Cancer_Cell,Pericyte,MYH11,0.3987,0.101
Stromal,Li_2023_Cancer_Cell,Pericyte,PDGFRA,0.0131,0.1349
Stromal,Li_2023_Cancer_Cell,Pericyte,PDGFRB,0.915,0.1682
Stromal,Li_2023_Cancer_Cell,Pericyte,PECAM1,0.0305,0.6411
Stromal,Li_2023_Cancer_Cell,Pericyte,RGS5,0.9412,0.0769
Stromal,Li_2023_Cancer_Cell,Pericyte,VWF,0.0196,0.631
Stromal,Li_2023_Cancer_Cell,Smooth muscle,ACTG2,0.6847,0.0647
Stromal,Li_2023_Cancer_Cell,Smooth muscle,CDH5,0.018,0.5369
Stromal,Li_2023_Cancer_Cell,Smooth muscle,CNN1,0.5045,0.055
Stromal,Li_2023_Cancer_Cell,Smooth muscle,COL1A1,0.6486,0.3416
Stromal,Li_2023_Cancer_Cell,Smooth muscle,COL1A2,0.6216,0.3472
Stromal,Li_2023_Cancer_Cell,Smooth muscle,CSPG4,0.3333,0.0916
Stromal,Li_2023_Cancer_Cell,Smooth muscle,DCN,0.3063,0.2348
Stromal,Li_2023_Cancer_Cell,Smooth muscle,DES,0.4054,0.0067
Stromal,Li_2023_Cancer_Cell,Smooth muscle,EMCN,0.0,0.4005
Stromal,Li_2023_Cancer_Cell,Smooth muscle,LUM,0.2072,0.2412
Stromal,Li_2023_Cancer_Cell,Smooth muscle,MCAM,0.7027,0.6718
Stromal,Li_2023_Cancer_Cell,Smooth muscle,MYH11,0.982,0.1124
Stromal,Li_2023_Cancer_Cell,Smooth muscle,PDGFRA,0.018,0.1224
Stromal,Li_2023_Cancer_Cell,Smooth muscle,PDGFRB,0.6847,0.2518
Stromal,Li_2023_Cancer_Cell,Smooth muscle,PECAM1,0.0,0.5799
Stromal,Li_2023_Cancer_Cell,Smooth muscle,RGS5,0.5495,0.1777
Stromal,Li_2023_Cancer_Cell,Smooth muscle,VWF,0.009,0.5691
Stromal,Liu_2024_Cancer_Res,Endothelial,ACTG2,0.0132,0.3802
Stromal,Liu_2024_Cancer_Res,Endothelial,CDH5,0.7991,0.0107
Stromal,Liu_2024_Cancer_Res,Endothelial,CNN1,0.0062,0.2228
Stromal,Liu_2024_Cancer_Res,Endothelial,COL1A1,0.0389,0.912
Stromal,Liu_2024_Cancer_Res,Endothelial,COL1A2,0.0343,0.9222
Stromal,Liu_2024_Cancer_Res,Endothelial,CSPG4,0.0241,0.1988
Stromal,Liu_2024_Cancer_Res,Endothelial,DCN,0.0226,0.6752
Stromal,Liu_2024_Cancer_Res,Endothelial,DES,0.0023,0.0458
Stromal,Liu_2024_Cancer_Res,Endothelial,EMCN,0.5662,0.0141
Stromal,Liu_2024_Cancer_Res,Endothelial,LUM,0.0132,0.6238
Stromal,Liu_2024_Cancer_Res,Endothelial,MCAM,0.6955,0.4302
Stromal,Liu_2024_Cancer_Res,Endothelial,MYH11,0.035,0.3059
Stromal,Liu_2024_Cancer_Res,Endothelial,PDGFRA,0.0164,0.5664
Stromal,Liu_2024_Cancer_Res,Endothelial,PDGFRB,0.0202,0.675
Stromal,Liu_2024_Cancer_Res,Endothelial,PECAM1,0.9688,0.033
Stromal,Liu_2024_Cancer_Res,Endothelial,RGS5,0.0467,0.334
Stromal,Liu_2024_Cancer_Res,Endothelial,VWF,0.9439,0.0174
Stromal,Liu_2024_Cancer_Res,Fibroblast,ACTG2,0.3263,0.2743
Stromal,Liu_2024_Cancer_Res,Fibroblast,CDH5,0.0033,0.3692
Stromal,Liu_2024_Cancer_Res,Fibroblast,CNN1,0.1325,0.2224
Stromal,Liu_2024_Cancer_Res,Fibroblast,COL1A1,0.9465,0.487
Stromal,Liu_2024_Cancer_Res,Fibroblast,COL1A2,0.9677,0.479
Stromal,Liu_2024_Cancer_Res,Fibroblast,CSPG4,0.0467,0.2826
Stromal,Liu_2024_Cancer_Res,Fibroblast,DCN,0.8711,0.177
Stromal,Liu_2024_Cancer_Res,Fibroblast,DES,0.0033,0.0717
Stromal,Liu_2024_Cancer_Res,Fibroblast,EMCN,0.0108,0.2632
Stromal,Liu_2024_Cancer_Res,Fibroblast,LUM,0.8424,0.1202
Stromal,Liu_2024_Cancer_Res,Fibroblast,MCAM,0.2254,0.7655
Stromal,Liu_2024_Cancer_Res,Fibroblast,MYH11,0.1103,0.3931
Stromal,Liu_2024_Cancer_Res,Fibroblast,PDGFRA,0.845,0.026
Stromal,Liu_2024_Cancer_Res,Fibroblast,PDGFRB,0.6049,0.4583
Stromal,Liu_2024_Cancer_Res,Fibroblast,PECAM1,0.0202,0.4628
Stromal,Liu_2024_Cancer_Res,Fibroblast,RGS5,0.076,0.4801
Stromal,Liu_2024_Cancer_Res,Fibroblast,VWF,0.0091,0.4382
Stromal,Liu_2024_Cancer_Res,Pericyte,ACTG2,0.3758,0.2849
Stromal,Liu_2024_Cancer_Res,Pericyte,CDH5,0.0208,0.2154
Stromal,Liu_2024_Cancer_Res,Pericyte,CNN1,0.2899,0.1514
Stromal,Liu_2024_Cancer_Res,Pericyte,COL1A1,0.9235,0.6804
Stromal,Liu_2024_Cancer_Res,Pericyte,COL1A2,0.9367,0.6861
Stromal,Liu_2024_Cancer_Res,Pericyte,CSPG4,0.5873,0.0689
Stromal,Liu_2024_Cancer_Res,Pericyte,DCN,0.2767,0.5902
Stromal,Liu_2024_Cancer_Res,Pericyte,DES,0.017,0.0407
Stromal,Liu_2024_Cancer_Res,Pericyte,EMCN,0.0142,0.159
Stromal,Liu_2024_Cancer_Res,Pericyte,LUM,0.1615,0.5637
Stromal,Liu_2024_Cancer_Res,Pericyte,MCAM,0.9093,0.3961
Stromal,Liu_2024_Cancer_Res,Pericyte,MYH11,0.5855,0.1743
Stromal,Liu_2024_Cancer_Res,Pericyte,PDGFRA,0.0104,0.5424
Stromal,Liu_2024_Cancer_Res,Pericyte,PDGFRB,0.9301,0.448
Stromal,Liu_2024_Cancer_Res,Pericyte,PECAM1,0.0425,0.2765
Stromal,Liu_2024_Cancer_Res,Pericyte,RGS5,0.9537,0.1245
Stromal,Liu_2024_Cancer_Res,Pericyte,VWF,0.0274,0.2583
Stromal,Liu_2024_Cancer_Res,Smooth muscle,ACTG2,0.8147,0.2647
Stromal,Liu_2024_Cancer_Res,Smooth muscle,CDH5,0.0051,0.1932
Stromal,Liu_2024_Cancer_Res,Smooth muscle,CNN1,0.7234,0.1373
Stromal,Liu_2024_Cancer_Res,Smooth muscle,COL1A1,0.7335,0.7229
Stromal,Liu_2024_Cancer_Res,Smooth muscle,COL1A2,0.6624,0.7355
Stromal,Liu_2024_Cancer_Res,Smooth muscle,CSPG4,0.3579,0.1472
Stromal,Liu_2024_Cancer_Res,Smooth muscle,DCN,0.3198,0.5497
Stromal,Liu_2024_Cancer_Res,Smooth muscle,DES,0.4594,0.0065
Stromal,Liu_2024_Cancer_Res,Smooth muscle,EMCN,0.0051,0.1423
Stromal,Liu_2024_Cancer_Res,Smooth muscle,LUM,0.2589,0.5086
Stromal,Liu_2024_Cancer_Res,Smooth muscle,MCAM,0.7132,0.4714
Stromal,Liu_2024_Cancer_Res,Smooth muscle,MYH11,0.9924,0.1947
Stromal,Liu_2024_Cancer_Res,Smooth muscle,PDGFRA,0.033,0.4772
Stromal,Liu_2024_Cancer_Res,Smooth muscle,PDGFRB,0.6142,0.5281
Stromal,Liu_2024_Cancer_Res,Smooth muscle,PECAM1,0.0203,0.2501
Stromal,Liu_2024_Cancer_Res,Smooth muscle,RGS5,0.6523,0.2451
Stromal,Liu_2024_Cancer_Res,Smooth muscle,VWF,0.0102,0.2319
Stromal,MUI_Innsbruck,Endothelial,ACTG2,0.0,0.2185
Stromal,MUI_Innsbruck,Endothelial,CDH5,0.8715,0.0403
Stromal,MUI_Innsbruck,Endothelial,CNN1,0.0034,0.2259
Stromal,MUI_Innsbruck,Endothelial,COL1A1,0.0302,0.8059
Stromal,MUI_Innsbruck,Endothelial,COL1A2,0.0246,0.8017
Stromal,MUI_Innsbruck,Endothelial,CSPG4,0.0,0.0827
Stromal,MUI_Innsbruck,Endothelial,DCN,0.0056,0.4655
Stromal,MUI_Innsbruck,Endothelial,DES,0.0,0.0011
Stromal,MUI_Innsbruck,Endothelial,EMCN,0.9687,0.0764
Stromal,MUI_Innsbruck,Endothelial,LUM,0.0022,0.4539
Stromal,MUI_Innsbruck,Endothelial,MCAM,0.8346,0.4857
Stromal,MUI_Innsbruck,Endothelial,MYH11,0.0022,0.4157
Stromal,MUI_Innsbruck,Endothelial,PDGFRA,0.0022,0.3754
Stromal,MUI_Innsbruck,Endothelial,PDGFRB,0.0089,0.6702
Stromal,MUI_Innsbruck,Endothelial,PECAM1,0.9709,0.1241
Stromal,MUI_Innsbruck,Endothelial,RGS5,0.1017,0.4433
Stromal,MUI_Innsbruck,Endothelial,VWF,0.9609,0.0498
Stromal,MUI_Innsbruck,Fibroblast,ACTG2,0.0773,0.1235
Stromal,MUI_Innsbruck,Fibroblast,CDH5,0.0088,0.5877
Stromal,MUI_Innsbruck,Fibroblast,CNN1,0.1479,0.1076
Stromal,MUI_Innsbruck,Fibroblast,COL1A1,0.9735,0.2498
Stromal,MUI_Innsbruck,Fibroblast,COL1A2,0.9868,0.239
Stromal,MUI_Innsbruck,Fibroblast,CSPG4,0.0022,0.0556
Stromal,MUI_Innsbruck,Fibroblast,DCN,0.8609,0.039
Stromal,MUI_Innsbruck,Fibroblast,DES,0.0022,0.0
Stromal,MUI_Innsbruck,Fibroblast,EMCN,0.053,0.6606
Stromal,MUI_Innsbruck,Fibroblast,LUM,0.8168,0.0433
Stromal,MUI_Innsbruck,Fibroblast,MCAM,0.1126,0.8332
Stromal,MUI_Innsbruck,Fibroblast,MYH11,0.1214,0.2448
Stromal,MUI_Innsbruck,Fibroblast,PDGFRA,0.755,0.0101
Stromal,MUI_Innsbruck,Fibroblast,PDGFRB,0.6909,0.2361
Stromal,MUI_Innsbruck,Fibroblast,PECAM1,0.0618,0.6917
Stromal,MUI_Innsbruck,Fibroblast,RGS5,0.1214,0.3278
Stromal,MUI_Innsbruck,Fibroblast,VWF,0.0088,0.652
Stromal,MUI_Innsbruck,Pericyte,ACTG2,0.319,0.0822
Stromal,MUI_Innsbruck,Pericyte,CDH5,0.056,0.5012
Stromal,MUI_Innsbruck,Pericyte,CNN1,0.2543,0.0978
Stromal,MUI_Innsbruck,Pericyte,COL1A1,0.9267,0.3562
Stromal,MUI_Innsbruck,Pericyte,COL1A2,0.9353,0.3493
Stromal,MUI_Innsbruck,Pericyte,CSPG4,0.2241,0.0162
Stromal,MUI_Innsbruck,Pericyte,DCN,0.1422,0.2559
Stromal,MUI_Innsbruck,Pericyte,DES,0.0,0.0006
Stromal,MUI_Innsbruck,Pericyte,EMCN,0.0603,0.576
Stromal,MUI_Innsbruck,Pericyte,LUM,0.1983,0.2391
Stromal,MUI_Innsbruck,Pericyte,MCAM,0.9871,0.6077
Stromal,MUI_Innsbruck,Pericyte,MYH11,0.7974,0.1301
Stromal,MUI_Innsbruck,Pericyte,PDGFRA,0.0388,0.2161
Stromal,MUI_Innsbruck,Pericyte,PDGFRB,0.9181,0.2659
Stromal,MUI_Innsbruck,Pericyte,PECAM1,0.1767,0.5884
Stromal,MUI_Innsbruck,Pericyte,RGS5,0.9655,0.1775
Stromal,MUI_Innsbruck,Pericyte,VWF,0.0647,0.5554
Stromal,MUI_Innsbruck,Smooth muscle,ACTG2,0.82,0.0713
Stromal,MUI_Innsbruck,Smooth muscle,CDH5,0.0,0.4707
Stromal,MUI_Innsbruck,Smooth muscle,CNN1,0.71,0.0834
Stromal,MUI_Innsbruck,Smooth muscle,COL1A1,0.56,0.4206
Stromal,MUI_Innsbruck,Smooth muscle,COL1A2,0.53,0.4171
Stromal,MUI_Innsbruck,Smooth muscle,CSPG4,0.13,0.0374
Stromal,MUI_Innsbruck,Smooth muscle,DCN,0.05,0.2526
Stromal,MUI_Innsbruck,Smooth muscle,DES,0.0,0.0006
Stromal,MUI_Innsbruck,Smooth muscle,EMCN,0.0,0.5403
Stromal,MUI_Innsbruck,Smooth muscle,LUM,0.02,0.2463
Stromal,MUI_Innsbruck,Smooth muscle,MCAM,1.0,0.6358
Stromal,MUI_Innsbruck,Smooth muscle,MYH11,1.0,0.1692
Stromal,MUI_Innsbruck,Smooth muscle,PDGFRA,0.0,0.2048
Stromal,MUI_Innsbruck,Smooth muscle,PDGFRB,0.73,0.3262
Stromal,MUI_Innsbruck,Smooth muscle,PECAM1,0.04,0.565
Stromal,MUI_Innsbruck,Smooth muscle,RGS5,0.91,0.2405
Stromal,MUI_Innsbruck,Smooth muscle,VWF,0.0,0.5219
Stromal,Pelka_2021_Cell,Endothelial,ACTG2,0.0021,0.2279
Stromal,Pelka_2021_Cell,Endothelial,CDH5,0.7841,0.0449
Stromal,Pelka_2021_Cell,Endothelial,CNN1,0.0023,0.1934
Stromal,Pelka_2021_Cell,Endothelial,COL1A1,0.0245,0.8354
Stromal,Pelka_2021_Cell,Endothelial,COL1A2,0.0428,0.8758
Stromal,Pelka_2021_Cell,Endothelial,CSPG4,0.0046,0.1862
Stromal,Pelka_2021_Cell,Endothelial,DCN,0.0129,0.6009
Stromal,Pelka_2021_Cell,Endothelial,DES,0.0013,0.0624
Stromal,Pelka_2021_Cell,Endothelial,EMCN,0.709,0.0566
Stromal,Pelka_2021_Cell,Endothelial,LUM,0.0124,0.6113
Stromal,Pelka_2021_Cell,Endothelial,MCAM,0.6362,0.3211
Stromal,Pelka_2021_Cell,Endothelial,MYH11,0.0224,0.2279
Stromal,Pelka_2021_Cell,Endothelial,PDGFRA,0.0132,0.4053
Stromal,Pelka_2021_Cell,Endothelial,PDGFRB,0.0144,0.647
Stromal,Pelka_2021_Cell,Endothelial,PECAM1,0.0,0.0
Stromal,Pelka_2021_Cell,Endothelial,RGS5,0.0593,0.369
Stromal,Pelka_2021_Cell,Endothelial,VWF,0.9358,0.0658
Stromal,Pelka_2021_Cell,Fibroblast,ACTG2,0.1809,0.0981
Stromal,Pelka_2021_Cell,Fibroblast,CDH5,0.006,0.552
Stromal,Pelka_2021_Cell,Fibroblast,CNN1,0.1318,0.0928
Stromal,Pelka_2021_Cell,Fibroblast,COL1A1,0.8939,0.2724
Stromal,Pelka_2021_Cell,Fibroblast,COL1A2,0.9256,0.3018
Stromal,Pelka_2021_Cell,Fibroblast,CSPG4,0.049,0.1241
Stromal,Pelka_2021_Cell,Fibroblast,DCN,0.8678,0.0971
Stromal,Pelka_2021_Cell,Fibroblast,DES,0.0169,0.0413
Stromal,Pelka_2021_Cell,Fibroblast,EMCN,0.0165,0.5066
Stromal,Pelka_2021_Cell,Fibroblast,LUM,0.8694,0.1039
Stromal,Pelka_2021_Cell,Fibroblast,MCAM,0.082,0.6321
Stromal,Pelka_2021_Cell,Fibroblast,MYH11,0.0591,0.1635
Stromal,Pelka_2021_Cell,Fibroblast,PDGFRA,0.7126,0.0142
Stromal,Pelka_2021_Cell,Fibroblast,PDGFRB,0.5812,0.2553
Stromal,Pelka_2021_Cell,Fibroblast,PECAM1,0.0,0.0
Stromal,Pelka_2021_Cell,Fibroblast,RGS5,0.0623,0.2941
Stromal,Pelka_2021_Cell,Fibroblast,VWF,0.0169,0.6639
Stromal,Pelka_2021_Cell,Pericyte,ACTG2,0.1739,0.1135
Stromal,Pelka_2021_Cell,Pericyte,CDH5,0.0893,0.4437
Stromal,Pelka_2021_Cell,Pericyte,CNN1,0.1832,0.09
Stromal,Pelka_2021_Cell,Pericyte,COL1A1,0.8641,0.3838
Stromal,Pelka_2021_Cell,Pericyte,COL1A2,0.913,0.4105
Stromal,Pelka_2021_Cell,Pericyte,CSPG4,0.4363,0.0405
Stromal,Pelka_2021_Cell,Pericyte,DCN,0.2795,0.336
Stromal,Pelka_2021_Cell,Pericyte,DES,0.014,0.0376
Stromal,Pelka_2021_Cell,Pericyte,EMCN,0.0986,0.408
Stromal,Pelka_2021_Cell,Pericyte,LUM,0.2803,0.3421
Stromal,Pelka_2021_Cell,Pericyte,MCAM,0.7151,0.4225
Stromal,Pelka_2021_Cell,Pericyte,MYH11,0.3354,0.0952
Stromal,Pelka_2021_Cell,Pericyte,PDGFRA,0.0078,0.2622
Stromal,Pelka_2021_Cell,Pericyte,PDGFRB,0.875,0.2571
Stromal,Pelka_2021_Cell,Pericyte,PECAM1,0.0,0.0
Stromal,Pelka_2021_Cell,Pericyte,RGS5,0.9084,0.0998
Stromal,Pelka_2021_Cell,Pericyte,VWF,0.1172,0.5353
Stromal,Pelka_2021_Cell,Smooth muscle,ACTG2,0.7627,0.0944
Stromal,Pelka_2021_Cell,Smooth muscle,CDH5,0.0056,0.4059
Stromal,Pelka_2021_Cell,Smooth muscle,CNN1,0.6893,0.0785
Stromal,Pelka_2021_Cell,Smooth muscle,COL1A1,0.6525,0.4494
Stromal,Pelka_2021_Cell,Smooth muscle,COL1A2,0.7034,0.4786
Stromal,Pelka_2021_Cell,Smooth muscle,CSPG4,0.3136,0.0923
Stromal,Pelka_2021_Cell,Smooth muscle,DCN,0.2599,0.3303
Stromal,Pelka_2021_Cell,Smooth muscle,DES,0.5254,0.0122
Stromal,Pelka_2021_Cell,Smooth muscle,EMCN,0.0056,0.3759
Stromal,Pelka_2021_Cell,Smooth muscle,LUM,0.3277,0.3328
Stromal,Pelka_2021_Cell,Smooth muscle,MCAM,0.5763,0.4629
Stromal,Pelka_2021_Cell,Smooth muscle,MYH11,0.9661,0.0953
Stromal,Pelka_2021_Cell,Smooth muscle,PDGFRA,0.0169,0.232
Stromal,Pelka_2021_Cell,Smooth muscle,PDGFRB,0.5706,0.3429
Stromal,Pelka_2021_Cell,Smooth muscle,PECAM1,0.0,0.0
Stromal,Pelka_2021_Cell,Smooth muscle,RGS5,0.5565,0.2102
Stromal,Pelka_2021_Cell,Smooth muscle,VWF,0.0141,0.4909
Stromal,Qi_2022_Nat_Commun,Endothelial,ACTG2,0.0178,0.3153
Stromal,Qi_2022_Nat_Commun,Endothelial,CDH5,0.9487,0.0172
Stromal,Qi_2022_Nat_Commun,Endothelial,CNN1,0.0099,0.3021
Stromal,Qi_2022_Nat_Commun,Endothelial,COL1A1,0.1293,0.9417
Stromal,Qi_2022_Nat_Commun,Endothelial,COL1A2,0.1392,0.9478
Stromal,Qi_2022_Nat_Commun,Endothelial,CSPG4,0.0079,0.1566
Stromal,Qi_2022_Nat_Commun,Endothelial,DCN,0.0731,0.7947
Stromal,Qi_2022_Nat_Commun,Endothelial,DES,0.0099,0.1075
Stromal,Qi_2022_Nat_Commun,Endothelial,EMCN,0.848,0.0269
Stromal,Qi_2022_Nat_Commun,Endothelial,LUM,0.0958,0.817
Stromal,Qi_2022_Nat_Commun,Endothelial,MCAM,0.8697,0.3254
Stromal,Qi_2022_Nat_Commun,Endothelial,MYH11,0.0346,0.2387
Stromal,Qi_2022_Nat_Commun,Endothelial,PDGFRA,0.0691,0.6716
Stromal,Qi_2022_Nat_Commun,Endothelial,PDGFRB,0.0128,0.7582
Stromal,Qi_2022_Nat_Commun,Endothelial,PECAM1,0.9842,0.0563
Stromal,Qi_2022_Nat_Commun,Endothelial,RGS5,0.0888,0.2418
Stromal,Qi_2022_Nat_Commun,Endothelial,VWF,0.9348,0.0314
Stromal,Qi_2022_Nat_Commun,Fibroblast,ACTG2,0.2514,0.1781
Stromal,Qi_2022_Nat_Commun,Fibroblast,CDH5,0.0169,0.6424
Stromal,Qi_2022_Nat_Commun,Fibroblast,CNN1,0.2249,0.1815
Stromal,Qi_2022_Nat_Commun,Fibroblast,COL1A1,0.9804,0.3589
Stromal,Qi_2022_Nat_Commun,Fibroblast,COL1A2,0.9878,0.3662
Stromal,Qi_2022_Nat_Commun,Fibroblast,CSPG4,0.0556,0.1556
Stromal,Qi_2022_Nat_Commun,Fibroblast,DCN,0.9627,0.1464
Stromal,Qi_2022_Nat_Commun,Fibroblast,DES,0.021,0.1265
Stromal,Qi_2022_Nat_Commun,Fibroblast,EMCN,0.0163,0.5881
Stromal,Qi_2022_Nat_Commun,Fibroblast,LUM,0.9404,0.2126
Stromal,Qi_2022_Nat_Commun,Fibroblast,MCAM,0.1802,0.8325
Stromal,Qi_2022_Nat_Commun,Fibroblast,MYH11,0.0915,0.2457
Stromal,Qi_2022_Nat_Commun,Fibroblast,PDGFRA,0.8841,0.0596
Stromal,Qi_2022_Nat_Commun,Fibroblast,PDGFRB,0.7818,0.2351
Stromal,Qi_2022_Nat_Commun,Fibroblast,PECAM1,0.0596,0.6755
Stromal,Qi_2022_Nat_Commun,Fibroblast,RGS5,0.0827,0.2947
Stromal,Qi_2022_Nat_Commun,Fibroblast,VWF,0.0312,0.6377
Stromal,Qi_2022_Nat_Commun,Pericyte,ACTG2,0.2187,0.214
Stromal,Qi_2022_Nat_Commun,Pericyte,CDH5,0.0268,0.3581
Stromal,Qi_2022_Nat_Commun,Pericyte,CNN1,0.2902,0.1959
Stromal,Qi_2022_Nat_Commun,Pericyte,COL1A1,0.9286,0.6448
Stromal,Qi_2022_Nat_Commun,Pericyte,COL1A2,0.9687,0.6495
Stromal,Qi_2022_Nat_Commun,Pericyte,CSPG4,0.5937,0.0666
Stromal,Qi_2022_Nat_Commun,Pericyte,DCN,0.3304,0.5677
Stromal,Qi_2022_Nat_Commun,Pericyte,DES,0.058,0.0757
Stromal,Qi_2022_Nat_Commun,Pericyte,EMCN,0.0312,0.3277
Stromal,Qi_2022_Nat_Commun,Pericyte,LUM,0.375,0.5883
Stromal,Qi_2022_Nat_Commun,Pericyte,MCAM,0.8795,0.4801
Stromal,Qi_2022_Nat_Commun,Pericyte,MYH11,0.4554,0.1463
Stromal,Qi_2022_Nat_Commun,Pericyte,PDGFRA,0.0179,0.5036
Stromal,Qi_2022_Nat_Commun,Pericyte,PDGFRB,0.942,0.4699
Stromal,Qi_2022_Nat_Commun,Pericyte,PECAM1,0.0357,0.3983
Stromal,Qi_2022_Nat_Commun,Pericyte,RGS5,0.9509,0.1282
Stromal,Qi_2022_Nat_Commun,Pericyte,VWF,0.0223,0.3635
Stromal,Qi_2022_Nat_Commun,Smooth muscle,ACTG2,0.8704,0.1632
Stromal,Qi_2022_Nat_Commun,Smooth muscle,CDH5,0.0,0.3592
Stromal,Qi_2022_Nat_Commun,Smooth muscle,CNN1,0.8611,0.1516
Stromal,Qi_2022_Nat_Commun,Smooth muscle,COL1A1,0.838,0.6527
Stromal,Qi_2022_Nat_Commun,Smooth muscle,COL1A2,0.7824,0.665
Stromal,Qi_2022_Nat_Commun,Smooth muscle,CSPG4,0.4028,0.083
Stromal,Qi_2022_Nat_Commun,Smooth muscle,DCN,0.2407,0.574
Stromal,Qi_2022_Nat_Commun,Smooth muscle,DES,0.7454,0.022
Stromal,Qi_2022_Nat_Commun,Smooth muscle,EMCN,0.0833,0.3227
Stromal,Qi_2022_Nat_Commun,Smooth muscle,LUM,0.5694,0.5726
Stromal,Qi_2022_Nat_Commun,Smooth muscle,MCAM,0.7222,0.4935
Stromal,Qi_2022_Nat_Commun,Smooth muscle,MYH11,0.9861,0.1058
Stromal,Qi_2022_Nat_Commun,Smooth muscle,PDGFRA,0.0278,0.5014
Stromal,Qi_2022_Nat_Commun,Smooth muscle,PDGFRB,0.5185,0.5043
Stromal,Qi_2022_Nat_Commun,Smooth muscle,PECAM1,0.0185,0.3986
Stromal,Qi_2022_Nat_Commun,Smooth muscle,RGS5,0.5833,0.1592
Stromal,Qi_2022_Nat_Commun,Smooth muscle,VWF,0.0093,0.3635
Stromal,Qian_2020_Cell_Res,Endothelial,ACTG2,0.0062,0.1671
Stromal,Qian_2020_Cell_Res,Endothelial,CDH5,0.6822,0.0176
Stromal,Qian_2020_Cell_Res,Endothelial,CNN1,0.0056,0.1935
Stromal,Qian_2020_Cell_Res,Endothelial,COL1A1,0.1332,0.7533
Stromal,Qian_2020_Cell_Res,Endothelial,COL1A2,0.1381,0.7807
Stromal,Qian_2020_Cell_Res,Endothelial,CSPG4,0.0042,0.1108
Stromal,Qian_2020_Cell_Res,Endothelial,DCN,0.084,0.6037
Stromal,Qian_2020_Cell_Res,Endothelial,DES,0.0083,0.0858
Stromal,Qian_2020_Cell_Res,Endothelial,EMCN,0.678,0.0244
Stromal,Qian_2020_Cell_Res,Endothelial,LUM,0.0861,0.6266
Stromal,Qian_2020_Cell_Res,Endothelial,MCAM,0.5774,0.2173
Stromal,Qian_2020_Cell_Res,Endothelial,MYH11,0.0229,0.2008
Stromal,Qian_2020_Cell_Res,Endothelial,PDGFRA,0.0118,0.3076
Stromal,Qian_2020_Cell_Res,Endothelial,PDGFRB,0.0118,0.4691
Stromal,Qian_2020_Cell_Res,Endothelial,PECAM1,0.9084,0.038
Stromal,Qian_2020_Cell_Res,Endothelial,RGS5,0.059,0.238
Stromal,Qian_2020_Cell_Res,Endothelial,VWF,0.8786,0.028
Stromal,Qian_2020_Cell_Res,Fibroblast,ACTG2,0.0909,0.1476
Stromal,Qian_2020_Cell_Res,Fibroblast,CDH5,0.0101,0.3936
Stromal,Qian_2020_Cell_Res,Fibroblast,CNN1,0.135,0.1426
Stromal,Qian_2020_Cell_Res,Fibroblast,COL1A1,0.8119,0.3551
Stromal,Qian_2020_Cell_Res,Fibroblast,COL1A2,0.8233,0.3847
Stromal,Qian_2020_Cell_Res,Fibroblast,CSPG4,0.0215,0.1334
Stromal,Qian_2020_Cell_Res,Fibroblast,DCN,0.78,0.1534
Stromal,Qian_2020_Cell_Res,Fibroblast,DES,0.0496,0.0759
Stromal,Qian_2020_Cell_Res,Fibroblast,EMCN,0.0156,0.3955
Stromal,Qian_2020_Cell_Res,Fibroblast,LUM,0.8077,0.1604
Stromal,Qian_2020_Cell_Res,Fibroblast,MCAM,0.0358,0.5837
Stromal,Qian_2020_Cell_Res,Fibroblast,MYH11,0.0501,0.2402
Stromal,Qian_2020_Cell_Res,Fibroblast,PDGFRA,0.4497,0.0131
Stromal,Qian_2020_Cell_Res,Fibroblast,PDGFRB,0.3976,0.2806
Stromal,Qian_2020_Cell_Res,Fibroblast,PECAM1,0.0282,0.5305
Stromal,Qian_2020_Cell_Res,Fibroblast,RGS5,0.0345,0.325
Stromal,Qian_2020_Cell_Res,Fibroblast,VWF,0.0227,0.5054
Stromal,Qian_2020_Cell_Res,Pericyte,ACTG2,0.1587,0.115
Stromal,Qian_2020_Cell_Res,Pericyte,CDH5,0.0304,0.236
Stromal,Qian_2020_Cell_Res,Pericyte,CNN1,0.1587,0.1362
Stromal,Qian_2020_Cell_Res,Pericyte,COL1A1,0.8125,0.5392
Stromal,Qian_2020_Cell_Res,Pericyte,COL1A2,0.8862,0.5526
Stromal,Qian_2020_Cell_Res,Pericyte,CSPG4,0.367,0.0386
Stromal,Qian_2020_Cell_Res,Pericyte,DCN,0.3157,0.4727
Stromal,Qian_2020_Cell_Res,Pericyte,DES,0.0128,0.0706
Stromal,Qian_2020_Cell_Res,Pericyte,EMCN,0.0417,0.2386
Stromal,Qian_2020_Cell_Res,Pericyte,LUM,0.2981,0.4946
Stromal,Qian_2020_Cell_Res,Pericyte,MCAM,0.6603,0.2731
Stromal,Qian_2020_Cell_Res,Pericyte,MYH11,0.3317,0.1231
Stromal,Qian_2020_Cell_Res,Pericyte,PDGFRA,0.016,0.2514
Stromal,Qian_2020_Cell_Res,Pericyte,PDGFRB,0.7949,0.2708
Stromal,Qian_2020_Cell_Res,Pericyte,PECAM1,0.0401,0.3262
Stromal,Qian_2020_Cell_Res,Pericyte,RGS5,0.8205,0.095
Stromal,Qian_2020_Cell_Res,Pericyte,VWF,0.0385,0.3085
Stromal,Qian_2020_Cell_Res,Smooth muscle,ACTG2,0.7265,0.076
Stromal,Qian_2020_Cell_Res,Smooth muscle,CDH5,0.0,0.2257
Stromal,Qian_2020_Cell_Res,Smooth muscle,CNN1,0.6941,0.0983
Stromal,Qian_2020_Cell_Res,Smooth muscle,COL1A1,0.5324,0.5765
Stromal,Qian_2020_Cell_Res,Smooth muscle,COL1A2,0.5824,0.5953
Stromal,Qian_2020_Cell_Res,Smooth muscle,CSPG4,0.2971,0.0639
Stromal,Qian_2020_Cell_Res,Smooth muscle,DCN,0.1765,0.4733
Stromal,Qian_2020_Cell_Res,Smooth muscle,DES,0.4529,0.0348
Stromal,Qian_2020_Cell_Res,Smooth muscle,EMCN,0.0176,0.2282
Stromal,Qian_2020_Cell_Res,Smooth muscle,LUM,0.2441,0.4865
Stromal,Qian_2020_Cell_Res,Smooth muscle,MCAM,0.6853,0.295
Stromal,Qian_2020_Cell_Res,Smooth muscle,MYH11,0.9912,0.0875
Stromal,Qian_2020_Cell_Res,Smooth muscle,PDGFRA,0.0147,0.2371
Stromal,Qian_2020_Cell_Res,Smooth muscle,PDGFRB,0.5676,0.3196
Stromal,Qian_2020_Cell_Res,Smooth muscle,PECAM1,0.0147,0.3105
Stromal,Qian_2020_Cell_Res,Smooth muscle,RGS5,0.6118,0.1548
Stromal,Qian_2020_Cell_Res,Smooth muscle,VWF,0.0118,0.2939
Stromal,Qin_2023_Cell_Rep_Med,Endothelial,ACTG2,0.0058,0.1435
Stromal,Qin_2023_Cell_Rep_Med,Endothelial,CDH5,0.456,0.0395
Stromal,Qin_2023_Cell_Rep_Med,Endothelial,CNN1,0.0029,0.0716
Stromal,Qin_2023_Cell_Rep_Med,Endothelial,COL1A1,0.0478,0.7982
Stromal,Qin_2023_Cell_Rep_Med,Endothelial,COL1A2,0.0542,0.8824
Stromal,Qin_2023_Cell_Rep_Med,Endothelial,CSPG4,0.0114,0.2459
Stromal,Qin_2023_Cell_Rep_Med,Endothelial,DCN,0.0116,0.4682
Stromal,Qin_2023_Cell_Rep_Med,Endothelial,DES,0.0,0.0127
Stromal,Qin_2023_Cell_Rep_Med,Endothelial,EMCN,0.4724,0.0473
Stromal,Qin_2023_Cell_Rep_Med,Endothelial,LUM,0.0111,0.4853
Stromal,Qin_2023_Cell_Rep_Med,Endothelial,MCAM,0.6037,0.4023
Stromal,Qin_2023_Cell_Rep_Med,Endothelial,MYH11,0.0291,0.2219
Stromal,Qin_2023_Cell_Rep_Med,Endothelial,PDGFRA,0.0082,0.2938
Stromal,Qin_2023_Cell_Rep_Med,Endothelial,PDGFRB,0.0225,0.5983
Stromal,Qin_2023_Cell_Rep_Med,Endothelial,PECAM1,0.8753,0.0881
Stromal,Qin_2023_Cell_Rep_Med,Endothelial,RGS5,0.0579,0.4691
Stromal,Qin_2023_Cell_Rep_Med,Endothelial,VWF,0.8658,0.0684
Stromal,Qin_2023_Cell_Rep_Med,Fibroblast,ACTG2,0.1558,0.0766
Stromal,Qin_2023_Cell_Rep_Med,Fibroblast,CDH5,0.0029,0.2415
Stromal,Qin_2023_Cell_Rep_Med,Fibroblast,CNN1,0.0474,0.0552
Stromal,Qin_2023_Cell_Rep_Med,Fibroblast,COL1A1,0.8252,0.4562
Stromal,Qin_2023_Cell_Rep_Med,Fibroblast,COL1A2,0.9243,0.498
Stromal,Qin_2023_Cell_Rep_Med,Fibroblast,CSPG4,0.029,0.2658
Stromal,Qin_2023_Cell_Rep_Med,Fibroblast,DCN,0.7751,0.0967
Stromal,Qin_2023_Cell_Rep_Med,Fibroblast,DES,0.0059,0.0109
Stromal,Qin_2023_Cell_Rep_Med,Fibroblast,EMCN,0.0055,0.2559
Stromal,Qin_2023_Cell_Rep_Med,Fibroblast,LUM,0.8133,0.0942
Stromal,Qin_2023_Cell_Rep_Med,Fibroblast,MCAM,0.1147,0.6519
Stromal,Qin_2023_Cell_Rep_Med,Fibroblast,MYH11,0.0802,0.2177
Stromal,Qin_2023_Cell_Rep_Med,Fibroblast,PDGFRA,0.5699,0.014
Stromal,Qin_2023_Cell_Rep_Med,Fibroblast,PDGFRB,0.4971,0.4044
Stromal,Qin_2023_Cell_Rep_Med,Fibroblast,PECAM1,0.0147,0.4723
Stromal,Qin_2023_Cell_Rep_Med,Fibroblast,RGS5,0.0761,0.5112
Stromal,Qin_2023_Cell_Rep_Med,Fibroblast,VWF,0.0049,0.4514
Stromal,Qin_2023_Cell_Rep_Med,Pericyte,ACTG2,0.1077,0.104
Stromal,Qin_2023_Cell_Rep_Med,Pericyte,CDH5,0.0763,0.1904
Stromal,Qin_2023_Cell_Rep_Med,Pericyte,CNN1,0.0811,0.0398
Stromal,Qin_2023_Cell_Rep_Med,Pericyte,COL1A1,0.8339,0.4816
Stromal,Qin_2023_Cell_Rep_Med,Pericyte,COL1A2,0.8947,0.5449
Stromal,Qin_2023_Cell_Rep_Med,Pericyte,CSPG4,0.519,0.0321
Stromal,Qin_2023_Cell_Rep_Med,Pericyte,DCN,0.1408,0.4288
Stromal,Qin_2023_Cell_Rep_Med,Pericyte,DES,0.0027,0.012
Stromal,Qin_2023_Cell_Rep_Med,Pericyte,EMCN,0.0867,0.2004
Stromal,Qin_2023_Cell_Rep_Med,Pericyte,LUM,0.1384,0.4474
Stromal,Qin_2023_Cell_Rep_Med,Pericyte,MCAM,0.7431,0.3336
Stromal,Qin_2023_Cell_Rep_Med,Pericyte,MYH11,0.3323,0.0962
Stromal,Qin_2023_Cell_Rep_Med,Pericyte,PDGFRA,0.0138,0.3022
Stromal,Qin_2023_Cell_Rep_Med,Pericyte,PDGFRB,0.7742,0.2902
Stromal,Qin_2023_Cell_Rep_Med,Pericyte,PECAM1,0.143,0.3797
Stromal,Qin_2023_Cell_Rep_Med,Pericyte,RGS5,0.9225,0.1053
Stromal,Qin_2023_Cell_Rep_Med,Pericyte,VWF,0.1234,0.364
Stromal,Qin_2023_Cell_Rep_Med,Smooth muscle,ACTG2,0.5498,0.0968
Stromal,Qin_2023_Cell_Rep_Med,Smooth muscle,CDH5,0.0,0.1585
Stromal,Qin_2023_Cell_Rep_Med,Smooth muscle,CNN1,0.3984,0.0459
Stromal,Qin_2023_Cell_Rep_Med,Smooth muscle,COL1A1,0.4542,0.5916
Stromal,Qin_2023_Cell_Rep_Med,Smooth muscle,COL1A2,0.6972,0.6507
Stromal,Qin_2023_Cell_Rep_Med,Smooth muscle,CSPG4,0.2231,0.1798
Stromal,Qin_2023_Cell_Rep_Med,Smooth muscle,DCN,0.3745,0.3403
Stromal,Qin_2023_Cell_Rep_Med,Smooth muscle,DES,0.3028,0.0036
Stromal,Qin_2023_Cell_Rep_Med,Smooth muscle,EMCN,0.012,0.1687
Stromal,Qin_2023_Cell_Rep_Med,Smooth muscle,LUM,0.2829,0.3545
Stromal,Qin_2023_Cell_Rep_Med,Smooth muscle,MCAM,0.3944,0.4597
Stromal,Qin_2023_Cell_Rep_Med,Smooth muscle,MYH11,0.988,0.1527
Stromal,Qin_2023_Cell_Rep_Med,Smooth muscle,PDGFRA,0.0279,0.2177
Stromal,Qin_2023_Cell_Rep_Med,Smooth muscle,PDGFRB,0.3147,0.4401
Stromal,Qin_2023_Cell_Rep_Med,Smooth muscle,PECAM1,0.012,0.3131
Stromal,Qin_2023_Cell_Rep_Med,Smooth muscle,RGS5,0.6295,0.3493
Stromal,Qin_2023_Cell_Rep_Med,Smooth muscle,VWF,0.0,0.2961
Stromal,Uhlitz_2021_EMBO_Mol_Med,Endothelial,ACTG2,0.0021,0.2358
Stromal,Uhlitz_2021_EMBO_Mol_Med,Endothelial,CDH5,0.8979,0.022
Stromal,Uhlitz_2021_EMBO_Mol_Med,Endothelial,CNN1,0.0021,0.2012
Stromal,Uhlitz_2021_EMBO_Mol_Med,Endothelial,COL1A1,0.0723,0.9047
Stromal,Uhlitz_2021_EMBO_Mol_Med,Endothelial,COL1A2,0.0766,0.9227
Stromal,Uhlitz_2021_EMBO_Mol_Med,Endothelial,CSPG4,0.0106,0.1686
Stromal,Uhlitz_2021_EMBO_Mol_Med,Endothelial,DCN,0.0106,0.6755
Stromal,Uhlitz_2021_EMBO_Mol_Med,Endothelial,DES,0.0021,0.1106
Stromal,Uhlitz_2021_EMBO_Mol_Med,Endothelial,EMCN,0.817,0.0273
Stromal,Uhlitz_2021_EMBO_Mol_Med,Endothelial,LUM,0.0255,0.6915
Stromal,Uhlitz_2021_EMBO_Mol_Med,Endothelial,MCAM,0.7362,0.3544
Stromal,Uhlitz_2021_EMBO_Mol_Med,Endothelial,MYH11,0.0213,0.2765
Stromal,Uhlitz_2021_EMBO_Mol_Med,Endothelial,PDGFRA,0.0128,0.5223
Stromal,Uhlitz_2021_EMBO_Mol_Med,Endothelial,PDGFRB,0.017,0.5303
Stromal,Uhlitz_2021_EMBO_Mol_Med,Endothelial,PECAM1,0.983,0.0373
Stromal,Uhlitz_2021_EMBO_Mol_Med,Endothelial,RGS5,0.0234,0.0859
Stromal,Uhlitz_2021_EMBO_Mol_Med,Endothelial,VWF,0.9574,0.0266
Stromal,Uhlitz_2021_EMBO_Mol_Med,Fibroblast,ACTG2,0.1538,0.2056
Stromal,Uhlitz_2021_EMBO_Mol_Med,Fibroblast,CDH5,0.0041,0.4501
Stromal,Uhlitz_2021_EMBO_Mol_Med,Fibroblast,CNN1,0.1135,0.1926
Stromal,Uhlitz_2021_EMBO_Mol_Med,Fibroblast,COL1A1,0.9711,0.4501
Stromal,Uhlitz_2021_EMBO_Mol_Med,Fibroblast,COL1A2,0.9866,0.4641
Stromal,Uhlitz_2021_EMBO_Mol_Med,Fibroblast,CSPG4,0.0413,0.2176
Stromal,Uhlitz_2021_EMBO_Mol_Med,Fibroblast,DCN,0.9143,0.1327
Stromal,Uhlitz_2021_EMBO_Mol_Med,Fibroblast,DES,0.0134,0.1537
Stromal,Uhlitz_2021_EMBO_Mol_Med,Fibroblast,EMCN,0.0072,0.4172
Stromal,Uhlitz_2021_EMBO_Mol_Med,Fibroblast,LUM,0.9174,0.1607
Stromal,Uhlitz_2021_EMBO_Mol_Med,Fibroblast,MCAM,0.098,0.7814
Stromal,Uhlitz_2021_EMBO_Mol_Med,Fibroblast,MYH11,0.0691,0.3573
Stromal,Uhlitz_2021_EMBO_Mol_Med,Fibroblast,PDGFRA,0.8008,0.014
Stromal,Uhlitz_2021_EMBO_Mol_Med,Fibroblast,PDGFRB,0.4727,0.3453
Stromal,Uhlitz_2021_EMBO_Mol_Med,Fibroblast,PECAM1,0.0227,0.495
Stromal,Uhlitz_2021_EMBO_Mol_Med,Fibroblast,RGS5,0.0031,0.1367
Stromal,Uhlitz_2021_EMBO_Mol_Med,Fibroblast,VWF,0.0083,0.481
Stromal,Uhlitz_2021_EMBO_Mol_Med,Pericyte,ACTG2,0.1285,0.1876
Stromal,Uhlitz_2021_EMBO_Mol_Med,Pericyte,CDH5,0.0602,0.2555
Stromal,Uhlitz_2021_EMBO_Mol_Med,Pericyte,CNN1,0.1406,0.1556
Stromal,Uhlitz_2021_EMBO_Mol_Med,Pericyte,COL1A1,0.9357,0.6731
Stromal,Uhlitz_2021_EMBO_Mol_Med,Pericyte,COL1A2,0.9839,0.6829
Stromal,Uhlitz_2021_EMBO_Mol_Med,Pericyte,CSPG4,0.4618,0.083
Stromal,Uhlitz_2021_EMBO_Mol_Med,Pericyte,DCN,0.3655,0.5389
Stromal,Uhlitz_2021_EMBO_Mol_Med,Pericyte,DES,0.004,0.0964
Stromal,Uhlitz_2021_EMBO_Mol_Med,Pericyte,EMCN,0.0643,0.2375
Stromal,Uhlitz_2021_EMBO_Mol_Med,Pericyte,LUM,0.3494,0.5592
Stromal,Uhlitz_2021_EMBO_Mol_Med,Pericyte,MCAM,0.8795,0.3827
Stromal,Uhlitz_2021_EMBO_Mol_Med,Pericyte,MYH11,0.3414,0.1974
Stromal,Uhlitz_2021_EMBO_Mol_Med,Pericyte,PDGFRA,0.012,0.457
Stromal,Uhlitz_2021_EMBO_Mol_Med,Pericyte,PDGFRB,0.8675,0.3415
Stromal,Uhlitz_2021_EMBO_Mol_Med,Pericyte,PECAM1,0.0723,0.2904
Stromal,Uhlitz_2021_EMBO_Mol_Med,Pericyte,RGS5,0.4378,0.018
Stromal,Uhlitz_2021_EMBO_Mol_Med,Pericyte,VWF,0.0602,0.2758
Stromal,Uhlitz_2021_EMBO_Mol_Med,Smooth muscle,ACTG2,0.6653,0.1132
Stromal,Uhlitz_2021_EMBO_Mol_Med,Smooth muscle,CDH5,0.0,0.2627
Stromal,Uhlitz_2021_EMBO_Mol_Med,Smooth muscle,CNN1,0.6151,0.0901
Stromal,Uhlitz_2021_EMBO_Mol_Med,Smooth muscle,COL1A1,0.636,0.7159
Stromal,Uhlitz_2021_EMBO_Mol_Med,Smooth muscle,COL1A2,0.6234,0.7344
Stromal,Uhlitz_2021_EMBO_Mol_Med,Smooth muscle,CSPG4,0.3682,0.0982
Stromal,Uhlitz_2021_EMBO_Mol_Med,Smooth muscle,DCN,0.0921,0.5756
Stromal,Uhlitz_2021_EMBO_Mol_Med,Smooth muscle,DES,0.6067,0.0127
Stromal,Uhlitz_2021_EMBO_Mol_Med,Smooth muscle,EMCN,0.0209,0.2425
Stromal,Uhlitz_2021_EMBO_Mol_Med,Smooth muscle,LUM,0.2008,0.5785
Stromal,Uhlitz_2021_EMBO_Mol_Med,Smooth muscle,MCAM,0.7992,0.3967
Stromal,Uhlitz_2021_EMBO_Mol_Med,Smooth muscle,MYH11,1.0,0.1074
Stromal,Uhlitz_2021_EMBO_Mol_Med,Smooth muscle,PDGFRA,0.0084,0.455
Stromal,Uhlitz_2021_EMBO_Mol_Med,Smooth muscle,PDGFRB,0.4142,0.407
Stromal,Uhlitz_2021_EMBO_Mol_Med,Smooth muscle,PECAM1,0.0126,0.2973
Stromal,Uhlitz_2021_EMBO_Mol_Med,Smooth muscle,RGS5,0.0544,0.0733
Stromal,Uhlitz_2021_EMBO_Mol_Med,Smooth muscle,VWF,0.0084,0.2818
