gene,sample_id,gestational_week,trimester,author_cell_type_origin,major_class,minor_class,celltype_shortname,n_cells,n_donors,n_expr,mean_log1p_cp10k,mean_cp10k_per_nucleus,mean_counts,mean_log1p_cp10k_positive,pct_expr,pseudobulk_cp10k,evaluable_min_cells
TNFSF12,ZY011,GW39,T3 (GW28-40),fetal,SCT,SCT,SCT,11035,1,1,0.0001256542307332032,0.00027197104487467844,9.062075215224287e-05,1.386594436140897,0.009062075215224286,0.0003017427029109541,True
TNFSF12,ZY011,GW39,T3 (GW28-40),fetal,EVT,EVT,iEVT,197,1,0,0.0,0.0,0.0,0.0,0.0,0.0,True
TNFSF12,ZY011,GW39,T3 (GW28-40),fetal,SCT,SCT,SCT_a,790,1,0,0.0,0.0,0.0,0.0,0.0,0.0,True
TNFSF12,ZY011,GW39,T3 (GW28-40),mixed,PV,PV,pvSMC,989,1,1,0.001452279860156271,0.0032407767493712893,0.0010111223458038423,1.436304781694552,0.10111223458038422,0.0029693221512620215,True
TNFSF12,ZY011,GW39,T3 (GW28-40),mixed,FB,FB,FB,993,1,1,0.0014110543243575522,0.0030815463446080948,0.0010070493454179255,1.4011769440870494,0.10070493454179255,0.002933492445963602,True
TNFSF12,ZY011,GW39,T3 (GW28-40),ambiguous,EVT,GC,GC,468,1,0,0.0,0.0,0.0,0.0,0.0,0.0,True
TNFSF12,ZY011,GW39,T3 (GW28-40),fetal,EC,fVEC,fEC,1027,1,0,0.0,0.0,0.0,0.0,0.0,0.0,True
TNFSF12,ZY011,GW39,T3 (GW28-40),fetal,SCT,SCT,SCT_b,486,1,0,0.0,0.0,0.0,0.0,0.0,0.0,True
TNFSF12,ZY011,GW39,T3 (GW28-40),maternal,M,M,CD14_M,251,1,1,0.0049953602841835915,0.009975122045618227,0.00398406374501992,1.2538354313300815,0.398406374501992,0.01160306831538532,True
TNFSF12,ZY011,GW39,T3 (GW28-40),fetal,EVT,EVT,EVT,261,1,0,0.0,0.0,0.0,0.0,0.0,0.0,True
TNFSF12,ZY011,GW39,T3 (GW28-40),maternal,dNK,dNK,dNK,104,1,0,0.0,0.0,0.0,0.0,0.0,0.0,True
TNFSF12,ZY011,GW39,T3 (GW28-40),fetal,VCT,VCT,VCT,691,1,0,0.0,0.0,0.0,0.0,0.0,0.0,True
TNFSF12,ZY011,GW39,T3 (GW28-40),maternal,EC,mVEC,vEC,45,1,0,0.0,0.0,0.0,0.0,0.0,0.0,True
TNFSF12,ZY011,GW39,T3 (GW28-40),fetal,VCT,VCT,avVCT,270,1,0,0.0,0.0,0.0,0.0,0.0,0.0,True
TNFSF12,ZY011,GW39,T3 (GW28-40),fetal,VCT,VCT,SCT_pro,147,1,0,0.0,0.0,0.0,0.0,0.0,0.0,True
TNFSF12,ZY011,GW39,T3 (GW28-40),maternal,M,M,CD16_M,142,1,0,0.0,0.0,0.0,0.0,0.0,0.0,True
TNFSF12,ZY011,GW39,T3 (GW28-40),fetal,VCT,VCT,VCT_dividing,398,1,0,0.0,0.0,0.0,0.0,0.0,0.0,True
TNFSF12,ZY011,GW39,T3 (GW28-40),maternal,DSC,DSC,DSC3,124,1,0,0.0,0.0,0.0,0.0,0.0,0.0,True
TNFSF12,ZY011,GW39,T3 (GW28-40),fetal,HB,HB,HB,713,1,1,0.0019067718470676522,0.004059405337712078,0.001402524544179523,1.359528326959236,0.1402524544179523,0.004271857600190012,True
TNFSF12,ZY011,GW39,T3 (GW28-40),fetal,EVT,EVT,pEVT,27,1,0,0.0,0.0,0.0,0.0,0.0,0.0,True
TNFSF12,ZY011,GW39,T3 (GW28-40),fetal,VCT,VCT,EVTpro,45,1,0,0.0,0.0,0.0,0.0,0.0,0.0,True
TNFSF12,ZY011,GW39,T3 (GW28-40),maternal,EC,mVEC,aEC,15,1,0,0.0,0.0,0.0,0.0,0.0,0.0,False
TNFSF12,ZY011,GW39,T3 (GW28-40),maternal,DSC,DSC,DSC1,34,1,0,0.0,0.0,0.0,0.0,0.0,0.0,True
TNFSF12,ZY011,GW39,T3 (GW28-40),fetal,VCT,VCT,fvVCT,66,1,0,0.0,0.0,0.0,0.0,0.0,0.0,True
TNFSF12,ZY011,GW39,T3 (GW28-40),maternal,EC,LEC,LEC,2,1,0,0.0,0.0,0.0,0.0,0.0,0.0,False
TNFSF12,ZY011,GW39,T3 (GW28-40),maternal,T,T,T,41,1,0,0.0,0.0,0.0,0.0,0.0,0.0,True
TNFSF12,ZY011,GW39,T3 (GW28-40),maternal,DSC,DSC,DSC0,20,1,0,0.0,0.0,0.0,0.0,0.0,0.0,True
TNFSF12,ZY011,GW39,T3 (GW28-40),maternal,DSC,eS,eS,25,1,0,0.0,0.0,0.0,0.0,0.0,0.0,True
TNFSF12,ZY011,GW39,T3 (GW28-40),maternal,DSC,DSC,DSC2,7,1,0,0.0,0.0,0.0,0.0,0.0,0.0,False
TNFSF12,ZY011,GW39,T3 (GW28-40),maternal,DSC,DSC,DSC4,15,1,0,0.0,0.0,0.0,0.0,0.0,0.0,False
TNFSF12,ZY011,GW39,T3 (GW28-40),maternal,B,B,B,10,1,0,0.0,0.0,0.0,0.0,0.0,0.0,False
TNFSF12,ZY011,GW39,T3 (GW28-40),maternal,cDC,cDC,cDC,2,1,0,0.0,0.0,0.0,0.0,0.0,0.0,False
TNFSF12,ZY011,GW39,T3 (GW28-40),maternal,Epi,Epi,Epi,8,1,0,0.0,0.0,0.0,0.0,0.0,0.0,False
TNFSF12,ZY011,GW39,T3 (GW28-40),maternal,Epi,cili,ciliated,1,1,0,0.0,0.0,0.0,0.0,0.0,0.0,False
TNFSF12,ZY012,GW22,T2 (GW14-27),fetal,SCT,SCT,SCT,4306,1,21,0.005881239838968751,0.011494345929304027,0.004876915931258709,1.2059342260285448,0.4876915931258709,0.011679480354335412,True
TNFSF12,ZY012,GW22,T2 (GW14-27),maternal,dNK,dNK,dNK,722,1,15,0.024659088086462874,0.04795466152989406,0.02077562326869806,1.1869241065617464,2.0775623268698062,0.048742365726968016,True
TNFSF12,ZY012,GW22,T2 (GW14-27),maternal,Epi,Epi,Epi,960,1,15,0.018051191756034587,0.034284785260093494,0.015625,1.1552762723862136,1.5625,0.03444625351064734,True
TNFSF12,ZY012,GW22,T2 (GW14-27),maternal,DSC,DSC,DSC3,1416,1,19,0.015168430344051256,0.028456450071106035,0.013418079096045197,1.130447229851399,1.3418079096045197,0.028064731450800386,True
TNFSF12,ZY012,GW22,T2 (GW14-27),ambiguous,EVT,GC,GC,172,1,3,0.018695785980444572,0.033601025931782956,0.01744186046511628,1.0718917295454888,1.744186046511628,0.03627806410575781,True
TNFSF12,ZY012,GW22,T2 (GW14-27),maternal,M,M,CD14_M,722,1,24,0.038634792216980025,0.07366785425895456,0.0332409972299169,1.1622633325274825,3.3240997229916895,0.07185841736027505,True
TNFSF12,ZY012,GW22,T2 (GW14-27),fetal,VCT,VCT,VCT,1458,1,13,0.009415406444014757,0.016724650987008996,0.008916323731138546,1.0559740457979627,0.8916323731138546,0.01706927618259556,True
TNFSF12,ZY012,GW22,T2 (GW14-27),fetal,HB,HB,HB,233,1,5,0.024630088755663564,0.046438274603368856,0.02145922746781116,1.147762136013922,2.1459227467811157,0.04680600502322046,True
TNFSF12,ZY012,GW22,T2 (GW14-27),fetal,VCT,VCT,avVCT,487,1,3,0.007572772098931557,0.014926284540420342,0.006160164271047228,1.2293133373932228,0.6160164271047228,0.013519505943174812,True
TNFSF12,ZY012,GW22,T2 (GW14-27),mixed,PV,PV,pvSMC,57,1,3,0.05513672863620816,0.09741528860680408,0.05263157894736842,1.047597844087955,5.2631578947368425,0.11052206941522773,True
TNFSF12,ZY012,GW22,T2 (GW14-27),maternal,T,T,T,70,1,3,0.0573756793982647,0.12075376725645484,0.04285714285714286,1.3387658526261763,4.285714285714286,0.1229926573383569,True
TNFSF12,ZY012,GW22,T2 (GW14-27),fetal,VCT,VCT,VCT_dividing,300,1,1,0.003468962669834803,0.0061038881767686015,0.0033333333333333335,1.040688800950441,0.3333333333333333,0.006306880175583544,True
TNFSF12,ZY012,GW22,T2 (GW14-27),fetal,EC,fVEC,fEC,81,1,0,0.0,0.0,0.0,0.0,0.0,0.0,True
TNFSF12,ZY012,GW22,T2 (GW14-27),maternal,DSC,DSC,DSC4,116,1,3,0.0289900985491037,0.05379978244687296,0.02586206896551724,1.1209504772320098,2.586206896551724,0.051650669306589764,True
TNFSF12,ZY012,GW22,T2 (GW14-27),maternal,DSC,DSC,DSC1,62,1,0,0.0,0.0,0.0,0.0,0.0,0.0,True
TNFSF12,ZY012,GW22,T2 (GW14-27),mixed,FB,FB,FB,130,1,6,0.04859277957683845,0.08623331628722014,0.046153846153846156,1.0528435574981663,4.615384615384615,0.09157453251201153,True
TNFSF12,ZY012,GW22,T2 (GW14-27),fetal,VCT,VCT,fvVCT,156,1,0,0.0,0.0,0.0,0.0,0.0,0.0,True
TNFSF12,ZY012,GW22,T2 (GW14-27),maternal,DSC,DSC,DSC0,72,1,1,0.014719113742415364,0.02619062585119534,0.013888888888888888,1.0597761894539062,1.3888888888888888,0.02829254491441505,True
TNFSF12,ZY012,GW22,T2 (GW14-27),fetal,SCT,SCT,SCT_b,227,1,1,0.005776375207043332,0.011941681603720071,0.004405286343612335,1.3112371719988365,0.44052863436123346,0.012206316036169756,True
TNFSF12,ZY012,GW22,T2 (GW14-27),maternal,EC,mVEC,aEC,63,1,2,0.032424528677163396,0.0564366353896186,0.031746031746031744,1.0213726533306469,3.1746031746031744,0.05938471496821433,True
TNFSF12,ZY012,GW22,T2 (GW14-27),maternal,M,M,CD16_M,113,1,5,0.04922260713554085,0.09113028882550522,0.04424778761061947,1.1124309212632233,4.424778761061947,0.09485578127015686,True
TNFSF12,ZY012,GW22,T2 (GW14-27),fetal,SCT,SCT,SCT_a,129,1,4,0.0352189289545115,0.06573877548555218,0.031007751937984496,1.1358104587829958,3.10077519379845,0.06175050326660162,True
TNFSF12,ZY012,GW22,T2 (GW14-27),maternal,DSC,DSC,DSC2,32,1,0,0.0,0.0,0.0,0.0,0.0,0.0,True
TNFSF12,ZY012,GW22,T2 (GW14-27),fetal,VCT,VCT,SCT_pro,28,1,0,0.0,0.0,0.0,0.0,0.0,0.0,True
TNFSF12,ZY012,GW22,T2 (GW14-27),maternal,cDC,cDC,cDC,24,1,1,0.04258777411787224,0.07412678645555358,0.041666666666666664,1.0221065788289339,4.166666666666667,0.08320090522584886,True
TNFSF12,ZY012,GW22,T2 (GW14-27),fetal,VCT,VCT,EVTpro,37,1,0,0.0,0.0,0.0,0.0,0.0,0.0,True
TNFSF12,ZY012,GW22,T2 (GW14-27),maternal,B,B,B,17,1,0,0.0,0.0,0.0,0.0,0.0,0.0,False
TNFSF12,ZY012,GW22,T2 (GW14-27),fetal,EVT,EVT,EVT,27,1,0,0.0,0.0,0.0,0.0,0.0,0.0,True
TNFSF12,ZY012,GW22,T2 (GW14-27),maternal,EC,mVEC,vEC,102,1,3,0.03144708862176946,0.056325946727772115,0.029411764705882353,1.0692010131401617,2.9411764705882355,0.05794246313410783,True
TNFSF12,ZY012,GW22,T2 (GW14-27),maternal,Epi,cili,ciliated,10,1,1,0.10329352711479067,0.18092998009770217,0.1,1.0329352711479067,10.0,0.22743813682678313,False
TNFSF12,ZY012,GW22,T2 (GW14-27),maternal,DSC,eS,eS,57,1,1,0.021495537647652215,0.042193024649165,0.017543859649122806,1.2252456459161762,1.7543859649122806,0.03682997075700322,True
TNFSF12,ZY012,GW22,T2 (GW14-27),maternal,EC,LEC,LEC,46,1,2,0.04773893373440144,0.08690966322768388,0.043478260869565216,1.0979954758912331,4.3478260869565215,0.08613524094180272,True
TNFSF12,ZY012,GW22,T2 (GW14-27),ambiguous,Ery,Ery,Ery,4,1,0,0.0,0.0,0.0,0.0,0.0,0.0,False
TNFSF12,ZY012,GW22,T2 (GW14-27),fetal,EVT,EVT,pEVT,2,1,0,0.0,0.0,0.0,0.0,0.0,0.0,False
TNFSF12,ZY012,GW22,T2 (GW14-27),fetal,EVT,EVT,iEVT,16,1,0,0.0,0.0,0.0,0.0,0.0,0.0,False
TNFSF12,ZY012,GW22,T2 (GW14-27),fetal,EVT,EVT,eEVT,1,1,0,0.0,0.0,0.0,0.0,0.0,0.0,False
TNFSF12,ZY013,GW39,T3 (GW28-40),fetal,SCT,SCT,SCT,5645,1,0,0.0,0.0,0.0,0.0,0.0,0.0,True
TNFSF12,ZY013,GW39,T3 (GW28-40),maternal,dNK,dNK,dNK,128,1,0,0.0,0.0,0.0,0.0,0.0,0.0,True
TNFSF12,ZY013,GW39,T3 (GW28-40),fetal,VCT,VCT,VCT,671,1,0,0.0,0.0,0.0,0.0,0.0,0.0,True
TNFSF12,ZY013,GW39,T3 (GW28-40),fetal,VCT,VCT,VCT_dividing,226,1,0,0.0,0.0,0.0,0.0,0.0,0.0,True
TNFSF12,ZY013,GW39,T3 (GW28-40),fetal,SCT,SCT,SCT_b,636,1,0,0.0,0.0,0.0,0.0,0.0,0.0,True
TNFSF12,ZY013,GW39,T3 (GW28-40),fetal,HB,HB,HB,52,1,0,0.0,0.0,0.0,0.0,0.0,0.0,True
TNFSF12,ZY013,GW39,T3 (GW28-40),fetal,EC,fVEC,fEC,89,1,1,0.015208265632225545,0.03225941733040418,0.011235955056179775,1.3535356412680735,1.1235955056179776,0.03250267334488262,True
TNFSF12,ZY013,GW39,T3 (GW28-40),maternal,M,M,CD14_M,109,1,0,0.0,0.0,0.0,0.0,0.0,0.0,True
TNFSF12,ZY013,GW39,T3 (GW28-40),fetal,SCT,SCT,SCT_a,211,1,0,0.0,0.0,0.0,0.0,0.0,0.0,True
TNFSF12,ZY013,GW39,T3 (GW28-40),fetal,VCT,VCT,fvVCT,130,1,0,0.0,0.0,0.0,0.0,0.0,0.0,True
TNFSF12,ZY013,GW39,T3 (GW28-40),fetal,EVT,EVT,iEVT,85,1,0,0.0,0.0,0.0,0.0,0.0,0.0,True
TNFSF12,ZY013,GW39,T3 (GW28-40),maternal,DSC,eS,eS,32,1,0,0.0,0.0,0.0,0.0,0.0,0.0,True
TNFSF12,ZY013,GW39,T3 (GW28-40),fetal,VCT,VCT,SCT_pro,41,1,0,0.0,0.0,0.0,0.0,0.0,0.0,True
TNFSF12,ZY013,GW39,T3 (GW28-40),maternal,T,T,T,77,1,0,0.0,0.0,0.0,0.0,0.0,0.0,True
TNFSF12,ZY013,GW39,T3 (GW28-40),maternal,B,B,B,28,1,0,0.0,0.0,0.0,0.0,0.0,0.0,True
TNFSF12,ZY013,GW39,T3 (GW28-40),fetal,VCT,VCT,avVCT,45,1,0,0.0,0.0,0.0,0.0,0.0,0.0,True
TNFSF12,ZY013,GW39,T3 (GW28-40),mixed,FB,FB,FB,27,1,0,0.0,0.0,0.0,0.0,0.0,0.0,True
TNFSF12,ZY013,GW39,T3 (GW28-40),ambiguous,EVT,GC,GC,42,1,0,0.0,0.0,0.0,0.0,0.0,0.0,True
TNFSF12,ZY013,GW39,T3 (GW28-40),maternal,cDC,cDC,cDC,8,1,0,0.0,0.0,0.0,0.0,0.0,0.0,False
TNFSF12,ZY013,GW39,T3 (GW28-40),maternal,M,M,CD16_M,98,1,0,0.0,0.0,0.0,0.0,0.0,0.0,True
TNFSF12,ZY013,GW39,T3 (GW28-40),maternal,Epi,Epi,Epi,65,1,0,0.0,0.0,0.0,0.0,0.0,0.0,True
TNFSF12,ZY013,GW39,T3 (GW28-40),maternal,EC,mVEC,vEC,19,1,1,0.07101537572439767,0.15024715657256188,0.05263157894736842,1.3492921387635557,5.2631578947368425,0.1409920198516764,False
TNFSF12,ZY013,GW39,T3 (GW28-40),mixed,PV,PV,pvSMC,20,1,0,0.0,0.0,0.0,0.0,0.0,0.0,True
TNFSF12,ZY013,GW39,T3 (GW28-40),maternal,DSC,DSC,DSC3,8,1,0,0.0,0.0,0.0,0.0,0.0,0.0,False
TNFSF12,ZY013,GW39,T3 (GW28-40),fetal,EVT,EVT,EVT,27,1,0,0.0,0.0,0.0,0.0,0.0,0.0,True
TNFSF12,ZY013,GW39,T3 (GW28-40),maternal,EC,LEC,LEC,9,1,0,0.0,0.0,0.0,0.0,0.0,0.0,False
TNFSF12,ZY013,GW39,T3 (GW28-40),maternal,DSC,DSC,DSC2,6,1,0,0.0,0.0,0.0,0.0,0.0,0.0,False
TNFSF12,ZY013,GW39,T3 (GW28-40),fetal,VCT,VCT,EVTpro,4,1,0,0.0,0.0,0.0,0.0,0.0,0.0,False
TNFSF12,ZY013,GW39,T3 (GW28-40),ambiguous,Ery,Ery,Ery,1,1,0,0.0,0.0,0.0,0.0,0.0,0.0,False
TNFSF12,ZY013,GW39,T3 (GW28-40),maternal,DSC,DSC,DSC0,6,1,0,0.0,0.0,0.0,0.0,0.0,0.0,False
TNFSF12,ZY013,GW39,T3 (GW28-40),maternal,DSC,DSC,DSC4,7,1,0,0.0,0.0,0.0,0.0,0.0,0.0,False
TNFSF12,ZY013,GW39,T3 (GW28-40),maternal,DSC,DSC,DSC1,21,1,0,0.0,0.0,0.0,0.0,0.0,0.0,True
TNFSF12,ZY013,GW39,T3 (GW28-40),maternal,EC,mVEC,aEC,10,1,0,0.0,0.0,0.0,0.0,0.0,0.0,False
TNFSF12,ZY013,GW39,T3 (GW28-40),fetal,EVT,EVT,pEVT,1,1,0,0.0,0.0,0.0,0.0,0.0,0.0,False
TNFSF12,ZY013,GW39,T3 (GW28-40),fetal,EVT,EVT,eEVT,2,1,0,0.0,0.0,0.0,0.0,0.0,0.0,False
TNFSF12,ZY013,GW39,T3 (GW28-40),maternal,Epi,cili,ciliated,1,1,0,0.0,0.0,0.0,0.0,0.0,0.0,False
TNFSF12,ZY023,GW15,T2 (GW14-27),maternal,dNK,dNK,dNK,288,1,10,0.021248464360551826,0.029443807486652786,0.034722222222222224,0.6119557735838926,3.4722222222222223,0.031139736140559787,True
TNFSF12,ZY023,GW15,T2 (GW14-27),maternal,M,M,CD14_M,228,1,12,0.0314445968640265,0.04308668664705624,0.05263157894736842,0.5974473404165036,5.2631578947368425,0.04630465685934034,True
TNFSF12,ZY023,GW15,T2 (GW14-27),maternal,Epi,cili,ciliated,13,1,2,0.09820503960647123,0.13798751184730434,0.15384615384615385,0.638332757442063,15.384615384615385,0.12938535487168207,False
TNFSF12,ZY023,GW15,T2 (GW14-27),maternal,DSC,DSC,DSC0,79,1,5,0.03708765790112329,0.0504580238774954,0.06329113924050633,0.5859849948377479,6.329113924050633,0.05263905923473336,True
TNFSF12,ZY023,GW15,T2 (GW14-27),maternal,DSC,DSC,DSC2,134,1,1,0.0042396572250992795,0.0057084728579241024,0.007462686567164179,0.5681140681633035,0.746268656716418,0.006016282466868333,True
TNFSF12,ZY023,GW15,T2 (GW14-27),maternal,DSC,DSC,DSC4,198,1,6,0.017331294165265087,0.023386778893090786,0.030303030303030304,0.5719327074537479,3.0303030303030303,0.024069628621676786,True
TNFSF12,ZY023,GW15,T2 (GW14-27),maternal,EC,mVEC,vEC,231,1,4,0.009887799880271657,0.013335856482273782,0.017316017316017316,0.5710204430856882,1.7316017316017316,0.014693371379369624,True
TNFSF12,ZY023,GW15,T2 (GW14-27),fetal,VCT,VCT,VCT_dividing,5,1,0,0.0,0.0,0.0,0.0,0.0,0.0,False
TNFSF12,ZY023,GW15,T2 (GW14-27),maternal,DSC,DSC,DSC3,74,1,9,0.06920119097773514,0.09322941972493168,0.12162162162162163,0.5689875702613778,12.162162162162161,0.0984898227183191,True
TNFSF12,ZY023,GW15,T2 (GW14-27),maternal,Epi,Epi,Epi,322,1,6,0.011877608782690684,0.01666075427497644,0.018633540372670808,0.6374316713377334,1.8633540372670807,0.01720267329543011,True
TNFSF12,ZY023,GW15,T2 (GW14-27),maternal,DSC,DSC,DSC1,102,1,3,0.0175197768537695,0.023970244795263215,0.029411764705882353,0.595672413028163,2.9411764705882355,0.025064792488582986,True
TNFSF12,ZY023,GW15,T2 (GW14-27),maternal,DSC,eS,eS,9,1,2,0.12782743185277384,0.17281670669135835,0.2222222222222222,0.5752234433374823,22.22222222222222,0.17741348874754947,False
TNFSF12,ZY023,GW15,T2 (GW14-27),mixed,PV,PV,pvSMC,25,1,1,0.026671248370322455,0.03791828609346857,0.04,0.6667812092580614,4.0,0.033160786706503825,True
TNFSF12,ZY023,GW15,T2 (GW14-27),maternal,T,T,T,19,1,0,0.0,0.0,0.0,0.0,0.0,0.0,False
TNFSF12,ZY023,GW15,T2 (GW14-27),maternal,EC,LEC,LEC,42,1,6,0.08780935749932361,0.12166121542870499,0.14285714285714285,0.6146655024952653,14.285714285714286,0.11886460529026736,True
TNFSF12,ZY023,GW15,T2 (GW14-27),fetal,EC,fVEC,fEC,13,1,2,0.08749232882298535,0.11784194234455678,0.15384615384615385,0.5687001373494048,15.384615384615385,0.12251523783270545,False
TNFSF12,ZY023,GW15,T2 (GW14-27),maternal,EC,mVEC,aEC,18,1,4,0.13714427023431053,0.19029705705805913,0.2222222222222222,0.6171492160543974,22.22222222222222,0.2016301800053432,False
TNFSF12,ZY023,GW15,T2 (GW14-27),ambiguous,EVT,GC,GC,25,1,1,0.023372933423492687,0.031751071598666455,0.04,0.5843233355873172,4.0,0.03390175272061566,True
TNFSF12,ZY023,GW15,T2 (GW14-27),maternal,cDC,cDC,cDC,22,1,1,0.02547268427182334,0.034153238751630816,0.045454545454545456,0.5603990539801135,4.545454545454546,0.03745528775024814,True
TNFSF12,ZY023,GW15,T2 (GW14-27),maternal,B,B,B,6,1,1,0.09266442034947762,0.12394338266279963,0.16666666666666666,0.5559865220968657,16.666666666666668,0.13112346585544948,False
TNFSF12,ZY023,GW15,T2 (GW14-27),fetal,EVT,EVT,iEVT,2,1,0,0.0,0.0,0.0,0.0,0.0,0.0,False
TNFSF12,ZY023,GW15,T2 (GW14-27),maternal,M,M,CD16_M,17,1,1,0.03718370608732503,0.05185888161135917,0.058823529411764705,0.6321230034845255,5.882352941176471,0.05257955286348245,False
TNFSF12,ZY023,GW15,T2 (GW14-27),fetal,EVT,EVT,EVT,5,1,1,0.1127479188305948,0.15144631228229594,0.2,0.563739594152974,20.0,0.1544878727019929,False
TNFSF12,ZY023,GW15,T2 (GW14-27),fetal,SCT,SCT,SCT,5,1,0,0.0,0.0,0.0,0.0,0.0,0.0,False
TNFSF12,ZY024,GW12,T1 (GW5-13),maternal,Epi,Epi,Epi,716,1,0,0.0,0.0,0.0,0.0,0.0,0.0,True
TNFSF12,ZY024,GW12,T1 (GW5-13),maternal,M,M,CD16_M,190,1,0,0.0,0.0,0.0,0.0,0.0,0.0,True
TNFSF12,ZY024,GW12,T1 (GW5-13),maternal,M,M,CD14_M,202,1,4,0.016550351601880578,0.02590682505485917,0.019801980198019802,0.8357927558949693,1.9801980198019802,0.02594149803071603,True
TNFSF12,ZY024,GW12,T1 (GW5-13),maternal,EC,mVEC,vEC,111,1,0,0.0,0.0,0.0,0.0,0.0,0.0,True
TNFSF12,ZY024,GW12,T1 (GW5-13),maternal,DSC,DSC,DSC1,73,1,0,0.0,0.0,0.0,0.0,0.0,0.0,True
TNFSF12,ZY024,GW12,T1 (GW5-13),maternal,DSC,DSC,DSC2,85,1,0,0.0,0.0,0.0,0.0,0.0,0.0,True
TNFSF12,ZY024,GW12,T1 (GW5-13),maternal,dNK,dNK,dNK,517,1,0,0.0,0.0,0.0,0.0,0.0,0.0,True
TNFSF12,ZY024,GW12,T1 (GW5-13),maternal,DSC,DSC,DSC4,137,1,1,0.005891959156545261,0.009062912928970327,0.0072992700729927005,0.8071984044467008,0.7299270072992701,0.008960131893141467,True
TNFSF12,ZY024,GW12,T1 (GW5-13),fetal,VCT,VCT,VCT_dividing,33,1,0,0.0,0.0,0.0,0.0,0.0,0.0,True
TNFSF12,ZY024,GW12,T1 (GW5-13),fetal,EC,fVEC,fEC,14,1,0,0.0,0.0,0.0,0.0,0.0,0.0,False
TNFSF12,ZY024,GW12,T1 (GW5-13),maternal,DSC,DSC,DSC0,74,1,0,0.0,0.0,0.0,0.0,0.0,0.0,True
TNFSF12,ZY024,GW12,T1 (GW5-13),maternal,B,B,B,7,1,0,0.0,0.0,0.0,0.0,0.0,0.0,False
TNFSF12,ZY024,GW12,T1 (GW5-13),maternal,Epi,cili,ciliated,8,1,0,0.0,0.0,0.0,0.0,0.0,0.0,False
TNFSF12,ZY024,GW12,T1 (GW5-13),mixed,PV,PV,pvSMC,21,1,0,0.0,0.0,0.0,0.0,0.0,0.0,True
TNFSF12,ZY024,GW12,T1 (GW5-13),ambiguous,EVT,GC,GC,19,1,0,0.0,0.0,0.0,0.0,0.0,0.0,False
TNFSF12,ZY024,GW12,T1 (GW5-13),maternal,DSC,DSC,DSC3,51,1,0,0.0,0.0,0.0,0.0,0.0,0.0,True
TNFSF12,ZY024,GW12,T1 (GW5-13),maternal,T,T,T,7,1,0,0.0,0.0,0.0,0.0,0.0,0.0,False
TNFSF12,ZY024,GW12,T1 (GW5-13),maternal,EC,mVEC,aEC,8,1,0,0.0,0.0,0.0,0.0,0.0,0.0,False
TNFSF12,ZY024,GW12,T1 (GW5-13),fetal,SCT,SCT,SCT,19,1,0,0.0,0.0,0.0,0.0,0.0,0.0,False
TNFSF12,ZY024,GW12,T1 (GW5-13),maternal,EC,LEC,LEC,32,1,0,0.0,0.0,0.0,0.0,0.0,0.0,True
TNFSF12,ZY024,GW12,T1 (GW5-13),maternal,cDC,cDC,cDC,17,1,0,0.0,0.0,0.0,0.0,0.0,0.0,False
TNFSF12,ZY024,GW12,T1 (GW5-13),maternal,DSC,eS,eS,6,1,0,0.0,0.0,0.0,0.0,0.0,0.0,False
TNFSF12,ZY024,GW12,T1 (GW5-13),fetal,VCT,VCT,avVCT,5,1,0,0.0,0.0,0.0,0.0,0.0,0.0,False
TNFSF12,ZY024,GW12,T1 (GW5-13),fetal,HB,HB,HB,2,1,0,0.0,0.0,0.0,0.0,0.0,0.0,False
TNFSF12,ZY024,GW12,T1 (GW5-13),fetal,VCT,VCT,fvVCT,1,1,0,0.0,0.0,0.0,0.0,0.0,0.0,False
TNFSF12,ZY024,GW12,T1 (GW5-13),ambiguous,Ery,Ery,Ery,2,1,0,0.0,0.0,0.0,0.0,0.0,0.0,False
TNFSF12,ZY024,GW12,T1 (GW5-13),fetal,SCT,SCT,SCT_a,1,1,0,0.0,0.0,0.0,0.0,0.0,0.0,False
TNFSF12,ZY024,GW12,T1 (GW5-13),fetal,VCT,VCT,VCT,1,1,0,0.0,0.0,0.0,0.0,0.0,0.0,False
TNFSF12,ZY028,GW39,T3 (GW28-40),fetal,SCT,SCT,SCT_a,343,1,0,0.0,0.0,0.0,0.0,0.0,0.0,True
TNFSF12,ZY028,GW39,T3 (GW28-40),mixed,PV,PV,pvSMC,164,1,0,0.0,0.0,0.0,0.0,0.0,0.0,True
TNFSF12,ZY028,GW39,T3 (GW28-40),fetal,SCT,SCT,SCT,5601,1,0,0.0,0.0,0.0,0.0,0.0,0.0,True
TNFSF12,ZY028,GW39,T3 (GW28-40),fetal,VCT,VCT,avVCT,55,1,0,0.0,0.0,0.0,0.0,0.0,0.0,True
TNFSF12,ZY028,GW39,T3 (GW28-40),fetal,VCT,VCT,VCT,300,1,0,0.0,0.0,0.0,0.0,0.0,0.0,True
TNFSF12,ZY028,GW39,T3 (GW28-40),fetal,HB,HB,HB,143,1,0,0.0,0.0,0.0,0.0,0.0,0.0,True
TNFSF12,ZY028,GW39,T3 (GW28-40),fetal,EVT,EVT,iEVT,88,1,0,0.0,0.0,0.0,0.0,0.0,0.0,True
TNFSF12,ZY028,GW39,T3 (GW28-40),fetal,EC,fVEC,fEC,424,1,0,0.0,0.0,0.0,0.0,0.0,0.0,True
TNFSF12,ZY028,GW39,T3 (GW28-40),ambiguous,EVT,GC,GC,110,1,0,0.0,0.0,0.0,0.0,0.0,0.0,True
TNFSF12,ZY028,GW39,T3 (GW28-40),fetal,SCT,SCT,SCT_b,345,1,0,0.0,0.0,0.0,0.0,0.0,0.0,True
TNFSF12,ZY028,GW39,T3 (GW28-40),mixed,FB,FB,FB,118,1,0,0.0,0.0,0.0,0.0,0.0,0.0,True
TNFSF12,ZY028,GW39,T3 (GW28-40),fetal,EVT,EVT,EVT,91,1,0,0.0,0.0,0.0,0.0,0.0,0.0,True
TNFSF12,ZY028,GW39,T3 (GW28-40),maternal,T,T,T,17,1,0,0.0,0.0,0.0,0.0,0.0,0.0,False
TNFSF12,ZY028,GW39,T3 (GW28-40),maternal,M,M,CD14_M,67,1,0,0.0,0.0,0.0,0.0,0.0,0.0,True
TNFSF12,ZY028,GW39,T3 (GW28-40),maternal,M,M,CD16_M,39,1,0,0.0,0.0,0.0,0.0,0.0,0.0,True
TNFSF12,ZY028,GW39,T3 (GW28-40),maternal,EC,mVEC,vEC,23,1,0,0.0,0.0,0.0,0.0,0.0,0.0,True
TNFSF12,ZY028,GW39,T3 (GW28-40),fetal,EVT,EVT,eEVT,8,1,0,0.0,0.0,0.0,0.0,0.0,0.0,False
TNFSF12,ZY028,GW39,T3 (GW28-40),fetal,VCT,VCT,EVTpro,51,1,0,0.0,0.0,0.0,0.0,0.0,0.0,True
TNFSF12,ZY028,GW39,T3 (GW28-40),fetal,VCT,VCT,SCT_pro,30,1,0,0.0,0.0,0.0,0.0,0.0,0.0,True
TNFSF12,ZY028,GW39,T3 (GW28-40),fetal,EVT,EVT,pEVT,7,1,0,0.0,0.0,0.0,0.0,0.0,0.0,False
TNFSF12,ZY028,GW39,T3 (GW28-40),fetal,VCT,VCT,fvVCT,51,1,0,0.0,0.0,0.0,0.0,0.0,0.0,True
TNFSF12,ZY028,GW39,T3 (GW28-40),maternal,DSC,eS,eS,6,1,0,0.0,0.0,0.0,0.0,0.0,0.0,False
TNFSF12,ZY028,GW39,T3 (GW28-40),fetal,VCT,VCT,VCT_dividing,72,1,0,0.0,0.0,0.0,0.0,0.0,0.0,True
TNFSF12,ZY028,GW39,T3 (GW28-40),maternal,DSC,DSC,DSC3,20,1,0,0.0,0.0,0.0,0.0,0.0,0.0,True
TNFSF12,ZY028,GW39,T3 (GW28-40),maternal,DSC,DSC,DSC1,3,1,0,0.0,0.0,0.0,0.0,0.0,0.0,False
TNFSF12,ZY028,GW39,T3 (GW28-40),maternal,DSC,DSC,DSC0,3,1,0,0.0,0.0,0.0,0.0,0.0,0.0,False
TNFSF12,ZY028,GW39,T3 (GW28-40),maternal,Epi,Epi,Epi,4,1,0,0.0,0.0,0.0,0.0,0.0,0.0,False
TNFSF12,ZY028,GW39,T3 (GW28-40),maternal,dNK,dNK,dNK,10,1,0,0.0,0.0,0.0,0.0,0.0,0.0,False
TNFSF12,ZY028,GW39,T3 (GW28-40),maternal,EC,mVEC,aEC,2,1,0,0.0,0.0,0.0,0.0,0.0,0.0,False
TNFSF12,ZY028,GW39,T3 (GW28-40),maternal,DSC,DSC,DSC4,2,1,0,0.0,0.0,0.0,0.0,0.0,0.0,False
TNFSF12,ZY028,GW39,T3 (GW28-40),maternal,DSC,DSC,DSC2,1,1,0,0.0,0.0,0.0,0.0,0.0,0.0,False
TNFSF12,ZY028,GW39,T3 (GW28-40),maternal,B,B,B,1,1,0,0.0,0.0,0.0,0.0,0.0,0.0,False
TNFSF12,ZY028,GW39,T3 (GW28-40),maternal,EC,LEC,LEC,1,1,0,0.0,0.0,0.0,0.0,0.0,0.0,False
TNFSF12,ZY014,GW18,T2 (GW14-27),fetal,SCT,SCT,SCT,3485,1,43,0.016087650715476968,0.033256714191115644,0.012338593974175036,1.30384797077761,1.2338593974175036,0.03237447175026182,True
TNFSF12,ZY014,GW18,T2 (GW14-27),fetal,VCT,VCT,VCT,706,1,7,0.011482814303437758,0.021687228266797535,0.009915014164305949,1.1581238426038654,0.9915014164305949,0.022553006815196473,True
TNFSF12,ZY014,GW18,T2 (GW14-27),maternal,Epi,Epi,Epi,202,1,3,0.016617309824321937,0.03062941710344126,0.01485148514851485,1.1188988615043438,1.4851485148514851,0.03770431023106458,True
TNFSF12,ZY014,GW18,T2 (GW14-27),fetal,VCT,VCT,avVCT,228,1,4,0.020618134628312287,0.039337181146914556,0.017543859649122806,1.1752336738138003,1.7543859649122806,0.04609272011578491,True
TNFSF12,ZY014,GW18,T2 (GW14-27),fetal,EVT,EVT,EVT,558,1,2,0.004275595500419151,0.008266503595842047,0.0035842293906810036,1.192891144616943,0.35842293906810035,0.008385719622625845,True
TNFSF12,ZY014,GW18,T2 (GW14-27),maternal,DSC,DSC,DSC3,66,1,1,0.018735960793781987,0.03702716312686987,0.015151515151515152,1.2365734123896113,1.5151515151515151,0.03517139018436843,True
TNFSF12,ZY014,GW18,T2 (GW14-27),mixed,FB,FB,FB,242,1,3,0.014463288642433049,0.027417059485647474,0.012396694214876033,1.1667052838229326,1.2396694214876034,0.02860250996559118,True
TNFSF12,ZY014,GW18,T2 (GW14-27),maternal,M,M,CD14_M,467,1,9,0.023372184180230387,0.04589075258253705,0.019271948608137045,1.2127566680186213,1.9271948608137044,0.04688049380786811,True
TNFSF12,ZY014,GW18,T2 (GW14-27),maternal,dNK,dNK,dNK,510,1,5,0.012040417555697305,0.024178879248400405,0.00980392156862745,1.228122590681125,0.9803921568627451,0.02437403813951992,True
TNFSF12,ZY014,GW18,T2 (GW14-27),fetal,VCT,VCT,VCT_dividing,223,1,1,0.004971198919331165,0.009103339286917228,0.004484304932735426,1.1085773590108496,0.4484304932735426,0.009989550929727505,True
TNFSF12,ZY014,GW18,T2 (GW14-27),fetal,EVT,EVT,iEVT,180,1,1,0.006321279354888062,0.01177773066685511,0.005555555555555556,1.137830283879851,0.5555555555555556,0.01278561464924584,True
TNFSF12,ZY014,GW18,T2 (GW14-27),maternal,DSC,DSC,DSC1,74,1,1,0.0159034871711479,0.03032655635887234,0.013513513513513514,1.1768580506649444,1.3513513513513513,0.02980057455507742,True
TNFSF12,ZY014,GW18,T2 (GW14-27),maternal,M,M,CD16_M,41,1,3,0.08042991274426381,0.1464793821159306,0.07317073170731707,1.0992088075049387,7.317073170731708,0.18410103464781472,True
TNFSF12,ZY014,GW18,T2 (GW14-27),mixed,PV,PV,pvSMC,70,1,1,0.0157403223471194,0.0287092328892972,0.014285714285714285,1.101822564298358,1.4285714285714286,0.03306156725053394,True
TNFSF12,ZY014,GW18,T2 (GW14-27),fetal,VCT,VCT,fvVCT,115,1,0,0.0,0.0,0.0,0.0,0.0,0.0,True
TNFSF12,ZY014,GW18,T2 (GW14-27),fetal,VCT,VCT,EVTpro,33,1,0,0.0,0.0,0.0,0.0,0.0,0.0,True
TNFSF12,ZY014,GW18,T2 (GW14-27),fetal,EC,fVEC,fEC,77,1,1,0.015285887201890088,0.029151544303059454,0.012987012987012988,1.1770133145455368,1.2987012987012987,0.030409555898845652,True
TNFSF12,ZY014,GW18,T2 (GW14-27),maternal,EC,mVEC,vEC,97,1,1,0.012107010435465937,0.02305294801099165,0.010309278350515464,1.174380012240196,1.0309278350515463,0.02387124803658985,True
TNFSF12,ZY014,GW18,T2 (GW14-27),fetal,SCT,SCT,SCT_a,181,1,5,0.03159399642709174,0.05907309768340314,0.027624309392265192,1.1437026706607212,2.7624309392265194,0.06218487813007584,True
TNFSF12,ZY014,GW18,T2 (GW14-27),fetal,VCT,VCT,SCT_pro,59,1,1,0.019032606504579455,0.03514963198335313,0.01694915254237288,1.1229237837701878,1.694915254237288,0.03909686247678624,True
TNFSF12,ZY014,GW18,T2 (GW14-27),ambiguous,EVT,GC,GC,53,1,0,0.0,0.0,0.0,0.0,0.0,0.0,True
TNFSF12,ZY014,GW18,T2 (GW14-27),fetal,SCT,SCT,SCT_b,82,1,2,0.0329471940289909,0.06977527825806161,0.024390243902439025,1.3508349551886267,2.4390243902439024,0.07442469709148283,True
TNFSF12,ZY014,GW18,T2 (GW14-27),maternal,DSC,DSC,DSC0,39,1,0,0.0,0.0,0.0,0.0,0.0,0.0,True
TNFSF12,ZY014,GW18,T2 (GW14-27),maternal,T,T,T,41,1,1,0.030109666761636605,0.059430418865592166,0.024390243902439025,1.2344963372271007,2.4390243902439024,0.0795070562512423,True
TNFSF12,ZY014,GW18,T2 (GW14-27),fetal,HB,HB,HB,197,1,4,0.022811561050368103,0.042142902894062265,0.02030456852791878,1.1234693817306292,2.030456852791878,0.047820748705552106,True
TNFSF12,ZY014,GW18,T2 (GW14-27),fetal,EVT,EVT,pEVT,31,1,1,0.03825611019079167,0.0733471225923807,0.03225806451612903,1.1859394159145418,3.225806451612903,0.07181019130234963,True
TNFSF12,ZY014,GW18,T2 (GW14-27),maternal,EC,mVEC,aEC,57,1,2,0.04417813800479573,0.08982147361804368,0.03508771929824561,1.2590769331366785,3.508771929824561,0.07973400735147548,True
TNFSF12,ZY014,GW18,T2 (GW14-27),maternal,DSC,DSC,DSC4,88,1,0,0.0,0.0,0.0,0.0,0.0,0.0,True
TNFSF12,ZY014,GW18,T2 (GW14-27),fetal,EVT,EVT,eEVT,34,1,0,0.0,0.0,0.0,0.0,0.0,0.0,True
TNFSF12,ZY014,GW18,T2 (GW14-27),maternal,B,B,B,18,1,0,0.0,0.0,0.0,0.0,0.0,0.0,False
TNFSF12,ZY014,GW18,T2 (GW14-27),maternal,DSC,DSC,DSC2,31,1,0,0.0,0.0,0.0,0.0,0.0,0.0,True
TNFSF12,ZY014,GW18,T2 (GW14-27),maternal,cDC,cDC,cDC,23,1,0,0.0,0.0,0.0,0.0,0.0,0.0,True
TNFSF12,ZY014,GW18,T2 (GW14-27),maternal,DSC,eS,eS,5,1,0,0.0,0.0,0.0,0.0,0.0,0.0,False
TNFSF12,ZY014,GW18,T2 (GW14-27),maternal,Epi,cili,ciliated,2,1,0,0.0,0.0,0.0,0.0,0.0,0.0,False
TNFSF12,ZY014,GW18,T2 (GW14-27),maternal,EC,LEC,LEC,2,1,0,0.0,0.0,0.0,0.0,0.0,0.0,False
TNFSF12,ZY015,GW12,T1 (GW5-13),maternal,M,M,CD14_M,227,1,0,0.0,0.0,0.0,0.0,0.0,0.0,True
TNFSF12,ZY015,GW12,T1 (GW5-13),maternal,EC,mVEC,vEC,253,1,1,0.002942823852633213,0.00436941097718381,0.003952569169960474,0.7445344347162028,0.3952569169960474,0.004817484771930636,True
TNFSF12,ZY015,GW12,T1 (GW5-13),maternal,DSC,DSC,DSC4,128,1,0,0.0,0.0,0.0,0.0,0.0,0.0,True
TNFSF12,ZY015,GW12,T1 (GW5-13),maternal,Epi,Epi,Epi,687,1,0,0.0,0.0,0.0,0.0,0.0,0.0,True
TNFSF12,ZY015,GW12,T1 (GW5-13),maternal,EC,LEC,LEC,97,1,0,0.0,0.0,0.0,0.0,0.0,0.0,True
TNFSF12,ZY015,GW12,T1 (GW5-13),maternal,T,T,T,20,1,0,0.0,0.0,0.0,0.0,0.0,0.0,True
TNFSF12,ZY015,GW12,T1 (GW5-13),maternal,dNK,dNK,dNK,344,1,0,0.0,0.0,0.0,0.0,0.0,0.0,True
TNFSF12,ZY015,GW12,T1 (GW5-13),maternal,cDC,cDC,cDC,38,1,0,0.0,0.0,0.0,0.0,0.0,0.0,True
TNFSF12,ZY015,GW12,T1 (GW5-13),maternal,DSC,DSC,DSC3,54,1,0,0.0,0.0,0.0,0.0,0.0,0.0,True
TNFSF12,ZY015,GW12,T1 (GW5-13),maternal,DSC,DSC,DSC0,163,1,1,0.004595287611096441,0.0068401932491396755,0.006134969325153374,0.7490318806087198,0.6134969325153374,0.007127284027257585,True
TNFSF12,ZY015,GW12,T1 (GW5-13),maternal,DSC,DSC,DSC2,130,1,1,0.005763140436371446,0.0085794196880523,0.007692307692307693,0.749208256728288,0.7692307692307693,0.008675953986210438,True
TNFSF12,ZY015,GW12,T1 (GW5-13),maternal,DSC,DSC,DSC1,57,1,1,0.012971030260606435,0.01920299874028328,0.017543859649122806,0.7393487248545668,1.7543859649122806,0.01985896165433094,True
TNFSF12,ZY015,GW12,T1 (GW5-13),maternal,DSC,eS,eS,17,1,0,0.0,0.0,0.0,0.0,0.0,0.0,False
TNFSF12,ZY015,GW12,T1 (GW5-13),fetal,SCT,SCT,SCT,34,1,0,0.0,0.0,0.0,0.0,0.0,0.0,True
TNFSF12,ZY015,GW12,T1 (GW5-13),fetal,VCT,VCT,VCT,6,1,0,0.0,0.0,0.0,0.0,0.0,0.0,False
TNFSF12,ZY015,GW12,T1 (GW5-13),mixed,PV,PV,pvSMC,55,1,0,0.0,0.0,0.0,0.0,0.0,0.0,True
TNFSF12,ZY015,GW12,T1 (GW5-13),maternal,M,M,CD16_M,22,1,0,0.0,0.0,0.0,0.0,0.0,0.0,True
TNFSF12,ZY015,GW12,T1 (GW5-13),ambiguous,EVT,GC,GC,7,1,0,0.0,0.0,0.0,0.0,0.0,0.0,False
TNFSF12,ZY015,GW12,T1 (GW5-13),fetal,VCT,VCT,VCT_dividing,21,1,0,0.0,0.0,0.0,0.0,0.0,0.0,True
TNFSF12,ZY015,GW12,T1 (GW5-13),fetal,EC,fVEC,fEC,19,1,0,0.0,0.0,0.0,0.0,0.0,0.0,False
TNFSF12,ZY015,GW12,T1 (GW5-13),fetal,VCT,VCT,avVCT,3,1,0,0.0,0.0,0.0,0.0,0.0,0.0,False
TNFSF12,ZY015,GW12,T1 (GW5-13),maternal,EC,mVEC,aEC,10,1,0,0.0,0.0,0.0,0.0,0.0,0.0,False
TNFSF12,ZY015,GW12,T1 (GW5-13),maternal,Epi,cili,ciliated,8,1,0,0.0,0.0,0.0,0.0,0.0,0.0,False
TNFSF12,ZY015,GW12,T1 (GW5-13),fetal,VCT,VCT,SCT_pro,1,1,0,0.0,0.0,0.0,0.0,0.0,0.0,False
TNFSF12,ZY015,GW12,T1 (GW5-13),mixed,FB,FB,FB,3,1,0,0.0,0.0,0.0,0.0,0.0,0.0,False
TNFSF12,ZY015,GW12,T1 (GW5-13),fetal,HB,HB,HB,1,1,0,0.0,0.0,0.0,0.0,0.0,0.0,False
TNFSF12,ZY015,GW12,T1 (GW5-13),maternal,B,B,B,3,1,0,0.0,0.0,0.0,0.0,0.0,0.0,False
TNFSF12,ZY016,GW11,T1 (GW5-13),maternal,DSC,eS,eS,73,1,0,0.0,0.0,0.0,0.0,0.0,0.0,True
TNFSF12,ZY016,GW11,T1 (GW5-13),maternal,M,M,CD14_M,71,1,0,0.0,0.0,0.0,0.0,0.0,0.0,True
TNFSF12,ZY016,GW11,T1 (GW5-13),fetal,SCT,SCT,SCT,1070,1,0,0.0,0.0,0.0,0.0,0.0,0.0,True
TNFSF12,ZY016,GW11,T1 (GW5-13),maternal,M,M,CD16_M,221,1,0,0.0,0.0,0.0,0.0,0.0,0.0,True
TNFSF12,ZY016,GW11,T1 (GW5-13),fetal,EVT,EVT,EVT,1127,1,0,0.0,0.0,0.0,0.0,0.0,0.0,True
TNFSF12,ZY016,GW11,T1 (GW5-13),ambiguous,EVT,GC,GC,41,1,0,0.0,0.0,0.0,0.0,0.0,0.0,True
TNFSF12,ZY016,GW11,T1 (GW5-13),fetal,VCT,VCT,EVTpro,185,1,0,0.0,0.0,0.0,0.0,0.0,0.0,True
TNFSF12,ZY016,GW11,T1 (GW5-13),fetal,VCT,VCT,avVCT,62,1,0,0.0,0.0,0.0,0.0,0.0,0.0,True
TNFSF12,ZY016,GW11,T1 (GW5-13),fetal,EVT,EVT,eEVT,399,1,0,0.0,0.0,0.0,0.0,0.0,0.0,True
TNFSF12,ZY016,GW11,T1 (GW5-13),fetal,EVT,EVT,iEVT,219,1,0,0.0,0.0,0.0,0.0,0.0,0.0,True
TNFSF12,ZY016,GW11,T1 (GW5-13),fetal,SCT,SCT,SCT_a,66,1,0,0.0,0.0,0.0,0.0,0.0,0.0,True
TNFSF12,ZY016,GW11,T1 (GW5-13),ambiguous,Ery,Ery,Ery,29,1,0,0.0,0.0,0.0,0.0,0.0,0.0,True
TNFSF12,ZY016,GW11,T1 (GW5-13),maternal,DSC,DSC,DSC4,222,1,0,0.0,0.0,0.0,0.0,0.0,0.0,True
TNFSF12,ZY016,GW11,T1 (GW5-13),fetal,VCT,VCT,fvVCT,24,1,0,0.0,0.0,0.0,0.0,0.0,0.0,True
TNFSF12,ZY016,GW11,T1 (GW5-13),fetal,VCT,VCT,VCT_dividing,81,1,0,0.0,0.0,0.0,0.0,0.0,0.0,True
TNFSF12,ZY016,GW11,T1 (GW5-13),maternal,DSC,DSC,DSC3,30,1,0,0.0,0.0,0.0,0.0,0.0,0.0,True
TNFSF12,ZY016,GW11,T1 (GW5-13),mixed,FB,FB,FB,22,1,0,0.0,0.0,0.0,0.0,0.0,0.0,True
TNFSF12,ZY016,GW11,T1 (GW5-13),maternal,DSC,DSC,DSC0,23,1,0,0.0,0.0,0.0,0.0,0.0,0.0,True
TNFSF12,ZY016,GW11,T1 (GW5-13),maternal,T,T,T,2,1,0,0.0,0.0,0.0,0.0,0.0,0.0,False
TNFSF12,ZY016,GW11,T1 (GW5-13),fetal,VCT,VCT,VCT,75,1,0,0.0,0.0,0.0,0.0,0.0,0.0,True
TNFSF12,ZY016,GW11,T1 (GW5-13),maternal,B,B,B,1,1,0,0.0,0.0,0.0,0.0,0.0,0.0,False
TNFSF12,ZY016,GW11,T1 (GW5-13),fetal,VCT,VCT,SCT_pro,24,1,0,0.0,0.0,0.0,0.0,0.0,0.0,True
TNFSF12,ZY016,GW11,T1 (GW5-13),maternal,DSC,DSC,DSC1,16,1,0,0.0,0.0,0.0,0.0,0.0,0.0,False
TNFSF12,ZY016,GW11,T1 (GW5-13),maternal,dNK,dNK,dNK,17,1,0,0.0,0.0,0.0,0.0,0.0,0.0,False
TNFSF12,ZY016,GW11,T1 (GW5-13),maternal,DSC,DSC,DSC2,5,1,0,0.0,0.0,0.0,0.0,0.0,0.0,False
TNFSF12,ZY016,GW11,T1 (GW5-13),fetal,HB,HB,HB,10,1,0,0.0,0.0,0.0,0.0,0.0,0.0,False
TNFSF12,ZY016,GW11,T1 (GW5-13),maternal,Epi,Epi,Epi,2,1,0,0.0,0.0,0.0,0.0,0.0,0.0,False
TNFSF12,ZY016,GW11,T1 (GW5-13),fetal,SCT,SCT,SCT_b,5,1,0,0.0,0.0,0.0,0.0,0.0,0.0,False
TNFSF12,ZY016,GW11,T1 (GW5-13),maternal,EC,LEC,LEC,2,1,0,0.0,0.0,0.0,0.0,0.0,0.0,False
TNFSF12,ZY016,GW11,T1 (GW5-13),fetal,EC,fVEC,fEC,4,1,0,0.0,0.0,0.0,0.0,0.0,0.0,False
TNFSF12,ZY016,GW11,T1 (GW5-13),mixed,PV,PV,pvSMC,1,1,0,0.0,0.0,0.0,0.0,0.0,0.0,False
TNFSF12,ZY016,GW11,T1 (GW5-13),maternal,EC,mVEC,vEC,1,1,0,0.0,0.0,0.0,0.0,0.0,0.0,False
TNFSF12,ZY017,GW24,T2 (GW14-27),fetal,VCT,VCT,VCT_dividing,85,1,0,0.0,0.0,0.0,0.0,0.0,0.0,True
TNFSF12,ZY017,GW24,T2 (GW14-27),fetal,SCT,SCT,SCT,4611,1,0,0.0,0.0,0.0,0.0,0.0,0.0,True
TNFSF12,ZY017,GW24,T2 (GW14-27),fetal,VCT,VCT,VCT,318,1,0,0.0,0.0,0.0,0.0,0.0,0.0,True
TNFSF12,ZY017,GW24,T2 (GW14-27),fetal,VCT,VCT,fvVCT,69,1,0,0.0,0.0,0.0,0.0,0.0,0.0,True
TNFSF12,ZY017,GW24,T2 (GW14-27),fetal,VCT,VCT,avVCT,56,1,0,0.0,0.0,0.0,0.0,0.0,0.0,True
TNFSF12,ZY017,GW24,T2 (GW14-27),fetal,SCT,SCT,SCT_a,303,1,0,0.0,0.0,0.0,0.0,0.0,0.0,True
TNFSF12,ZY017,GW24,T2 (GW14-27),fetal,VCT,VCT,SCT_pro,66,1,0,0.0,0.0,0.0,0.0,0.0,0.0,True
TNFSF12,ZY017,GW24,T2 (GW14-27),maternal,DSC,DSC,DSC3,30,1,0,0.0,0.0,0.0,0.0,0.0,0.0,True
TNFSF12,ZY017,GW24,T2 (GW14-27),fetal,EC,fVEC,fEC,204,1,0,0.0,0.0,0.0,0.0,0.0,0.0,True
TNFSF12,ZY017,GW24,T2 (GW14-27),mixed,FB,FB,FB,285,1,0,0.0,0.0,0.0,0.0,0.0,0.0,True
TNFSF12,ZY017,GW24,T2 (GW14-27),mixed,PV,PV,pvSMC,139,1,0,0.0,0.0,0.0,0.0,0.0,0.0,True
TNFSF12,ZY017,GW24,T2 (GW14-27),fetal,HB,HB,HB,129,1,0,0.0,0.0,0.0,0.0,0.0,0.0,True
TNFSF12,ZY017,GW24,T2 (GW14-27),fetal,SCT,SCT,SCT_b,166,1,0,0.0,0.0,0.0,0.0,0.0,0.0,True
TNFSF12,ZY017,GW24,T2 (GW14-27),maternal,M,M,CD14_M,48,1,0,0.0,0.0,0.0,0.0,0.0,0.0,True
TNFSF12,ZY017,GW24,T2 (GW14-27),fetal,EVT,EVT,iEVT,112,1,0,0.0,0.0,0.0,0.0,0.0,0.0,True
TNFSF12,ZY017,GW24,T2 (GW14-27),maternal,M,M,CD16_M,16,1,0,0.0,0.0,0.0,0.0,0.0,0.0,False
TNFSF12,ZY017,GW24,T2 (GW14-27),maternal,dNK,dNK,dNK,26,1,0,0.0,0.0,0.0,0.0,0.0,0.0,True
TNFSF12,ZY017,GW24,T2 (GW14-27),maternal,EC,mVEC,aEC,26,1,0,0.0,0.0,0.0,0.0,0.0,0.0,True
TNFSF12,ZY017,GW24,T2 (GW14-27),fetal,EVT,EVT,EVT,100,1,0,0.0,0.0,0.0,0.0,0.0,0.0,True
TNFSF12,ZY017,GW24,T2 (GW14-27),maternal,Epi,Epi,Epi,33,1,0,0.0,0.0,0.0,0.0,0.0,0.0,True
TNFSF12,ZY017,GW24,T2 (GW14-27),ambiguous,EVT,GC,GC,93,1,0,0.0,0.0,0.0,0.0,0.0,0.0,True
TNFSF12,ZY017,GW24,T2 (GW14-27),fetal,VCT,VCT,EVTpro,8,1,0,0.0,0.0,0.0,0.0,0.0,0.0,False
TNFSF12,ZY017,GW24,T2 (GW14-27),maternal,DSC,DSC,DSC0,11,1,0,0.0,0.0,0.0,0.0,0.0,0.0,False
TNFSF12,ZY017,GW24,T2 (GW14-27),maternal,DSC,DSC,DSC2,6,1,0,0.0,0.0,0.0,0.0,0.0,0.0,False
TNFSF12,ZY017,GW24,T2 (GW14-27),maternal,EC,mVEC,vEC,20,1,0,0.0,0.0,0.0,0.0,0.0,0.0,True
TNFSF12,ZY017,GW24,T2 (GW14-27),maternal,B,B,B,3,1,0,0.0,0.0,0.0,0.0,0.0,0.0,False
TNFSF12,ZY017,GW24,T2 (GW14-27),maternal,DSC,DSC,DSC4,7,1,0,0.0,0.0,0.0,0.0,0.0,0.0,False
TNFSF12,ZY017,GW24,T2 (GW14-27),fetal,EVT,EVT,pEVT,16,1,0,0.0,0.0,0.0,0.0,0.0,0.0,False
TNFSF12,ZY017,GW24,T2 (GW14-27),maternal,EC,LEC,LEC,1,1,0,0.0,0.0,0.0,0.0,0.0,0.0,False
TNFSF12,ZY017,GW24,T2 (GW14-27),maternal,DSC,DSC,DSC1,12,1,0,0.0,0.0,0.0,0.0,0.0,0.0,False
TNFSF12,ZY017,GW24,T2 (GW14-27),maternal,T,T,T,3,1,0,0.0,0.0,0.0,0.0,0.0,0.0,False
TNFSF12,ZY017,GW24,T2 (GW14-27),maternal,DSC,eS,eS,2,1,0,0.0,0.0,0.0,0.0,0.0,0.0,False
TNFSF12,ZY018,GW21,T2 (GW14-27),maternal,Epi,Epi,Epi,191,1,0,0.0,0.0,0.0,0.0,0.0,0.0,True
TNFSF12,ZY018,GW21,T2 (GW14-27),mixed,FB,FB,FB,259,1,0,0.0,0.0,0.0,0.0,0.0,0.0,True
TNFSF12,ZY018,GW21,T2 (GW14-27),maternal,M,M,CD16_M,72,1,0,0.0,0.0,0.0,0.0,0.0,0.0,True
TNFSF12,ZY018,GW21,T2 (GW14-27),fetal,SCT,SCT,SCT,1913,1,0,0.0,0.0,0.0,0.0,0.0,0.0,True
TNFSF12,ZY018,GW21,T2 (GW14-27),fetal,EVT,EVT,EVT,484,1,0,0.0,0.0,0.0,0.0,0.0,0.0,True
TNFSF12,ZY018,GW21,T2 (GW14-27),fetal,SCT,SCT,SCT_a,126,1,0,0.0,0.0,0.0,0.0,0.0,0.0,True
TNFSF12,ZY018,GW21,T2 (GW14-27),fetal,VCT,VCT,VCT,330,1,0,0.0,0.0,0.0,0.0,0.0,0.0,True
TNFSF12,ZY018,GW21,T2 (GW14-27),fetal,EVT,EVT,iEVT,544,1,0,0.0,0.0,0.0,0.0,0.0,0.0,True
TNFSF12,ZY018,GW21,T2 (GW14-27),maternal,M,M,CD14_M,335,1,0,0.0,0.0,0.0,0.0,0.0,0.0,True
TNFSF12,ZY018,GW21,T2 (GW14-27),maternal,dNK,dNK,dNK,305,1,0,0.0,0.0,0.0,0.0,0.0,0.0,True
TNFSF12,ZY018,GW21,T2 (GW14-27),fetal,VCT,VCT,avVCT,58,1,0,0.0,0.0,0.0,0.0,0.0,0.0,True
TNFSF12,ZY018,GW21,T2 (GW14-27),mixed,PV,PV,pvSMC,113,1,0,0.0,0.0,0.0,0.0,0.0,0.0,True
TNFSF12,ZY018,GW21,T2 (GW14-27),ambiguous,EVT,GC,GC,64,1,0,0.0,0.0,0.0,0.0,0.0,0.0,True
TNFSF12,ZY018,GW21,T2 (GW14-27),maternal,EC,mVEC,vEC,104,1,1,0.015583970283469882,0.039007645498517714,0.009615384615384616,1.6207329094808678,0.9615384615384616,0.04393094056143742,True
TNFSF12,ZY018,GW21,T2 (GW14-27),maternal,DSC,DSC,DSC3,50,1,0,0.0,0.0,0.0,0.0,0.0,0.0,True
TNFSF12,ZY018,GW21,T2 (GW14-27),fetal,VCT,VCT,SCT_pro,26,1,0,0.0,0.0,0.0,0.0,0.0,0.0,True
TNFSF12,ZY018,GW21,T2 (GW14-27),maternal,DSC,DSC,DSC0,127,1,0,0.0,0.0,0.0,0.0,0.0,0.0,True
TNFSF12,ZY018,GW21,T2 (GW14-27),maternal,DSC,DSC,DSC2,72,1,0,0.0,0.0,0.0,0.0,0.0,0.0,True
TNFSF12,ZY018,GW21,T2 (GW14-27),fetal,HB,HB,HB,85,1,0,0.0,0.0,0.0,0.0,0.0,0.0,True
TNFSF12,ZY018,GW21,T2 (GW14-27),fetal,EC,fVEC,fEC,82,1,0,0.0,0.0,0.0,0.0,0.0,0.0,True
TNFSF12,ZY018,GW21,T2 (GW14-27),maternal,DSC,DSC,DSC4,53,1,0,0.0,0.0,0.0,0.0,0.0,0.0,True
TNFSF12,ZY018,GW21,T2 (GW14-27),maternal,EC,mVEC,aEC,34,1,0,0.0,0.0,0.0,0.0,0.0,0.0,True
TNFSF12,ZY018,GW21,T2 (GW14-27),fetal,VCT,VCT,fvVCT,46,1,0,0.0,0.0,0.0,0.0,0.0,0.0,True
TNFSF12,ZY018,GW21,T2 (GW14-27),maternal,EC,LEC,LEC,45,1,0,0.0,0.0,0.0,0.0,0.0,0.0,True
TNFSF12,ZY018,GW21,T2 (GW14-27),fetal,VCT,VCT,EVTpro,8,1,0,0.0,0.0,0.0,0.0,0.0,0.0,False
TNFSF12,ZY018,GW21,T2 (GW14-27),fetal,VCT,VCT,VCT_dividing,69,1,0,0.0,0.0,0.0,0.0,0.0,0.0,True
TNFSF12,ZY018,GW21,T2 (GW14-27),fetal,EVT,EVT,pEVT,42,1,0,0.0,0.0,0.0,0.0,0.0,0.0,True
TNFSF12,ZY018,GW21,T2 (GW14-27),fetal,SCT,SCT,SCT_b,16,1,0,0.0,0.0,0.0,0.0,0.0,0.0,False
TNFSF12,ZY018,GW21,T2 (GW14-27),maternal,DSC,DSC,DSC1,74,1,0,0.0,0.0,0.0,0.0,0.0,0.0,True
TNFSF12,ZY018,GW21,T2 (GW14-27),maternal,cDC,cDC,cDC,8,1,0,0.0,0.0,0.0,0.0,0.0,0.0,False
TNFSF12,ZY018,GW21,T2 (GW14-27),maternal,T,T,T,9,1,0,0.0,0.0,0.0,0.0,0.0,0.0,False
TNFSF12,ZY018,GW21,T2 (GW14-27),maternal,Epi,cili,ciliated,3,1,0,0.0,0.0,0.0,0.0,0.0,0.0,False
TNFSF12,ZY018,GW21,T2 (GW14-27),maternal,DSC,eS,eS,2,1,0,0.0,0.0,0.0,0.0,0.0,0.0,False
TNFSF12,ZY018,GW21,T2 (GW14-27),fetal,EVT,EVT,eEVT,1,1,0,0.0,0.0,0.0,0.0,0.0,0.0,False
TNFSF12,ZY019,GW38,T3 (GW28-40),fetal,SCT,SCT,SCT_a,270,1,2,0.008603054458363894,0.016255184697636656,0.007407407407407408,1.1614123518791257,0.7407407407407407,0.01750861204855138,True
TNFSF12,ZY019,GW38,T3 (GW28-40),fetal,SCT,SCT,SCT,4726,1,54,0.014353328850091622,0.02883057308440281,0.011426153195090986,1.2561820767691299,1.1426153195090987,0.029805290317602415,True
TNFSF12,ZY019,GW38,T3 (GW28-40),fetal,SCT,SCT,SCT_b,427,1,2,0.006181983755711579,0.012872999415640775,0.00468384074941452,1.319853531844422,0.468384074941452,0.0137860963082902,True
TNFSF12,ZY019,GW38,T3 (GW28-40),fetal,HB,HB,HB,212,1,8,0.04806200167232335,0.09789168819311714,0.03773584905660377,1.2736430443165687,3.7735849056603774,0.10296884934885074,True
TNFSF12,ZY019,GW38,T3 (GW28-40),mixed,FB,FB,FB,137,1,11,0.09749963835584853,0.1912788857274232,0.08029197080291971,1.214313677704659,8.02919708029197,0.19750249122460523,True
TNFSF12,ZY019,GW38,T3 (GW28-40),fetal,VCT,VCT,VCT,695,1,7,0.01180664513174745,0.022507063286212967,0.010071942446043165,1.1722311952234967,1.0071942446043165,0.02302025782688766,True
TNFSF12,ZY019,GW38,T3 (GW28-40),fetal,EC,fVEC,fEC,524,1,11,0.02662847866605036,0.05395048110103852,0.02099236641221374,1.2684838928191262,2.099236641221374,0.05607032646182987,True
TNFSF12,ZY019,GW38,T3 (GW28-40),mixed,PV,PV,pvSMC,323,1,17,0.06919566578692009,0.14657714953751944,0.05572755417956656,1.3147176499514817,5.2631578947368425,0.15016981703476348,True
TNFSF12,ZY019,GW38,T3 (GW28-40),fetal,VCT,VCT,VCT_dividing,166,1,2,0.015220518970572647,0.03076562650672003,0.012048192771084338,1.2633030745575298,1.2048192771084338,0.02817583978090467,True
TNFSF12,ZY019,GW38,T3 (GW28-40),fetal,VCT,VCT,avVCT,121,1,2,0.022410972333138393,0.0476771817768851,0.01652892561983471,1.3558638261548728,1.6528925619834711,0.04724212296652187,True
TNFSF12,ZY019,GW38,T3 (GW28-40),maternal,M,M,CD14_M,48,1,2,0.054794011979175855,0.11445744091283394,0.041666666666666664,1.3150562875002205,4.166666666666667,0.11866196765274761,True
TNFSF12,ZY019,GW38,T3 (GW28-40),maternal,EC,mVEC,vEC,68,1,3,0.057371019377650684,0.11863670518824546,0.04411764705882353,1.300409772560082,4.411764705882353,0.12167078319483142,True
TNFSF12,ZY019,GW38,T3 (GW28-40),fetal,VCT,VCT,EVTpro,16,1,0,0.0,0.0,0.0,0.0,0.0,0.0,False
TNFSF12,ZY019,GW38,T3 (GW28-40),ambiguous,EVT,GC,GC,159,1,4,0.030478516928852173,0.059542972033746096,0.025157232704402517,1.2115210479218739,2.5157232704402515,0.07067724705055013,True
TNFSF12,ZY019,GW38,T3 (GW28-40),fetal,EVT,EVT,iEVT,26,1,0,0.0,0.0,0.0,0.0,0.0,0.0,True
TNFSF12,ZY019,GW38,T3 (GW28-40),fetal,VCT,VCT,SCT_pro,41,1,0,0.0,0.0,0.0,0.0,0.0,0.0,True
TNFSF12,ZY019,GW38,T3 (GW28-40),fetal,EVT,EVT,EVT,9,1,0,0.0,0.0,0.0,0.0,0.0,0.0,False
TNFSF12,ZY019,GW38,T3 (GW28-40),fetal,VCT,VCT,fvVCT,112,1,0,0.0,0.0,0.0,0.0,0.0,0.0,True
TNFSF12,ZY019,GW38,T3 (GW28-40),maternal,T,T,T,19,1,0,0.0,0.0,0.0,0.0,0.0,0.0,False
TNFSF12,ZY019,GW38,T3 (GW28-40),maternal,M,M,CD16_M,28,1,2,0.08894258848680181,0.17682782800481078,0.07142857142857142,1.2451962388152253,7.142857142857143,0.19875381358879823,True
TNFSF12,ZY019,GW38,T3 (GW28-40),fetal,EVT,EVT,pEVT,1,1,0,0.0,0.0,0.0,0.0,0.0,0.0,False
TNFSF12,ZY019,GW38,T3 (GW28-40),maternal,DSC,DSC,DSC1,16,1,0,0.0,0.0,0.0,0.0,0.0,0.0,False
TNFSF12,ZY019,GW38,T3 (GW28-40),maternal,B,B,B,12,1,0,0.0,0.0,0.0,0.0,0.0,0.0,False
TNFSF12,ZY019,GW38,T3 (GW28-40),maternal,DSC,DSC,DSC3,17,1,0,0.0,0.0,0.0,0.0,0.0,0.0,False
TNFSF12,ZY019,GW38,T3 (GW28-40),maternal,dNK,dNK,dNK,24,1,1,0.06158263179816716,0.1410039481105471,0.041666666666666664,1.4779831631560119,4.166666666666667,0.11777453243510623,True
TNFSF12,ZY019,GW38,T3 (GW28-40),maternal,DSC,DSC,DSC0,10,1,0,0.0,0.0,0.0,0.0,0.0,0.0,False
TNFSF12,ZY019,GW38,T3 (GW28-40),maternal,cDC,cDC,cDC,6,1,0,0.0,0.0,0.0,0.0,0.0,0.0,False
TNFSF12,ZY019,GW38,T3 (GW28-40),ambiguous,Ery,Ery,Ery,8,1,0,0.0,0.0,0.0,0.0,0.0,0.0,False
TNFSF12,ZY019,GW38,T3 (GW28-40),maternal,DSC,eS,eS,2,1,0,0.0,0.0,0.0,0.0,0.0,0.0,False
TNFSF12,ZY019,GW38,T3 (GW28-40),maternal,EC,mVEC,aEC,1,1,1,1.1739166717322402,2.2346368715083798,1.0,1.1739166717322402,100.0,2.2346368715083798,False
TNFSF12,ZY020,GW24,T2 (GW14-27),fetal,EC,fVEC,fEC,36,1,1,0.030621100455381054,0.05586841870027711,0.027777777777777776,1.102359616393718,2.7777777777777777,0.055085796127468535,True
TNFSF12,ZY020,GW24,T2 (GW14-27),fetal,SCT,SCT,SCT,3307,1,23,0.008094668512943236,0.015368196153571398,0.006954944058058663,1.1638725553175338,0.6954944058058663,0.015183677942307966,True
TNFSF12,ZY020,GW24,T2 (GW14-27),fetal,HB,HB,HB,800,1,30,0.041674031988207655,0.07687581126506884,0.0375,1.1113075196855375,3.75,0.07710431159600013,True
TNFSF12,ZY020,GW24,T2 (GW14-27),maternal,M,M,CD14_M,285,1,14,0.05319442805580417,0.09629525264688267,0.04912280701754386,1.0828865711360134,4.912280701754386,0.0976529122539757,True
TNFSF12,ZY020,GW24,T2 (GW14-27),mixed,FB,FB,FB,461,1,12,0.027673477548185943,0.04937652428702361,0.026030368763557483,1.0631227624761432,2.6030368763557483,0.05016894391864604,True
TNFSF12,ZY020,GW24,T2 (GW14-27),maternal,DSC,eS,eS,9,1,0,0.0,0.0,0.0,0.0,0.0,0.0,False
TNFSF12,ZY020,GW24,T2 (GW14-27),fetal,SCT,SCT,SCT_a,247,1,5,0.021685807401383282,0.03886572407920388,0.020242914979757085,1.0712788856283342,2.0242914979757085,0.03953706837382456,True
TNFSF12,ZY020,GW24,T2 (GW14-27),mixed,PV,PV,pvSMC,82,1,1,0.012646722850570504,0.022205247544099624,0.012195121951219513,1.0370312737467813,1.2195121951219512,0.024074979114955618,True
TNFSF12,ZY020,GW24,T2 (GW14-27),maternal,Epi,Epi,Epi,172,1,1,0.007365515087048373,0.014823950760765153,0.005813953488372093,1.2668685949723202,0.5813953488372093,0.011036942855124673,True
TNFSF12,ZY020,GW24,T2 (GW14-27),maternal,dNK,dNK,dNK,270,1,7,0.028339110205651077,0.051600236321306954,0.025925925925925925,1.093079965075113,2.5925925925925926,0.05335207261369517,True
TNFSF12,ZY020,GW24,T2 (GW14-27),fetal,VCT,VCT,VCT,307,1,4,0.014123405330951916,0.02568780699717023,0.013029315960912053,1.0839713591505595,1.3029315960912051,0.024848810518501494,True
TNFSF12,ZY020,GW24,T2 (GW14-27),ambiguous,EVT,GC,GC,69,1,1,0.016376347721081843,0.030370397366279143,0.014492753623188406,1.129967992754647,1.4492753623188406,0.035436488952674566,True
TNFSF12,ZY020,GW24,T2 (GW14-27),maternal,M,M,CD16_M,101,1,5,0.05789625766571253,0.1112066073786471,0.04950495049504951,1.1695044048473933,4.9504950495049505,0.10254853622219397,True
TNFSF12,ZY020,GW24,T2 (GW14-27),maternal,EC,mVEC,vEC,37,1,1,0.028424616815803848,0.05033903338988085,0.02702702702702703,1.0517108221847424,2.7027027027027026,0.05240568287225067,True
TNFSF12,ZY020,GW24,T2 (GW14-27),fetal,EVT,EVT,iEVT,34,1,0,0.0,0.0,0.0,0.0,0.0,0.0,True
TNFSF12,ZY020,GW24,T2 (GW14-27),fetal,SCT,SCT,SCT_b,234,1,1,0.005776163586419009,0.012237984746575812,0.004273504273504274,1.351622279222048,0.42735042735042733,0.01069910063360074,True
TNFSF12,ZY020,GW24,T2 (GW14-27),maternal,DSC,DSC,DSC1,13,1,1,0.0781276459781347,0.13547565502479203,0.07692307692307693,1.015659397715751,7.6923076923076925,0.14790492671310881,False
TNFSF12,ZY020,GW24,T2 (GW14-27),maternal,EC,mVEC,aEC,54,1,1,0.01969650535598593,0.035126173214185354,0.018518518518518517,1.0636112892232403,1.8518518518518519,0.035521833494957675,True
TNFSF12,ZY020,GW24,T2 (GW14-27),fetal,VCT,VCT,VCT_dividing,75,1,0,0.0,0.0,0.0,0.0,0.0,0.0,True
TNFSF12,ZY020,GW24,T2 (GW14-27),fetal,VCT,VCT,fvVCT,35,1,0,0.0,0.0,0.0,0.0,0.0,0.0,True
TNFSF12,ZY020,GW24,T2 (GW14-27),maternal,B,B,B,11,1,0,0.0,0.0,0.0,0.0,0.0,0.0,False
TNFSF12,ZY020,GW24,T2 (GW14-27),maternal,T,T,T,71,1,2,0.035405287565713976,0.07083016933643034,0.028169014084507043,1.256887708582846,2.816901408450704,0.06754702961937249,True
TNFSF12,ZY020,GW24,T2 (GW14-27),fetal,VCT,VCT,SCT_pro,32,1,0,0.0,0.0,0.0,0.0,0.0,0.0,True
TNFSF12,ZY020,GW24,T2 (GW14-27),maternal,DSC,DSC,DSC3,22,1,0,0.0,0.0,0.0,0.0,0.0,0.0,True
TNFSF12,ZY020,GW24,T2 (GW14-27),fetal,VCT,VCT,avVCT,36,1,0,0.0,0.0,0.0,0.0,0.0,0.0,True
TNFSF12,ZY020,GW24,T2 (GW14-27),maternal,DSC,DSC,DSC4,28,1,0,0.0,0.0,0.0,0.0,0.0,0.0,True
TNFSF12,ZY020,GW24,T2 (GW14-27),maternal,DSC,DSC,DSC2,11,1,0,0.0,0.0,0.0,0.0,0.0,0.0,False
TNFSF12,ZY020,GW24,T2 (GW14-27),fetal,EVT,EVT,EVT,34,1,0,0.0,0.0,0.0,0.0,0.0,0.0,True
TNFSF12,ZY020,GW24,T2 (GW14-27),maternal,DSC,DSC,DSC0,4,1,0,0.0,0.0,0.0,0.0,0.0,0.0,False
TNFSF12,ZY020,GW24,T2 (GW14-27),maternal,EC,LEC,LEC,3,1,0,0.0,0.0,0.0,0.0,0.0,0.0,False
TNFSF12,ZY020,GW24,T2 (GW14-27),maternal,cDC,cDC,cDC,14,1,1,0.08219035699620111,0.15430669999691385,0.07142857142857142,1.1506649979468155,7.142857142857143,0.14283877787141652,False
TNFSF12,ZY020,GW24,T2 (GW14-27),fetal,EVT,EVT,pEVT,2,1,0,0.0,0.0,0.0,0.0,0.0,0.0,False
TNFSF12,ZY020,GW24,T2 (GW14-27),fetal,VCT,VCT,EVTpro,4,1,0,0.0,0.0,0.0,0.0,0.0,0.0,False
TNFSF12,ZY020,GW24,T2 (GW14-27),fetal,EVT,EVT,eEVT,2,1,0,0.0,0.0,0.0,0.0,0.0,0.0,False
TNFSF12,ZY026,GW18,T2 (GW14-27),maternal,dNK,dNK,dNK,546,1,9,0.025088257875297806,0.05944248697279879,0.016483516483516484,1.5220209777680669,1.6483516483516483,0.05782129365507671,True
TNFSF12,ZY026,GW18,T2 (GW14-27),fetal,SCT,SCT,SCT,1415,1,4,0.004014473405868915,0.00889236767826141,0.0028268551236749115,1.4201199673261287,0.2826855123674912,0.008704102722338687,True
TNFSF12,ZY026,GW18,T2 (GW14-27),maternal,M,M,CD14_M,755,1,15,0.02730191840877263,0.05925116709473393,0.019867549668874173,1.3741965599082222,1.9867549668874172,0.06024069773185741,True
TNFSF12,ZY026,GW18,T2 (GW14-27),maternal,EC,mVEC,vEC,52,1,1,0.02390775009115765,0.047436529922963086,0.019230769230769232,1.2432030047401978,1.9230769230769231,0.05913870391616497,True
TNFSF12,ZY026,GW18,T2 (GW14-27),maternal,DSC,DSC,DSC0,47,1,1,0.027127346716104197,0.054864867830533404,0.02127659574468085,1.2749852956568972,2.127659574468085,0.0630369964131949,True
TNFSF12,ZY026,GW18,T2 (GW14-27),fetal,EVT,EVT,iEVT,315,1,0,0.0,0.0,0.0,0.0,0.0,0.0,True
TNFSF12,ZY026,GW18,T2 (GW14-27),maternal,DSC,DSC,DSC4,170,1,1,0.0075527961322594825,0.015358623867301488,0.0058823529411764705,1.283975342484112,0.5882352941176471,0.016141502870766284,True
TNFSF12,ZY026,GW18,T2 (GW14-27),fetal,VCT,VCT,VCT_dividing,77,1,0,0.0,0.0,0.0,0.0,0.0,0.0,True
TNFSF12,ZY026,GW18,T2 (GW14-27),fetal,EVT,EVT,EVT,247,1,1,0.005047467681368732,0.010036150213067467,0.004048582995951417,1.2467245172980768,0.4048582995951417,0.011198534335826127,True
TNFSF12,ZY026,GW18,T2 (GW14-27),maternal,T,T,T,106,1,3,0.042381047127362875,0.09821927228124448,0.02830188679245283,1.4974636651668216,2.830188679245283,0.10626051536349951,True
TNFSF12,ZY026,GW18,T2 (GW14-27),fetal,SCT,SCT,SCT_b,47,1,1,0.031407601790636536,0.07183185599149511,0.02127659574468085,1.4761572841599173,2.127659574468085,0.07807498321387861,True
TNFSF12,ZY026,GW18,T2 (GW14-27),maternal,DSC,DSC,DSC1,44,1,0,0.0,0.0,0.0,0.0,0.0,0.0,True
TNFSF12,ZY026,GW18,T2 (GW14-27),maternal,Epi,Epi,Epi,374,1,4,0.014172276000554077,0.029670963936678174,0.0106951871657754,1.3251078060518062,1.0695187165775402,0.029688831358531235,True
TNFSF12,ZY026,GW18,T2 (GW14-27),fetal,VCT,VCT,EVTpro,45,1,0,0.0,0.0,0.0,0.0,0.0,0.0,True
TNFSF12,ZY026,GW18,T2 (GW14-27),mixed,PV,PV,pvSMC,59,1,0,0.0,0.0,0.0,0.0,0.0,0.0,True
TNFSF12,ZY026,GW18,T2 (GW14-27),maternal,DSC,DSC,DSC3,29,1,0,0.0,0.0,0.0,0.0,0.0,0.0,True
TNFSF12,ZY026,GW18,T2 (GW14-27),maternal,M,M,CD16_M,80,1,1,0.01893528774506933,0.04435770049680625,0.0125,1.5148230196055466,1.25,0.04050025920165889,True
TNFSF12,ZY026,GW18,T2 (GW14-27),fetal,HB,HB,HB,163,1,7,0.06105123256288841,0.13542151783385573,0.04294478527607362,1.421621558250116,4.294478527607362,0.1324270279780474,True
TNFSF12,ZY026,GW18,T2 (GW14-27),maternal,DSC,DSC,DSC2,89,1,1,0.014094072356006201,0.028153232413379543,0.011235955056179775,1.254372439684552,1.1235955056179776,0.029431587745864126,True
TNFSF12,ZY026,GW18,T2 (GW14-27),fetal,EVT,EVT,eEVT,11,1,0,0.0,0.0,0.0,0.0,0.0,0.0,False
TNFSF12,ZY026,GW18,T2 (GW14-27),mixed,FB,FB,FB,151,1,2,0.01807882453042211,0.038630303061171524,0.013245033112582781,1.3649512520468692,1.3245033112582782,0.0384152923595825,True
TNFSF12,ZY026,GW18,T2 (GW14-27),maternal,EC,LEC,LEC,8,1,0,0.0,0.0,0.0,0.0,0.0,0.0,False
TNFSF12,ZY026,GW18,T2 (GW14-27),fetal,VCT,VCT,avVCT,60,1,0,0.0,0.0,0.0,0.0,0.0,0.0,True
TNFSF12,ZY026,GW18,T2 (GW14-27),fetal,SCT,SCT,SCT_a,88,1,0,0.0,0.0,0.0,0.0,0.0,0.0,True
TNFSF12,ZY026,GW18,T2 (GW14-27),fetal,EVT,EVT,pEVT,31,1,0,0.0,0.0,0.0,0.0,0.0,0.0,True
TNFSF12,ZY026,GW18,T2 (GW14-27),fetal,VCT,VCT,VCT,202,1,1,0.006262575001083339,0.012590272252047178,0.0049504950495049506,1.2650401502188346,0.49504950495049505,0.012566129255205519,True
TNFSF12,ZY026,GW18,T2 (GW14-27),fetal,VCT,VCT,fvVCT,23,1,0,0.0,0.0,0.0,0.0,0.0,0.0,True
TNFSF12,ZY026,GW18,T2 (GW14-27),ambiguous,EVT,GC,GC,10,1,1,0.13497151148025804,0.2856326763781777,0.1,1.3497151148025806,10.0,0.28396989919068577,False
TNFSF12,ZY026,GW18,T2 (GW14-27),maternal,cDC,cDC,cDC,10,1,0,0.0,0.0,0.0,0.0,0.0,0.0,False
TNFSF12,ZY026,GW18,T2 (GW14-27),fetal,EC,fVEC,fEC,29,1,1,0.04224984985917849,0.08293111741387603,0.034482758620689655,1.2252456459161762,3.4482758620689653,0.10669511869831955,True
TNFSF12,ZY026,GW18,T2 (GW14-27),fetal,VCT,VCT,SCT_pro,23,1,0,0.0,0.0,0.0,0.0,0.0,0.0,True
TNFSF12,ZY026,GW18,T2 (GW14-27),maternal,EC,mVEC,aEC,18,1,0,0.0,0.0,0.0,0.0,0.0,0.0,False
TNFSF12,ZY026,GW18,T2 (GW14-27),maternal,B,B,B,6,1,0,0.0,0.0,0.0,0.0,0.0,0.0,False
TNFSF12,ZY026,GW18,T2 (GW14-27),maternal,Epi,cili,ciliated,3,1,0,0.0,0.0,0.0,0.0,0.0,0.0,False
TNFSF12,ZY026,GW18,T2 (GW14-27),maternal,DSC,eS,eS,1,1,0,0.0,0.0,0.0,0.0,0.0,0.0,False
TNFSF12,ZY021,GW39,T3 (GW28-40),fetal,VCT,VCT,VCT,318,1,0,0.0,0.0,0.0,0.0,0.0,0.0,True
TNFSF12,ZY021,GW39,T3 (GW28-40),ambiguous,EVT,GC,GC,55,1,0,0.0,0.0,0.0,0.0,0.0,0.0,True
TNFSF12,ZY021,GW39,T3 (GW28-40),fetal,VCT,VCT,VCT_dividing,181,1,0,0.0,0.0,0.0,0.0,0.0,0.0,True
TNFSF12,ZY021,GW39,T3 (GW28-40),fetal,SCT,SCT,SCT,5228,1,0,0.0,0.0,0.0,0.0,0.0,0.0,True
TNFSF12,ZY021,GW39,T3 (GW28-40),fetal,SCT,SCT,SCT_b,393,1,0,0.0,0.0,0.0,0.0,0.0,0.0,True
TNFSF12,ZY021,GW39,T3 (GW28-40),fetal,EVT,EVT,iEVT,172,1,0,0.0,0.0,0.0,0.0,0.0,0.0,True
TNFSF12,ZY021,GW39,T3 (GW28-40),fetal,SCT,SCT,SCT_a,339,1,1,0.00372416023952329,0.007475551209768451,0.0029498525073746312,1.2624903211983953,0.2949852507374631,0.007054036743066587,True
TNFSF12,ZY021,GW39,T3 (GW28-40),fetal,EVT,EVT,EVT,165,1,0,0.0,0.0,0.0,0.0,0.0,0.0,True
TNFSF12,ZY021,GW39,T3 (GW28-40),fetal,VCT,VCT,fvVCT,59,1,0,0.0,0.0,0.0,0.0,0.0,0.0,True
TNFSF12,ZY021,GW39,T3 (GW28-40),fetal,VCT,VCT,SCT_pro,49,1,0,0.0,0.0,0.0,0.0,0.0,0.0,True
TNFSF12,ZY021,GW39,T3 (GW28-40),mixed,PV,PV,pvSMC,11,1,0,0.0,0.0,0.0,0.0,0.0,0.0,False
TNFSF12,ZY021,GW39,T3 (GW28-40),maternal,M,M,CD16_M,143,1,0,0.0,0.0,0.0,0.0,0.0,0.0,True
TNFSF12,ZY021,GW39,T3 (GW28-40),maternal,T,T,T,40,1,0,0.0,0.0,0.0,0.0,0.0,0.0,True
TNFSF12,ZY021,GW39,T3 (GW28-40),fetal,HB,HB,HB,18,1,0,0.0,0.0,0.0,0.0,0.0,0.0,False
TNFSF12,ZY021,GW39,T3 (GW28-40),maternal,M,M,CD14_M,42,1,0,0.0,0.0,0.0,0.0,0.0,0.0,True
TNFSF12,ZY021,GW39,T3 (GW28-40),maternal,EC,mVEC,aEC,47,1,0,0.0,0.0,0.0,0.0,0.0,0.0,True
TNFSF12,ZY021,GW39,T3 (GW28-40),maternal,DSC,DSC,DSC3,9,1,0,0.0,0.0,0.0,0.0,0.0,0.0,False
TNFSF12,ZY021,GW39,T3 (GW28-40),mixed,FB,FB,FB,8,1,0,0.0,0.0,0.0,0.0,0.0,0.0,False
TNFSF12,ZY021,GW39,T3 (GW28-40),maternal,DSC,eS,eS,31,1,0,0.0,0.0,0.0,0.0,0.0,0.0,True
TNFSF12,ZY021,GW39,T3 (GW28-40),maternal,DSC,DSC,DSC1,2,1,0,0.0,0.0,0.0,0.0,0.0,0.0,False
TNFSF12,ZY021,GW39,T3 (GW28-40),fetal,EC,fVEC,fEC,19,1,0,0.0,0.0,0.0,0.0,0.0,0.0,False
TNFSF12,ZY021,GW39,T3 (GW28-40),maternal,dNK,dNK,dNK,26,1,0,0.0,0.0,0.0,0.0,0.0,0.0,True
TNFSF12,ZY021,GW39,T3 (GW28-40),fetal,VCT,VCT,avVCT,43,1,0,0.0,0.0,0.0,0.0,0.0,0.0,True
TNFSF12,ZY021,GW39,T3 (GW28-40),maternal,B,B,B,11,1,0,0.0,0.0,0.0,0.0,0.0,0.0,False
TNFSF12,ZY021,GW39,T3 (GW28-40),maternal,EC,mVEC,vEC,7,1,0,0.0,0.0,0.0,0.0,0.0,0.0,False
TNFSF12,ZY021,GW39,T3 (GW28-40),fetal,VCT,VCT,EVTpro,7,1,0,0.0,0.0,0.0,0.0,0.0,0.0,False
TNFSF12,ZY021,GW39,T3 (GW28-40),maternal,cDC,cDC,cDC,4,1,0,0.0,0.0,0.0,0.0,0.0,0.0,False
TNFSF12,ZY021,GW39,T3 (GW28-40),fetal,EVT,EVT,pEVT,1,1,0,0.0,0.0,0.0,0.0,0.0,0.0,False
TNFSF12,ZY001,GW5,T1 (GW5-13),maternal,Epi,Epi,Epi,1693,1,47,0.03319435497953368,0.06452539653469169,0.02835203780271707,1.1957030421351174,2.7761370348493797,0.06618906658661466,True
TNFSF12,ZY001,GW5,T1 (GW5-13),maternal,DSC,eS,eS,2836,1,51,0.024345421231162182,0.05348304434117197,0.019746121297602257,1.3537963649328617,1.7983074753173485,0.05377193306738631,True
TNFSF12,ZY001,GW5,T1 (GW5-13),maternal,DSC,DSC,DSC2,318,1,8,0.03063994103765952,0.06018593868294796,0.025157232704402517,1.217937656246966,2.5157232704402515,0.06057081940204487,True
TNFSF12,ZY001,GW5,T1 (GW5-13),fetal,VCT,VCT,VCT_dividing,648,1,16,0.02879122592470521,0.054691867561349874,0.024691358024691357,1.166044649950561,2.4691358024691357,0.0557314191448571,True
TNFSF12,ZY001,GW5,T1 (GW5-13),mixed,PV,PV,pvSMC,86,1,2,0.029175513759518507,0.05876089616801475,0.023255813953488372,1.2545470916592958,2.3255813953488373,0.058117740730946825,True
TNFSF12,ZY001,GW5,T1 (GW5-13),maternal,DSC,DSC,DSC3,186,1,11,0.074322603820049,0.15314411825051924,0.06451612903225806,1.256727664593556,5.913978494623656,0.1585692822229299,True
TNFSF12,ZY001,GW5,T1 (GW5-13),ambiguous,EVT,GC,GC,67,1,5,0.10152959454390297,0.22077237630184415,0.07462686567164178,1.3604965668882998,7.462686567164179,0.22029343084989206,True
TNFSF12,ZY001,GW5,T1 (GW5-13),maternal,DSC,DSC,DSC4,32,1,1,0.04410657924607316,0.09692928039702234,0.03125,1.4114105358743412,3.125,0.07639302684450963,True
TNFSF12,ZY001,GW5,T1 (GW5-13),maternal,DSC,DSC,DSC0,277,1,11,0.051017076060222995,0.1080322394846085,0.04332129963898917,1.2847027335165244,3.9711191335740073,0.1090131133690957,True
TNFSF12,ZY001,GW5,T1 (GW5-13),maternal,EC,mVEC,vEC,173,1,7,0.051388201870010176,0.10417110792193755,0.04046242774566474,1.270022703358823,4.046242774566474,0.09716244033185137,True
TNFSF12,ZY001,GW5,T1 (GW5-13),maternal,T,T,T,81,1,6,0.09797862484105524,0.20843312640904052,0.07407407407407407,1.3227114353542457,7.407407407407407,0.2288006650472664,True
TNFSF12,ZY001,GW5,T1 (GW5-13),fetal,SCT,SCT,SCT,110,1,5,0.062367251814109285,0.13529192154857309,0.045454545454545456,1.3720795399104042,4.545454545454546,0.13777065044279488,True
TNFSF12,ZY001,GW5,T1 (GW5-13),fetal,VCT,VCT,avVCT,38,1,0,0.0,0.0,0.0,0.0,0.0,0.0,True
TNFSF12,ZY001,GW5,T1 (GW5-13),maternal,dNK,dNK,dNK,119,1,2,0.02535016513877727,0.05916537437512361,0.01680672268907563,1.5083348257572475,1.680672268907563,0.04756955263214227,True
TNFSF12,ZY001,GW5,T1 (GW5-13),maternal,M,M,CD14_M,50,1,2,0.0568456163857584,0.12567733440071546,0.04,1.42114040964396,4.0,0.10990158313230503,True
TNFSF12,ZY001,GW5,T1 (GW5-13),maternal,DSC,DSC,DSC1,49,1,5,0.1242008832829366,0.24428143415599618,0.10204081632653061,1.2171686561727788,10.204081632653061,0.24003264443964378,True
TNFSF12,ZY001,GW5,T1 (GW5-13),fetal,VCT,VCT,EVTpro,22,1,0,0.0,0.0,0.0,0.0,0.0,0.0,True
TNFSF12,ZY001,GW5,T1 (GW5-13),fetal,EC,fVEC,fEC,63,1,2,0.0372853564617531,0.07107250452665223,0.031746031746031744,1.1744887285452226,3.1746031746031744,0.07184295130843975,True
TNFSF12,ZY001,GW5,T1 (GW5-13),maternal,Epi,cili,ciliated,28,1,0,0.0,0.0,0.0,0.0,0.0,0.0,True
TNFSF12,ZY001,GW5,T1 (GW5-13),fetal,EVT,EVT,EVT,6,1,0,0.0,0.0,0.0,0.0,0.0,0.0,False
TNFSF12,ZY001,GW5,T1 (GW5-13),maternal,cDC,cDC,cDC,14,1,0,0.0,0.0,0.0,0.0,0.0,0.0,False
TNFSF12,ZY001,GW5,T1 (GW5-13),maternal,M,M,CD16_M,17,1,0,0.0,0.0,0.0,0.0,0.0,0.0,False
TNFSF12,ZY001,GW5,T1 (GW5-13),maternal,B,B,B,9,1,0,0.0,0.0,0.0,0.0,0.0,0.0,False
TNFSF12,ZY001,GW5,T1 (GW5-13),maternal,EC,LEC,LEC,25,1,1,0.05175513392366745,0.10587612493382742,0.04,1.2938783480916862,4.0,0.09321054397673464,True
TNFSF12,ZY001,GW5,T1 (GW5-13),maternal,EC,mVEC,aEC,3,1,1,0.3774142669686313,0.7008690776562938,0.3333333333333333,1.1322428009058938,33.333333333333336,0.688752668916592,False
TNFSF12,ZY001,GW5,T1 (GW5-13),mixed,FB,FB,FB,1,1,0,0.0,0.0,0.0,0.0,0.0,0.0,False
TNFSF12,ZY001,GW5,T1 (GW5-13),fetal,SCT,SCT,SCT_b,2,1,0,0.0,0.0,0.0,0.0,0.0,0.0,False
TNFSF12,ZY002,GW6,T1 (GW5-13),maternal,Epi,Epi,Epi,3662,1,70,0.0193015427936458,0.033565333306286284,0.019388312397596943,1.009746424433299,1.9115237575095576,0.03398214826813332,True
TNFSF12,ZY002,GW6,T1 (GW5-13),maternal,M,M,CD14_M,316,1,20,0.06542767790189268,0.11556496384159443,0.06329113924050633,1.0337573108499043,6.329113924050633,0.11644852945885786,True
TNFSF12,ZY002,GW6,T1 (GW5-13),maternal,DSC,DSC,DSC3,123,1,9,0.07137125346228843,0.12178495561294843,0.07317073170731707,0.975407130651275,7.317073170731708,0.12979633512836858,True
TNFSF12,ZY002,GW6,T1 (GW5-13),maternal,DSC,DSC,DSC0,583,1,17,0.02992215630800104,0.05302199075443841,0.030874785591766724,1.0261539486802709,2.9159519725557463,0.05598240410836203,True
TNFSF12,ZY002,GW6,T1 (GW5-13),maternal,DSC,DSC,DSC1,519,1,25,0.04646007650118156,0.07850280629201979,0.04816955684007707,0.9645111881645292,4.8169556840077075,0.08135674411611755,True
TNFSF12,ZY002,GW6,T1 (GW5-13),maternal,DSC,eS,eS,338,1,9,0.02758002854396449,0.04930048284404782,0.029585798816568046,1.0357832942066665,2.662721893491124,0.05444867450146794,True
TNFSF12,ZY002,GW6,T1 (GW5-13),maternal,dNK,dNK,dNK,602,1,15,0.025513812062496727,0.044939777297041024,0.024916943521594685,1.023954324108202,2.4916943521594686,0.0472724877587893,True
TNFSF12,ZY002,GW6,T1 (GW5-13),maternal,EC,mVEC,vEC,158,1,7,0.042320445736385236,0.07090958680393378,0.04430379746835443,0.9552329180498382,4.430379746835443,0.0761033352830283,True
TNFSF12,ZY002,GW6,T1 (GW5-13),maternal,cDC,cDC,cDC,44,1,2,0.04404598272238364,0.07447028293196228,0.045454545454545456,0.9690116198924401,4.545454545454546,0.07938366522320701,True
TNFSF12,ZY002,GW6,T1 (GW5-13),maternal,DSC,DSC,DSC2,96,1,0,0.0,0.0,0.0,0.0,0.0,0.0,True
TNFSF12,ZY002,GW6,T1 (GW5-13),mixed,PV,PV,pvSMC,60,1,3,0.049529409506527816,0.0846584917339483,0.05,0.9905881901305563,5.0,0.09387790865053636,True
TNFSF12,ZY002,GW6,T1 (GW5-13),fetal,SCT,SCT,SCT,97,1,2,0.020935220146425078,0.03636848671607778,0.020618556701030927,1.0153581771016162,2.0618556701030926,0.03815796251743342,True
TNFSF12,ZY002,GW6,T1 (GW5-13),ambiguous,EVT,GC,GC,85,1,4,0.04541165037308842,0.07652742998411106,0.047058823529411764,0.9649975704281288,4.705882352941177,0.08162898808624919,True
TNFSF12,ZY002,GW6,T1 (GW5-13),maternal,EC,LEC,LEC,287,1,21,0.0723394379477549,0.1247373429478129,0.07665505226480836,0.9886389852859836,7.317073170731708,0.12912980597659698,True
TNFSF12,ZY002,GW6,T1 (GW5-13),maternal,Epi,cili,ciliated,76,1,2,0.025586603974890616,0.043268653387059805,0.02631578947368421,0.9722909510458434,2.6315789473684212,0.042927943300772486,True
TNFSF12,ZY002,GW6,T1 (GW5-13),fetal,EVT,EVT,EVT,6,1,1,0.17764201207978314,0.31721862707778203,0.16666666666666666,1.0658520724786988,16.666666666666668,0.32350943029989326,False
TNFSF12,ZY002,GW6,T1 (GW5-13),maternal,M,M,CD16_M,31,1,3,0.10409484598807182,0.18799141734490976,0.0967741935483871,1.0756467418767421,9.67741935483871,0.16899409083995695,True
TNFSF12,ZY002,GW6,T1 (GW5-13),maternal,B,B,B,32,1,1,0.028948997281403207,0.04766625991458206,0.03125,0.9263679130049026,3.125,0.06290613775186045,True
TNFSF12,ZY002,GW6,T1 (GW5-13),fetal,VCT,VCT,VCT_dividing,19,1,1,0.04820057897444794,0.07888426101224284,0.05263157894736842,0.9158110005145108,5.2631578947368425,0.0822003386653953,False
TNFSF12,ZY002,GW6,T1 (GW5-13),maternal,T,T,T,52,1,2,0.03628730852971738,0.060343730460114105,0.038461538461538464,0.9434700217726518,3.8461538461538463,0.08230859137076728,True
TNFSF12,ZY002,GW6,T1 (GW5-13),fetal,EC,fVEC,fEC,9,1,0,0.0,0.0,0.0,0.0,0.0,0.0,False
TNFSF12,ZY002,GW6,T1 (GW5-13),maternal,DSC,DSC,DSC4,21,1,1,0.047561025278648646,0.08166531918890005,0.047619047619047616,0.9987815308516216,4.761904761904762,0.07828401440425865,True
TNFSF12,ZY002,GW6,T1 (GW5-13),maternal,EC,mVEC,aEC,14,1,3,0.19972532513179825,0.33008165438309056,0.21428571428571427,0.9320515172817251,21.428571428571427,0.3330853697802747,False
TNFSF12,ZY002,GW6,T1 (GW5-13),ambiguous,Ery,Ery,Ery,1,1,0,0.0,0.0,0.0,0.0,0.0,0.0,False
TNFSF12,ZY002,GW6,T1 (GW5-13),fetal,VCT,VCT,EVTpro,2,1,0,0.0,0.0,0.0,0.0,0.0,0.0,False
TNFSF12,ZY002,GW6,T1 (GW5-13),fetal,VCT,VCT,avVCT,4,1,0,0.0,0.0,0.0,0.0,0.0,0.0,False
TNFSF12,ZY003,GW7,T1 (GW5-13),maternal,Epi,Epi,Epi,5256,1,63,0.01599077278908456,0.03395468670257868,0.012366818873668188,1.3340873298321976,1.1986301369863013,0.03379387803623047,True
TNFSF12,ZY003,GW7,T1 (GW5-13),maternal,DSC,DSC,DSC0,651,1,28,0.05391970815876637,0.107995542569122,0.043010752688172046,1.253633214691318,4.301075268817204,0.10877981295311162,True
TNFSF12,ZY003,GW7,T1 (GW5-13),maternal,M,M,CD14_M,641,1,24,0.05161516532852782,0.11234534685484801,0.0374414976599064,1.3785550406494307,3.7441497659906395,0.1165669857040306,True
TNFSF12,ZY003,GW7,T1 (GW5-13),maternal,DSC,DSC,DSC1,568,1,24,0.05113410881908232,0.09960882155597149,0.04225352112676056,1.2101739087182815,4.225352112676056,0.10371848038597103,True
TNFSF12,ZY003,GW7,T1 (GW5-13),maternal,dNK,dNK,dNK,1199,1,22,0.02723972269050245,0.06337818257381365,0.01834862385321101,1.4845648866323835,1.834862385321101,0.06009447944796119,True
TNFSF12,ZY003,GW7,T1 (GW5-13),maternal,EC,mVEC,vEC,327,1,11,0.0427814984917778,0.08677807353829785,0.03363914373088685,1.2717772733464854,3.363914373088685,0.08772678370482968,True
TNFSF12,ZY003,GW7,T1 (GW5-13),maternal,DSC,DSC,DSC2,338,1,5,0.017951267167306297,0.0350023559768186,0.014792899408284023,1.2135056605099055,1.4792899408284024,0.038112428615421204,True
TNFSF12,ZY003,GW7,T1 (GW5-13),maternal,DSC,DSC,DSC3,55,1,1,0.022549586768823213,0.04466179853062682,0.01818181818181818,1.2402272722852767,1.8181818181818181,0.04855736081032524,True
TNFSF12,ZY003,GW7,T1 (GW5-13),mixed,PV,PV,pvSMC,16,1,0,0.0,0.0,0.0,0.0,0.0,0.0,False
TNFSF12,ZY003,GW7,T1 (GW5-13),fetal,EVT,EVT,EVT,98,1,0,0.0,0.0,0.0,0.0,0.0,0.0,True
TNFSF12,ZY003,GW7,T1 (GW5-13),maternal,DSC,DSC,DSC4,54,1,0,0.0,0.0,0.0,0.0,0.0,0.0,True
TNFSF12,ZY003,GW7,T1 (GW5-13),fetal,VCT,VCT,VCT_dividing,31,1,0,0.0,0.0,0.0,0.0,0.0,0.0,True
TNFSF12,ZY003,GW7,T1 (GW5-13),maternal,cDC,cDC,cDC,40,1,1,0.03663280671349427,0.08322237017310254,0.025,1.4653122685397706,2.5,0.06480629398727204,True
TNFSF12,ZY003,GW7,T1 (GW5-13),maternal,M,M,CD16_M,147,1,3,0.03121268976955589,0.07402454379916419,0.02040816326530612,1.5294217987082386,2.0408163265306123,0.06130744251916369,True
TNFSF12,ZY003,GW7,T1 (GW5-13),maternal,T,T,T,70,1,1,0.022730460136218097,0.055847202055177035,0.014285714285714285,1.5911322095352667,1.4285714285714286,0.05456162462693489,True
TNFSF12,ZY003,GW7,T1 (GW5-13),maternal,B,B,B,32,1,0,0.0,0.0,0.0,0.0,0.0,0.0,True
TNFSF12,ZY003,GW7,T1 (GW5-13),maternal,EC,LEC,LEC,48,1,4,0.10121900295356541,0.1976329600014234,0.08333333333333333,1.214628035442785,8.333333333333334,0.22168770852500083,True
TNFSF12,ZY003,GW7,T1 (GW5-13),maternal,DSC,eS,eS,40,1,1,0.029644537933988767,0.05683109797681292,0.025,1.1857815173595507,2.5,0.07381435689241557,True
TNFSF12,ZY003,GW7,T1 (GW5-13),ambiguous,EVT,GC,GC,63,1,5,0.10408129539762033,0.21985069469404064,0.07936507936507936,1.3114243220100161,7.936507936507937,0.2344544947271184,True
TNFSF12,ZY003,GW7,T1 (GW5-13),fetal,HB,HB,HB,2,1,0,0.0,0.0,0.0,0.0,0.0,0.0,False
TNFSF12,ZY003,GW7,T1 (GW5-13),fetal,SCT,SCT,SCT,44,1,1,0.02742522145846848,0.05323793096105112,0.022727272727272728,1.2067097441726131,2.272727272727273,0.05977786545198044,True
TNFSF12,ZY003,GW7,T1 (GW5-13),ambiguous,Ery,Ery,Ery,17,1,0,0.0,0.0,0.0,0.0,0.0,0.0,False
TNFSF12,ZY003,GW7,T1 (GW5-13),fetal,EVT,EVT,iEVT,11,1,0,0.0,0.0,0.0,0.0,0.0,0.0,False
TNFSF12,ZY003,GW7,T1 (GW5-13),fetal,EC,fVEC,fEC,14,1,0,0.0,0.0,0.0,0.0,0.0,0.0,False
TNFSF12,ZY003,GW7,T1 (GW5-13),maternal,Epi,cili,ciliated,24,1,0,0.0,0.0,0.0,0.0,0.0,0.0,True
TNFSF12,ZY003,GW7,T1 (GW5-13),fetal,EVT,EVT,eEVT,10,1,0,0.0,0.0,0.0,0.0,0.0,0.0,False
TNFSF12,ZY003,GW7,T1 (GW5-13),maternal,EC,mVEC,aEC,9,1,0,0.0,0.0,0.0,0.0,0.0,0.0,False
TNFSF12,ZY003,GW7,T1 (GW5-13),fetal,SCT,SCT,SCT_a,2,1,0,0.0,0.0,0.0,0.0,0.0,0.0,False
TNFSF12,ZY003,GW7,T1 (GW5-13),fetal,VCT,VCT,avVCT,1,1,0,0.0,0.0,0.0,0.0,0.0,0.0,False
TNFSF12,ZY003,GW7,T1 (GW5-13),fetal,SCT,SCT,SCT_b,1,1,0,0.0,0.0,0.0,0.0,0.0,0.0,False
TNFSF12,ZY003,GW7,T1 (GW5-13),fetal,VCT,VCT,VCT,1,1,0,0.0,0.0,0.0,0.0,0.0,0.0,False
TNFSF12,ZY004,GW8,T1 (GW5-13),maternal,Epi,Epi,Epi,3185,1,30,0.011011406145778993,0.021287172424986636,0.010047095761381476,1.169044285810203,0.9419152276295133,0.02159950402138891,True
TNFSF12,ZY004,GW8,T1 (GW5-13),maternal,dNK,dNK,dNK,939,1,14,0.0198625280791738,0.04263699534214589,0.01597444089456869,1.3322081333102997,1.490947816826411,0.04387983127912341,True
TNFSF12,ZY004,GW8,T1 (GW5-13),maternal,DSC,DSC,DSC0,1395,1,12,0.01021872234442244,0.019729097968580918,0.008602150537634409,1.1879264725391085,0.8602150537634409,0.019737335538651625,True
TNFSF12,ZY004,GW8,T1 (GW5-13),maternal,DSC,DSC,DSC3,198,1,16,0.08915980111469936,0.1632211361173796,0.08080808080808081,1.1033525387944045,8.080808080808081,0.16543281359857728,True
TNFSF12,ZY004,GW8,T1 (GW5-13),maternal,EC,LEC,LEC,306,1,18,0.06414756496475121,0.11655499256105935,0.058823529411764705,1.0905086044007706,5.882352941176471,0.12181900132782711,True
TNFSF12,ZY004,GW8,T1 (GW5-13),maternal,T,T,T,131,1,7,0.07382335251043963,0.1594897756742647,0.05343511450381679,1.3815513112667988,5.343511450381679,0.1570598397989634,True
TNFSF12,ZY004,GW8,T1 (GW5-13),maternal,DSC,DSC,DSC1,606,1,27,0.05010629444838791,0.09368726310126907,0.0462046204620462,1.1246079420638178,4.455445544554456,0.09508524732012417,True
TNFSF12,ZY004,GW8,T1 (GW5-13),maternal,DSC,DSC,DSC2,584,1,5,0.01031265991396451,0.020145203743017783,0.008561643835616438,1.2045186779510548,0.8561643835616438,0.018707862877351624,True
TNFSF12,ZY004,GW8,T1 (GW5-13),fetal,EVT,EVT,EVT,23,1,0,0.0,0.0,0.0,0.0,0.0,0.0,True
TNFSF12,ZY004,GW8,T1 (GW5-13),maternal,M,M,CD14_M,294,1,11,0.04867806698980514,0.10239668357684867,0.04081632653061224,1.3010319722729737,3.741496598639456,0.10486962084388583,True
TNFSF12,ZY004,GW8,T1 (GW5-13),maternal,DSC,DSC,DSC4,4,1,0,0.0,0.0,0.0,0.0,0.0,0.0,False
TNFSF12,ZY004,GW8,T1 (GW5-13),maternal,EC,mVEC,vEC,148,1,7,0.05376307747472124,0.10049440304476946,0.0472972972972973,1.136705066608392,4.72972972972973,0.10092796050544722,True
TNFSF12,ZY004,GW8,T1 (GW5-13),mixed,PV,PV,pvSMC,46,1,1,0.025874358069802875,0.04973491291416749,0.021739130434782608,1.1902204712109323,2.1739130434782608,0.053216682365587964,True
TNFSF12,ZY004,GW8,T1 (GW5-13),ambiguous,EVT,GC,GC,50,1,3,0.0661620684370684,0.12078540840299201,0.06,1.1027011406178067,6.0,0.14831147386999016,True
TNFSF12,ZY004,GW8,T1 (GW5-13),maternal,cDC,cDC,cDC,52,1,3,0.0678516034771711,0.13007433274127392,0.057692307692307696,1.176094460270966,5.769230769230769,0.13453276769778558,True
TNFSF12,ZY004,GW8,T1 (GW5-13),maternal,B,B,B,50,1,0,0.0,0.0,0.0,0.0,0.0,0.0,True
TNFSF12,ZY004,GW8,T1 (GW5-13),fetal,VCT,VCT,EVTpro,3,1,0,0.0,0.0,0.0,0.0,0.0,0.0,False
TNFSF12,ZY004,GW8,T1 (GW5-13),maternal,DSC,eS,eS,49,1,1,0.027575467969252424,0.05840916790299405,0.02040816326530612,1.3511979304933688,2.0408163265306123,0.05192728103563769,True
TNFSF12,ZY004,GW8,T1 (GW5-13),fetal,VCT,VCT,avVCT,4,1,0,0.0,0.0,0.0,0.0,0.0,0.0,False
TNFSF12,ZY004,GW8,T1 (GW5-13),fetal,SCT,SCT,SCT,2,1,0,0.0,0.0,0.0,0.0,0.0,0.0,False
TNFSF12,ZY004,GW8,T1 (GW5-13),maternal,Epi,cili,ciliated,3,1,0,0.0,0.0,0.0,0.0,0.0,0.0,False
TNFSF12,ZY004,GW8,T1 (GW5-13),fetal,VCT,VCT,VCT_dividing,15,1,0,0.0,0.0,0.0,0.0,0.0,0.0,False
TNFSF12,ZY004,GW8,T1 (GW5-13),maternal,EC,mVEC,aEC,6,1,1,0.18689783924642137,0.34485136905993513,0.16666666666666666,1.1213870354785282,16.666666666666668,0.3218953196420524,False
TNFSF12,ZY004,GW8,T1 (GW5-13),maternal,M,M,CD16_M,17,1,1,0.06226015266784176,0.110695388430118,0.058823529411764705,1.05842259535331,5.882352941176471,0.143143429716576,False
TNFSF12,ZY004,GW8,T1 (GW5-13),fetal,SCT,SCT,SCT_b,2,1,1,0.530875908382792,0.9457159069415548,0.5,1.061751816765584,50.0,0.9509319132750095,False
TNFSF12,ZY004,GW8,T1 (GW5-13),mixed,FB,FB,FB,1,1,0,0.0,0.0,0.0,0.0,0.0,0.0,False
TNFSF12,ZY004,GW8,T1 (GW5-13),fetal,EC,fVEC,fEC,1,1,0,0.0,0.0,0.0,0.0,0.0,0.0,False
TNFSF12,ZY005,GW6,T1 (GW5-13),maternal,Epi,Epi,Epi,8441,1,83,0.010209800484149609,0.01798037790259691,0.00983295818031039,1.0383244082735765,0.9832958180310389,0.018460216032568626,True
TNFSF12,ZY005,GW6,T1 (GW5-13),maternal,M,M,CD14_M,641,1,8,0.014680030654370282,0.028075877271268982,0.0124804992199688,1.1762374561814188,1.24804992199688,0.026756550839787795,True
TNFSF12,ZY005,GW6,T1 (GW5-13),maternal,DSC,DSC,DSC1,1194,1,47,0.041610858216521336,0.07430405101205699,0.03936348408710218,1.0570928661814143,3.936348408710218,0.07677081689702812,True
TNFSF12,ZY005,GW6,T1 (GW5-13),maternal,DSC,DSC,DSC0,3029,1,36,0.01330784851361014,0.024675878631548808,0.01188511059755695,1.1197075874368088,1.188511059755695,0.02480311152278152,True
TNFSF12,ZY005,GW6,T1 (GW5-13),maternal,DSC,DSC,DSC2,551,1,4,0.007867894439500237,0.014287536661441263,0.007259528130671506,1.0838024590411577,0.7259528130671506,0.014076814360602938,True
TNFSF12,ZY005,GW6,T1 (GW5-13),maternal,dNK,dNK,dNK,1271,1,21,0.01873647711126615,0.03524677199326346,0.016522423288749016,1.1340029718294895,1.6522423288749017,0.03829758132536987,True
TNFSF12,ZY005,GW6,T1 (GW5-13),maternal,DSC,DSC,DSC3,222,1,9,0.04205094210421651,0.07421006520682076,0.04054054054054054,1.0372565719040072,4.054054054054054,0.07783534710673043,True
TNFSF12,ZY005,GW6,T1 (GW5-13),ambiguous,EVT,GC,GC,150,1,3,0.02030617140326686,0.03524173844899963,0.02,1.0153085701633429,2.0,0.041741685751892986,True
TNFSF12,ZY005,GW6,T1 (GW5-13),mixed,PV,PV,pvSMC,284,1,1,0.004216880712031551,0.00814133355043556,0.0035211267605633804,1.1975941222169606,0.352112676056338,0.007471144571877267,True
TNFSF12,ZY005,GW6,T1 (GW5-13),maternal,EC,LEC,LEC,502,1,17,0.03627140021325118,0.06553970179977416,0.03386454183266932,1.071073112179535,3.3864541832669324,0.06559016487052502,True
TNFSF12,ZY005,GW6,T1 (GW5-13),maternal,DSC,eS,eS,284,1,3,0.01088114203239553,0.01905645042767093,0.01056338028169014,1.0300814457334435,1.056338028169014,0.019525072145141577,True
TNFSF12,ZY005,GW6,T1 (GW5-13),maternal,T,T,T,202,1,5,0.030241866130828576,0.05938684326098431,0.024752475247524754,1.2217713916854744,2.4752475247524752,0.06362553572701082,True
TNFSF12,ZY005,GW6,T1 (GW5-13),maternal,B,B,B,53,1,0,0.0,0.0,0.0,0.0,0.0,0.0,True
TNFSF12,ZY005,GW6,T1 (GW5-13),fetal,VCT,VCT,EVTpro,5,1,0,0.0,0.0,0.0,0.0,0.0,0.0,False
TNFSF12,ZY005,GW6,T1 (GW5-13),maternal,M,M,CD16_M,28,1,0,0.0,0.0,0.0,0.0,0.0,0.0,True
TNFSF12,ZY005,GW6,T1 (GW5-13),maternal,EC,mVEC,vEC,172,1,3,0.017243722799862266,0.02943603182243595,0.01744186046511628,0.9886401071921033,1.744186046511628,0.03335141721288876,True
TNFSF12,ZY005,GW6,T1 (GW5-13),maternal,cDC,cDC,cDC,68,1,1,0.014648252954832672,0.025112504018000643,0.014705882352941176,0.9960812009286217,1.4705882352941178,0.02903996770755591,True
TNFSF12,ZY005,GW6,T1 (GW5-13),fetal,EVT,EVT,EVT,31,1,0,0.0,0.0,0.0,0.0,0.0,0.0,True
TNFSF12,ZY005,GW6,T1 (GW5-13),fetal,VCT,VCT,VCT_dividing,13,1,0,0.0,0.0,0.0,0.0,0.0,0.0,False
TNFSF12,ZY005,GW6,T1 (GW5-13),maternal,DSC,DSC,DSC4,13,1,1,0.07620981640101634,0.13024564328323218,0.07692307692307693,0.9907276132132126,7.6923076923076925,0.14087880196666808,False
TNFSF12,ZY005,GW6,T1 (GW5-13),maternal,EC,mVEC,aEC,24,1,4,0.17707142919801844,0.31776132754466574,0.16666666666666666,1.0624285751881106,16.666666666666668,0.2959893443836022,True
TNFSF12,ZY005,GW6,T1 (GW5-13),maternal,Epi,cili,ciliated,19,1,0,0.0,0.0,0.0,0.0,0.0,0.0,False
TNFSF12,ZY005,GW6,T1 (GW5-13),fetal,SCT,SCT,SCT,20,1,1,0.049653775526490695,0.0849762066621346,0.05,0.9930755105298139,5.0,0.09888555974171091,True
TNFSF12,ZY005,GW6,T1 (GW5-13),fetal,EC,fVEC,fEC,8,1,1,0.12796296430236015,0.22293561619404317,0.125,1.0237037144188812,12.5,0.21876572378639714,False
TNFSF12,ZY005,GW6,T1 (GW5-13),fetal,VCT,VCT,avVCT,2,1,0,0.0,0.0,0.0,0.0,0.0,0.0,False
TNFSF12,ZY007,GW19,T2 (GW14-27),fetal,SCT,SCT,SCT,8724,1,0,0.0,0.0,0.0,0.0,0.0,0.0,True
TNFSF12,ZY007,GW19,T2 (GW14-27),fetal,VCT,VCT,VCT,2160,1,0,0.0,0.0,0.0,0.0,0.0,0.0,True
TNFSF12,ZY007,GW19,T2 (GW14-27),fetal,VCT,VCT,SCT_pro,128,1,0,0.0,0.0,0.0,0.0,0.0,0.0,True
TNFSF12,ZY007,GW19,T2 (GW14-27),fetal,VCT,VCT,fvVCT,347,1,0,0.0,0.0,0.0,0.0,0.0,0.0,True
TNFSF12,ZY007,GW19,T2 (GW14-27),fetal,SCT,SCT,SCT_a,476,1,0,0.0,0.0,0.0,0.0,0.0,0.0,True
TNFSF12,ZY007,GW19,T2 (GW14-27),mixed,FB,FB,FB,148,1,0,0.0,0.0,0.0,0.0,0.0,0.0,True
TNFSF12,ZY007,GW19,T2 (GW14-27),fetal,VCT,VCT,avVCT,366,1,0,0.0,0.0,0.0,0.0,0.0,0.0,True
TNFSF12,ZY007,GW19,T2 (GW14-27),maternal,M,M,CD16_M,140,1,0,0.0,0.0,0.0,0.0,0.0,0.0,True
TNFSF12,ZY007,GW19,T2 (GW14-27),fetal,HB,HB,HB,104,1,0,0.0,0.0,0.0,0.0,0.0,0.0,True
TNFSF12,ZY007,GW19,T2 (GW14-27),fetal,EC,fVEC,fEC,169,1,0,0.0,0.0,0.0,0.0,0.0,0.0,True
TNFSF12,ZY007,GW19,T2 (GW14-27),fetal,SCT,SCT,SCT_b,281,1,0,0.0,0.0,0.0,0.0,0.0,0.0,True
TNFSF12,ZY007,GW19,T2 (GW14-27),fetal,VCT,VCT,VCT_dividing,372,1,0,0.0,0.0,0.0,0.0,0.0,0.0,True
TNFSF12,ZY007,GW19,T2 (GW14-27),mixed,PV,PV,pvSMC,99,1,0,0.0,0.0,0.0,0.0,0.0,0.0,True
TNFSF12,ZY007,GW19,T2 (GW14-27),maternal,dNK,dNK,dNK,12,1,0,0.0,0.0,0.0,0.0,0.0,0.0,False
TNFSF12,ZY007,GW19,T2 (GW14-27),fetal,VCT,VCT,EVTpro,48,1,0,0.0,0.0,0.0,0.0,0.0,0.0,True
TNFSF12,ZY007,GW19,T2 (GW14-27),ambiguous,EVT,GC,GC,110,1,0,0.0,0.0,0.0,0.0,0.0,0.0,True
TNFSF12,ZY007,GW19,T2 (GW14-27),ambiguous,Ery,Ery,Ery,5,1,0,0.0,0.0,0.0,0.0,0.0,0.0,False
TNFSF12,ZY007,GW19,T2 (GW14-27),maternal,Epi,Epi,Epi,7,1,0,0.0,0.0,0.0,0.0,0.0,0.0,False
TNFSF12,ZY007,GW19,T2 (GW14-27),fetal,EVT,EVT,EVT,24,1,0,0.0,0.0,0.0,0.0,0.0,0.0,True
TNFSF12,ZY007,GW19,T2 (GW14-27),maternal,DSC,DSC,DSC3,14,1,0,0.0,0.0,0.0,0.0,0.0,0.0,False
TNFSF12,ZY007,GW19,T2 (GW14-27),maternal,DSC,eS,eS,7,1,0,0.0,0.0,0.0,0.0,0.0,0.0,False
TNFSF12,ZY007,GW19,T2 (GW14-27),fetal,EVT,EVT,iEVT,30,1,0,0.0,0.0,0.0,0.0,0.0,0.0,True
TNFSF12,ZY007,GW19,T2 (GW14-27),maternal,M,M,CD14_M,7,1,0,0.0,0.0,0.0,0.0,0.0,0.0,False
TNFSF12,ZY007,GW19,T2 (GW14-27),maternal,cDC,cDC,cDC,1,1,0,0.0,0.0,0.0,0.0,0.0,0.0,False
TNFSF12,ZY007,GW19,T2 (GW14-27),maternal,EC,mVEC,vEC,5,1,0,0.0,0.0,0.0,0.0,0.0,0.0,False
TNFSF12,ZY007,GW19,T2 (GW14-27),maternal,EC,mVEC,aEC,3,1,0,0.0,0.0,0.0,0.0,0.0,0.0,False
TNFSF12,ZY007,GW19,T2 (GW14-27),maternal,T,T,T,9,1,0,0.0,0.0,0.0,0.0,0.0,0.0,False
TNFSF12,ZY007,GW19,T2 (GW14-27),fetal,EVT,EVT,pEVT,3,1,0,0.0,0.0,0.0,0.0,0.0,0.0,False
TNFSF12,ZY007,GW19,T2 (GW14-27),maternal,B,B,B,4,1,0,0.0,0.0,0.0,0.0,0.0,0.0,False
TNFSF12,ZY007,GW19,T2 (GW14-27),maternal,DSC,DSC,DSC4,1,1,0,0.0,0.0,0.0,0.0,0.0,0.0,False
TNFSF12,ZY007,GW19,T2 (GW14-27),maternal,DSC,DSC,DSC2,1,1,0,0.0,0.0,0.0,0.0,0.0,0.0,False
TNFSF12,ZY007,GW19,T2 (GW14-27),fetal,EVT,EVT,eEVT,1,1,0,0.0,0.0,0.0,0.0,0.0,0.0,False
TNFSF12,ZY009,GW10,T1 (GW5-13),maternal,M,M,CD14_M,1292,1,35,0.036091221422845064,0.07639901653934543,0.027089783281733747,1.332281659380452,2.708978328173375,0.07500452705895463,True
TNFSF12,ZY009,GW10,T1 (GW5-13),maternal,Epi,Epi,Epi,6174,1,50,0.010925399661497895,0.023250305783938822,0.008098477486232589,1.34906835020176,0.8098477486232588,0.02311021636570309,True
TNFSF12,ZY009,GW10,T1 (GW5-13),maternal,DSC,DSC,DSC2,1055,1,4,0.004740229803729972,0.0094643840574705,0.0037914691943127963,1.25023561073378,0.3791469194312796,0.009595388839939078,True
TNFSF12,ZY009,GW10,T1 (GW5-13),mixed,PV,PV,pvSMC,85,1,4,0.05773931497909677,0.11362290397341965,0.047058823529411764,1.2269604433058063,4.705882352941177,0.12027253757013392,True
TNFSF12,ZY009,GW10,T1 (GW5-13),maternal,EC,LEC,LEC,325,1,8,0.030907781470642725,0.062203144981829855,0.024615384615384615,1.2556286222448607,2.4615384615384617,0.0648734036074478,True
TNFSF12,ZY009,GW10,T1 (GW5-13),maternal,DSC,DSC,DSC4,644,1,8,0.016011034069519554,0.03288946940847937,0.012422360248447204,1.288888242596324,1.2422360248447204,0.03204492698763667,True
TNFSF12,ZY009,GW10,T1 (GW5-13),maternal,EC,mVEC,vEC,760,1,8,0.013045572003615478,0.025851324332717432,0.010526315789473684,1.2393293403434704,1.0526315789473684,0.02774180975083,True
TNFSF12,ZY009,GW10,T1 (GW5-13),maternal,DSC,DSC,DSC0,1045,1,15,0.018367295403660465,0.03750371794472847,0.014354066985645933,1.2795882464550123,1.4354066985645932,0.037689862683266954,True
TNFSF12,ZY009,GW10,T1 (GW5-13),maternal,EC,mVEC,aEC,41,1,1,0.03286837247052505,0.06946808288931651,0.024390243902439025,1.347603271291527,2.4390243902439024,0.06120700208103807,True
TNFSF12,ZY009,GW10,T1 (GW5-13),maternal,dNK,dNK,dNK,1403,1,12,0.01087615088196468,0.022103480014511127,0.008553100498930863,1.271603307283037,0.8553100498930862,0.02376178336936544,True
TNFSF12,ZY009,GW10,T1 (GW5-13),maternal,DSC,DSC,DSC1,144,1,3,0.02572479523156062,0.05086460038864987,0.020833333333333332,1.2347901711149099,2.0833333333333335,0.053579369799452416,True
TNFSF12,ZY009,GW10,T1 (GW5-13),maternal,DSC,DSC,DSC3,572,1,11,0.024289221557779083,0.04895303072747187,0.019230769230769232,1.2630395210045124,1.9230769230769231,0.05280740993576219,True
TNFSF12,ZY009,GW10,T1 (GW5-13),fetal,VCT,VCT,VCT_dividing,60,1,1,0.01968182981214559,0.037622272385252065,0.016666666666666666,1.1809097887287352,1.6666666666666667,0.043588368879648155,True
TNFSF12,ZY009,GW10,T1 (GW5-13),fetal,EC,fVEC,fEC,44,1,1,0.030046156938910662,0.06252344629235963,0.022727272727272728,1.3220309053120691,2.272727272727273,0.05872956211238489,True
TNFSF12,ZY009,GW10,T1 (GW5-13),maternal,M,M,CD16_M,288,1,7,0.033102642824674615,0.07122466781827458,0.024305555555555556,1.3619373047866128,2.4305555555555554,0.07108208254254517,True
TNFSF12,ZY009,GW10,T1 (GW5-13),maternal,DSC,eS,eS,226,1,1,0.006254536240560486,0.013762919941094702,0.004424778761061947,1.41352519036667,0.4424778761061947,0.014020643996220035,True
TNFSF12,ZY009,GW10,T1 (GW5-13),fetal,SCT,SCT,SCT,62,1,0,0.0,0.0,0.0,0.0,0.0,0.0,True
TNFSF12,ZY009,GW10,T1 (GW5-13),maternal,B,B,B,44,1,0,0.0,0.0,0.0,0.0,0.0,0.0,True
TNFSF12,ZY009,GW10,T1 (GW5-13),maternal,cDC,cDC,cDC,37,1,2,0.073730712735617,0.15945329571861655,0.05405405405405406,1.3640181856089146,5.405405405405405,0.1362119457876456,True
TNFSF12,ZY009,GW10,T1 (GW5-13),fetal,SCT,SCT,SCT_b,6,1,0,0.0,0.0,0.0,0.0,0.0,0.0,False
TNFSF12,ZY009,GW10,T1 (GW5-13),maternal,Epi,cili,ciliated,25,1,1,0.04858590714360791,0.09476427386875148,0.04,1.2146476785901976,4.0,0.10441247102553929,True
TNFSF12,ZY009,GW10,T1 (GW5-13),fetal,VCT,VCT,avVCT,19,1,1,0.06652347067365227,0.13365053059260645,0.05263157894736842,1.2639459427993933,5.2631578947368425,0.13691690513027643,False
TNFSF12,ZY009,GW10,T1 (GW5-13),ambiguous,EVT,GC,GC,31,1,2,0.10191908749328478,0.2486969932499986,0.06451612903225806,1.5797458561459141,6.451612903225806,0.1935808587246893,True
TNFSF12,ZY009,GW10,T1 (GW5-13),maternal,T,T,T,22,1,1,0.07440330378946793,0.18813967489464176,0.045454545454545456,1.6368726833682943,4.545454545454546,0.1557098813490704,True
TNFSF12,ZY009,GW10,T1 (GW5-13),fetal,VCT,VCT,fvVCT,1,1,0,0.0,0.0,0.0,0.0,0.0,0.0,False
TNFSF12,ZY009,GW10,T1 (GW5-13),fetal,EVT,EVT,EVT,1,1,0,0.0,0.0,0.0,0.0,0.0,0.0,False
TNFSF12,ZY009,GW10,T1 (GW5-13),fetal,VCT,VCT,EVTpro,2,1,0,0.0,0.0,0.0,0.0,0.0,0.0,False
TNFSF12,ZY009,GW10,T1 (GW5-13),fetal,HB,HB,HB,1,1,0,0.0,0.0,0.0,0.0,0.0,0.0,False
TNFSF12,ZY025,GW17,T2 (GW14-27),fetal,VCT,VCT,VCT,554,1,0,0.0,0.0,0.0,0.0,0.0,0.0,True
TNFSF12,ZY025,GW17,T2 (GW14-27),fetal,SCT,SCT,SCT,4283,1,0,0.0,0.0,0.0,0.0,0.0,0.0,True
TNFSF12,ZY025,GW17,T2 (GW14-27),fetal,VCT,VCT,VCT_dividing,163,1,0,0.0,0.0,0.0,0.0,0.0,0.0,True
TNFSF12,ZY025,GW17,T2 (GW14-27),fetal,SCT,SCT,SCT_b,56,1,0,0.0,0.0,0.0,0.0,0.0,0.0,True
TNFSF12,ZY025,GW17,T2 (GW14-27),fetal,SCT,SCT,SCT_a,231,1,0,0.0,0.0,0.0,0.0,0.0,0.0,True
TNFSF12,ZY025,GW17,T2 (GW14-27),mixed,FB,FB,FB,434,1,0,0.0,0.0,0.0,0.0,0.0,0.0,True
TNFSF12,ZY025,GW17,T2 (GW14-27),fetal,VCT,VCT,EVTpro,17,1,0,0.0,0.0,0.0,0.0,0.0,0.0,False
TNFSF12,ZY025,GW17,T2 (GW14-27),maternal,DSC,DSC,DSC3,35,1,0,0.0,0.0,0.0,0.0,0.0,0.0,True
TNFSF12,ZY025,GW17,T2 (GW14-27),fetal,HB,HB,HB,307,1,0,0.0,0.0,0.0,0.0,0.0,0.0,True
TNFSF12,ZY025,GW17,T2 (GW14-27),fetal,VCT,VCT,fvVCT,115,1,0,0.0,0.0,0.0,0.0,0.0,0.0,True
TNFSF12,ZY025,GW17,T2 (GW14-27),maternal,dNK,dNK,dNK,181,1,0,0.0,0.0,0.0,0.0,0.0,0.0,True
TNFSF12,ZY025,GW17,T2 (GW14-27),mixed,PV,PV,pvSMC,56,1,1,0.025561396663148255,0.05686988171064604,0.017857142857142856,1.4314382131363024,1.7857142857142858,0.059638115912642085,True
TNFSF12,ZY025,GW17,T2 (GW14-27),fetal,VCT,VCT,avVCT,135,1,0,0.0,0.0,0.0,0.0,0.0,0.0,True
TNFSF12,ZY025,GW17,T2 (GW14-27),maternal,T,T,T,21,1,0,0.0,0.0,0.0,0.0,0.0,0.0,True
TNFSF12,ZY025,GW17,T2 (GW14-27),maternal,M,M,CD14_M,163,1,0,0.0,0.0,0.0,0.0,0.0,0.0,True
TNFSF12,ZY025,GW17,T2 (GW14-27),ambiguous,EVT,GC,GC,35,1,0,0.0,0.0,0.0,0.0,0.0,0.0,True
TNFSF12,ZY025,GW17,T2 (GW14-27),maternal,Epi,Epi,Epi,64,1,0,0.0,0.0,0.0,0.0,0.0,0.0,True
TNFSF12,ZY025,GW17,T2 (GW14-27),fetal,VCT,VCT,SCT_pro,65,1,0,0.0,0.0,0.0,0.0,0.0,0.0,True
TNFSF12,ZY025,GW17,T2 (GW14-27),maternal,DSC,DSC,DSC0,8,1,0,0.0,0.0,0.0,0.0,0.0,0.0,False
TNFSF12,ZY025,GW17,T2 (GW14-27),fetal,EC,fVEC,fEC,52,1,0,0.0,0.0,0.0,0.0,0.0,0.0,True
TNFSF12,ZY025,GW17,T2 (GW14-27),fetal,EVT,EVT,iEVT,42,1,0,0.0,0.0,0.0,0.0,0.0,0.0,True
TNFSF12,ZY025,GW17,T2 (GW14-27),maternal,DSC,DSC,DSC4,13,1,0,0.0,0.0,0.0,0.0,0.0,0.0,False
TNFSF12,ZY025,GW17,T2 (GW14-27),maternal,EC,mVEC,vEC,24,1,0,0.0,0.0,0.0,0.0,0.0,0.0,True
TNFSF12,ZY025,GW17,T2 (GW14-27),fetal,EVT,EVT,EVT,57,1,0,0.0,0.0,0.0,0.0,0.0,0.0,True
TNFSF12,ZY025,GW17,T2 (GW14-27),maternal,DSC,eS,eS,32,1,0,0.0,0.0,0.0,0.0,0.0,0.0,True
TNFSF12,ZY025,GW17,T2 (GW14-27),maternal,M,M,CD16_M,24,1,0,0.0,0.0,0.0,0.0,0.0,0.0,True
TNFSF12,ZY025,GW17,T2 (GW14-27),fetal,EVT,EVT,pEVT,6,1,0,0.0,0.0,0.0,0.0,0.0,0.0,False
TNFSF12,ZY025,GW17,T2 (GW14-27),maternal,DSC,DSC,DSC1,12,1,0,0.0,0.0,0.0,0.0,0.0,0.0,False
TNFSF12,ZY025,GW17,T2 (GW14-27),fetal,EVT,EVT,eEVT,2,1,0,0.0,0.0,0.0,0.0,0.0,0.0,False
TNFSF12,ZY025,GW17,T2 (GW14-27),ambiguous,Ery,Ery,Ery,2,1,0,0.0,0.0,0.0,0.0,0.0,0.0,False
TNFSF12,ZY025,GW17,T2 (GW14-27),maternal,DSC,DSC,DSC2,7,1,0,0.0,0.0,0.0,0.0,0.0,0.0,False
TNFSF12,ZY025,GW17,T2 (GW14-27),maternal,EC,mVEC,aEC,9,1,0,0.0,0.0,0.0,0.0,0.0,0.0,False
TNFSF12,ZY025,GW17,T2 (GW14-27),maternal,B,B,B,4,1,0,0.0,0.0,0.0,0.0,0.0,0.0,False
TNFSF12,ZY025,GW17,T2 (GW14-27),maternal,EC,LEC,LEC,5,1,0,0.0,0.0,0.0,0.0,0.0,0.0,False
TNFSF12,ZY025,GW17,T2 (GW14-27),maternal,cDC,cDC,cDC,3,1,0,0.0,0.0,0.0,0.0,0.0,0.0,False
TNFRSF12A,ZY011,GW39,T3 (GW28-40),fetal,SCT,SCT,SCT,11035,1,1672,0.23213545459073423,0.581415083447951,0.1773448119619393,1.5320662328999715,15.151789759855006,0.5905104695967371,True
TNFRSF12A,ZY011,GW39,T3 (GW28-40),fetal,EVT,EVT,iEVT,197,1,20,0.13621213648785194,0.28976418653072633,0.1065989847715736,1.3416895444053416,10.152284263959391,0.29635943601388093,True
TNFRSF12A,ZY011,GW39,T3 (GW28-40),fetal,SCT,SCT,SCT_a,790,1,100,0.17865927718351524,0.3994749610845815,0.1341772151898734,1.4114082897497704,12.658227848101266,0.4043724102045285,True
TNFRSF12A,ZY011,GW39,T3 (GW28-40),mixed,PV,PV,pvSMC,989,1,186,0.2620207387024088,0.5809858775925941,0.19919110212335692,1.393217798799367,18.806875631951467,0.5849564637986182,True
TNFRSF12A,ZY011,GW39,T3 (GW28-40),mixed,FB,FB,FB,993,1,237,0.33618676521359986,0.7652964155473447,0.2608257804632427,1.4085799909582475,23.867069486404834,0.7597745435045731,True
TNFRSF12A,ZY011,GW39,T3 (GW28-40),ambiguous,EVT,GC,GC,468,1,133,0.46114778266759754,1.2592640005876132,0.3803418803418803,1.6226854307401175,28.418803418803417,1.2411879144556555,True
TNFRSF12A,ZY011,GW39,T3 (GW28-40),fetal,EC,fVEC,fEC,1027,1,153,0.21278850026096335,0.48599392026706506,0.1626095423563778,1.4283254233203226,14.89776046738072,0.48664664907356464,True
TNFRSF12A,ZY011,GW39,T3 (GW28-40),fetal,SCT,SCT,SCT_b,486,1,76,0.26839728701624976,0.7847618621512715,0.2222222222222222,1.716330019603913,15.637860082304528,0.7970973846349146,True
TNFRSF12A,ZY011,GW39,T3 (GW28-40),maternal,M,M,CD14_M,251,1,46,0.25719505106439355,0.5830311811254996,0.20318725099601595,1.4033903873296256,18.326693227091635,0.5917564840846513,True
TNFRSF12A,ZY011,GW39,T3 (GW28-40),fetal,EVT,EVT,EVT,261,1,29,0.15340349608414106,0.33797970615730144,0.11877394636015326,1.3806314647572695,11.11111111111111,0.33763619808571166,True
TNFRSF12A,ZY011,GW39,T3 (GW28-40),maternal,dNK,dNK,dNK,104,1,15,0.20877402802938352,0.4844991637992344,0.15384615384615385,1.4474999276703924,14.423076923076923,0.48042854225969567,True
TNFRSF12A,ZY011,GW39,T3 (GW28-40),fetal,VCT,VCT,VCT,691,1,107,0.20877669413899297,0.44616575794231017,0.1577424023154848,1.3482681836452723,15.48480463096961,0.4508066544025199,True
TNFRSF12A,ZY011,GW39,T3 (GW28-40),maternal,EC,mVEC,vEC,45,1,5,0.16864219407102332,0.4110665512945589,0.13333333333333333,1.5177797466392098,11.11111111111111,0.39902637564343,True
TNFRSF12A,ZY011,GW39,T3 (GW28-40),fetal,VCT,VCT,avVCT,270,1,58,0.29712527530987937,0.6521248186281395,0.2222222222222222,1.3831693850632314,21.48148148148148,0.6523724611838385,True
TNFRSF12A,ZY011,GW39,T3 (GW28-40),fetal,VCT,VCT,SCT_pro,147,1,19,0.1802892744454804,0.40154928080625313,0.14285714285714285,1.394869649657138,12.92517006802721,0.4183166936248536,True
TNFRSF12A,ZY011,GW39,T3 (GW28-40),maternal,M,M,CD16_M,142,1,22,0.21688092565349437,0.4865343084142157,0.1619718309859155,1.3998677928543728,15.492957746478874,0.48868378334735646,True
TNFRSF12A,ZY011,GW39,T3 (GW28-40),fetal,VCT,VCT,VCT_dividing,398,1,66,0.2217815840289072,0.4742913536233017,0.1708542713567839,1.3374101582349254,16.582914572864322,0.4675445043925119,True
TNFRSF12A,ZY011,GW39,T3 (GW28-40),maternal,DSC,DSC,DSC3,124,1,38,0.4715083774224101,1.1965761951687,0.3629032258064516,1.5386062842204962,30.64516129032258,1.1563278112256303,True
TNFRSF12A,ZY011,GW39,T3 (GW28-40),fetal,HB,HB,HB,713,1,100,0.19421487479879546,0.42863366601308656,0.1458625525946704,1.3847520573154117,14.025245441795231,0.44427319041976127,True
TNFRSF12A,ZY011,GW39,T3 (GW28-40),fetal,EVT,EVT,pEVT,27,1,4,0.19498202609477208,0.40458324436038046,0.14814814814814814,1.3161286761397115,14.814814814814815,0.41231162512627045,True
TNFRSF12A,ZY011,GW39,T3 (GW28-40),fetal,VCT,VCT,EVTpro,45,1,10,0.33607373954825237,0.8517910528101565,0.26666666666666666,1.5123318279671358,22.22222222222222,0.8491907919411794,True
TNFRSF12A,ZY011,GW39,T3 (GW28-40),maternal,EC,mVEC,aEC,15,1,3,0.27170419369799453,0.5792513745149604,0.2,1.3585209684899728,20.0,0.5703747362016846,False
TNFRSF12A,ZY011,GW39,T3 (GW28-40),maternal,DSC,DSC,DSC1,34,1,10,0.42635384302389717,0.9903279520039435,0.35294117647058826,1.4496030662812505,29.41176470588235,1.014010241503439,True
TNFRSF12A,ZY011,GW39,T3 (GW28-40),fetal,VCT,VCT,fvVCT,66,1,12,0.2373181918661254,0.4895252985259166,0.18181818181818182,1.3052500552636899,18.181818181818183,0.5069108850664054,True
TNFRSF12A,ZY011,GW39,T3 (GW28-40),maternal,EC,LEC,LEC,2,1,0,0.0,0.0,0.0,0.0,0.0,0.0,False
TNFRSF12A,ZY011,GW39,T3 (GW28-40),maternal,T,T,T,41,1,5,0.18231769020456468,0.43430262444495266,0.14634146341463414,1.4950050596774305,12.195121951219512,0.4491152429713465,True
TNFRSF12A,ZY011,GW39,T3 (GW28-40),maternal,DSC,DSC,DSC0,20,1,3,0.22240350819677288,0.5384912553177565,0.2,1.4826900546451525,15.0,0.5522649767358379,True
TNFRSF12A,ZY011,GW39,T3 (GW28-40),maternal,DSC,eS,eS,25,1,4,0.28645587838039366,0.8705158472087783,0.24,1.7903492398774603,16.0,0.7283055970285132,True
TNFRSF12A,ZY011,GW39,T3 (GW28-40),maternal,DSC,DSC,DSC2,7,1,0,0.0,0.0,0.0,0.0,0.0,0.0,False
TNFRSF12A,ZY011,GW39,T3 (GW28-40),maternal,DSC,DSC,DSC4,15,1,4,0.3798703526233202,0.8729761840886356,0.3333333333333333,1.4245138223374507,26.666666666666668,0.9033260465032249,False
TNFRSF12A,ZY011,GW39,T3 (GW28-40),maternal,B,B,B,10,1,1,0.126962249442354,0.2559508574353724,0.1,1.2696224944235401,10.0,0.310539718029936,False
TNFRSF12A,ZY011,GW39,T3 (GW28-40),maternal,cDC,cDC,cDC,2,1,1,0.6952167978140349,1.5082956259426847,0.5,1.3904335956280698,50.0,1.5417823003391922,False
TNFRSF12A,ZY011,GW39,T3 (GW28-40),maternal,Epi,Epi,Epi,8,1,2,0.4470545889116894,1.3794822429263933,0.375,1.7882183556467577,25.0,1.3863856924996534,False
TNFRSF12A,ZY011,GW39,T3 (GW28-40),maternal,Epi,cili,ciliated,1,1,0,0.0,0.0,0.0,0.0,0.0,0.0,False
TNFRSF12A,ZY012,GW22,T2 (GW14-27),fetal,SCT,SCT,SCT,4306,1,458,0.1427877981897944,0.3224549020018663,0.13562470970738505,1.3424547139852723,10.636321411983278,0.32480078699675624,True
TNFRSF12A,ZY012,GW22,T2 (GW14-27),maternal,dNK,dNK,dNK,722,1,44,0.0759887058468016,0.16112642299135535,0.07063711911357341,1.2469055823043353,6.094182825484765,0.16572404347169126,True
TNFRSF12A,ZY012,GW22,T2 (GW14-27),maternal,Epi,Epi,Epi,960,1,91,0.11009088186200029,0.21395506561421584,0.103125,1.1613983141485744,9.479166666666666,0.22734527317027242,True
TNFRSF12A,ZY012,GW22,T2 (GW14-27),maternal,DSC,DSC,DSC3,1416,1,271,0.22412434128624137,0.43989033489213397,0.2132768361581921,1.1710703588978517,19.138418079096045,0.44608152095482717,True
TNFRSF12A,ZY012,GW22,T2 (GW14-27),ambiguous,EVT,GC,GC,172,1,66,0.4780745551539761,1.00357126101996,0.47674418604651164,1.2458912649467255,38.372093023255815,0.9916004188907135,True
TNFRSF12A,ZY012,GW22,T2 (GW14-27),maternal,M,M,CD14_M,722,1,38,0.057994163377679084,0.1066981502420283,0.054016620498614956,1.1018891041759027,5.2631578947368425,0.11676992821044696,True
TNFRSF12A,ZY012,GW22,T2 (GW14-27),fetal,VCT,VCT,VCT,1458,1,138,0.10144317765145573,0.1831481332734653,0.09670781893004116,1.0717692247523367,9.465020576131687,0.1851359955189211,True
TNFRSF12A,ZY012,GW22,T2 (GW14-27),fetal,HB,HB,HB,233,1,15,0.07235529179723842,0.13887010477226788,0.06866952789699571,1.1239188659171035,6.437768240343348,0.14977921607430547,True
TNFRSF12A,ZY012,GW22,T2 (GW14-27),fetal,VCT,VCT,avVCT,487,1,32,0.0773755810990208,0.15289745024796378,0.07186858316221766,1.177559624850723,6.570841889117043,0.1577275693370395,True
TNFRSF12A,ZY012,GW22,T2 (GW14-27),mixed,PV,PV,pvSMC,57,1,9,0.18113400618123515,0.34023046962961284,0.15789473684210525,1.1471820391478227,15.789473684210526,0.33156620824568317,True
TNFRSF12A,ZY012,GW22,T2 (GW14-27),maternal,T,T,T,70,1,1,0.027137596382575742,0.08119189704867454,0.02857142857142857,1.8996317467803019,1.4285714285714286,0.08199510489223794,True
TNFRSF12A,ZY012,GW22,T2 (GW14-27),fetal,VCT,VCT,VCT_dividing,300,1,17,0.06017550316884236,0.10735071568824622,0.056666666666666664,1.0619206441560416,5.666666666666667,0.10721696298492026,True
TNFRSF12A,ZY012,GW22,T2 (GW14-27),fetal,EC,fVEC,fEC,81,1,6,0.09529087540903423,0.2119662705845462,0.1111111111111111,1.2864268180219622,7.407407407407407,0.23157082207641838,True
TNFRSF12A,ZY012,GW22,T2 (GW14-27),maternal,DSC,DSC,DSC4,116,1,14,0.13393292931541795,0.2494319729346706,0.12931034482758622,1.1097299857563203,12.068965517241379,0.25825334653294885,True
TNFRSF12A,ZY012,GW22,T2 (GW14-27),maternal,DSC,DSC,DSC1,62,1,4,0.07009038037502094,0.12673985654250874,0.06451612903225806,1.0864008958128246,6.451612903225806,0.12404754742492798,True
TNFRSF12A,ZY012,GW22,T2 (GW14-27),mixed,FB,FB,FB,130,1,16,0.1365719513266729,0.252212118026141,0.12307692307692308,1.1096471045292173,12.307692307692308,0.24419875336536406,True
TNFRSF12A,ZY012,GW22,T2 (GW14-27),fetal,VCT,VCT,fvVCT,156,1,6,0.0456868604263608,0.09037637647093955,0.04487179487179487,1.1878583710853807,3.8461538461538463,0.08759964459572764,True
TNFRSF12A,ZY012,GW22,T2 (GW14-27),maternal,DSC,DSC,DSC0,72,1,7,0.10984365159588853,0.20482952782473027,0.09722222222222222,1.1298204164148535,9.722222222222221,0.19804781440090535,True
TNFRSF12A,ZY012,GW22,T2 (GW14-27),fetal,SCT,SCT,SCT_b,227,1,18,0.13911923971149626,0.4063039187674613,0.14537444933920704,1.7544481896949806,7.929515418502203,0.40280842919360194,True
TNFRSF12A,ZY012,GW22,T2 (GW14-27),maternal,EC,mVEC,aEC,63,1,19,0.3593514306589864,0.719674028193367,0.3968253968253968,1.1915336911324286,30.158730158730158,0.7423089371026791,True
TNFRSF12A,ZY012,GW22,T2 (GW14-27),maternal,M,M,CD16_M,113,1,10,0.09813927268471696,0.18166323616191274,0.08849557522123894,1.1089737813373017,8.849557522123893,0.1897115625403137,True
TNFRSF12A,ZY012,GW22,T2 (GW14-27),fetal,SCT,SCT,SCT_a,129,1,18,0.15708466850128067,0.2941061145859596,0.14728682170542637,1.1257734575925114,13.953488372093023,0.29331489051635773,True
TNFRSF12A,ZY012,GW22,T2 (GW14-27),maternal,DSC,DSC,DSC2,32,1,1,0.03414525175863863,0.06194251734390485,0.03125,1.0926480562764362,3.125,0.06043939439726814,True
TNFRSF12A,ZY012,GW22,T2 (GW14-27),fetal,VCT,VCT,SCT_pro,28,1,2,0.07648259574231177,0.13697177432758442,0.07142857142857142,1.0707563403923648,7.142857142857143,0.14192751761675312,True
TNFRSF12A,ZY012,GW22,T2 (GW14-27),maternal,cDC,cDC,cDC,24,1,2,0.08469752354334938,0.14694498653234822,0.08333333333333333,1.0163702825201926,8.333333333333334,0.16640181045169772,True
TNFRSF12A,ZY012,GW22,T2 (GW14-27),fetal,VCT,VCT,EVTpro,37,1,2,0.05678628426810908,0.10052388325769074,0.05405405405405406,1.050546258960018,5.405405405405405,0.12274004885053945,True
TNFRSF12A,ZY012,GW22,T2 (GW14-27),maternal,B,B,B,17,1,2,0.1818910218520399,0.49101356437555466,0.17647058823529413,1.5460736857423392,11.764705882352942,0.3945188185476447,False
TNFRSF12A,ZY012,GW22,T2 (GW14-27),fetal,EVT,EVT,EVT,27,1,2,0.07988728670813418,0.14401871208192132,0.07407407407407407,1.0784783705598113,7.407407407407407,0.1538781131465766,True
TNFRSF12A,ZY012,GW22,T2 (GW14-27),maternal,EC,mVEC,vEC,102,1,14,0.1553834801252029,0.2965448061473004,0.14705882352941177,1.1320796409121925,13.72549019607843,0.2897123156705392,True
TNFRSF12A,ZY012,GW22,T2 (GW14-27),maternal,Epi,cili,ciliated,10,1,0,0.0,0.0,0.0,0.0,0.0,0.0,False
TNFRSF12A,ZY012,GW22,T2 (GW14-27),maternal,DSC,eS,eS,57,1,3,0.08100546224829445,0.19508240489618014,0.08771929824561403,1.5391037827175946,5.2631578947368425,0.18414985378501608,True
TNFRSF12A,ZY012,GW22,T2 (GW14-27),maternal,EC,LEC,LEC,46,1,3,0.06720839632965403,0.11756378220663521,0.06521739130434782,1.030528743721362,6.521739130434782,0.1292028614127041,True
TNFRSF12A,ZY012,GW22,T2 (GW14-27),ambiguous,Ery,Ery,Ery,4,1,0,0.0,0.0,0.0,0.0,0.0,0.0,False
TNFRSF12A,ZY012,GW22,T2 (GW14-27),fetal,EVT,EVT,pEVT,2,1,0,0.0,0.0,0.0,0.0,0.0,0.0,False
TNFRSF12A,ZY012,GW22,T2 (GW14-27),fetal,EVT,EVT,iEVT,16,1,4,0.3285996205297588,0.7000872806525323,0.375,1.314398482119035,25.0,0.6997329352630413,False
TNFRSF12A,ZY012,GW22,T2 (GW14-27),fetal,EVT,EVT,eEVT,1,1,0,0.0,0.0,0.0,0.0,0.0,0.0,False
TNFRSF12A,ZY013,GW39,T3 (GW28-40),fetal,SCT,SCT,SCT,5645,1,624,0.15939457426086695,0.370865173857702,0.12276350752878654,1.4419589290105672,11.054030115146148,0.37458690037718145,True
TNFRSF12A,ZY013,GW39,T3 (GW28-40),maternal,dNK,dNK,dNK,128,1,5,0.05036972574560585,0.10299074831426233,0.0390625,1.28946497908751,3.90625,0.11886196797383135,True
TNFRSF12A,ZY013,GW39,T3 (GW28-40),fetal,VCT,VCT,VCT,671,1,52,0.09753693301633086,0.1958125356198601,0.07749627421758569,1.258601577960731,7.74962742175857,0.19854527404975086,True
TNFRSF12A,ZY013,GW39,T3 (GW28-40),fetal,VCT,VCT,VCT_dividing,226,1,8,0.04399070582373508,0.08735545149486232,0.035398230088495575,1.242737439520516,3.5398230088495577,0.09367078232666515,True
TNFRSF12A,ZY013,GW39,T3 (GW28-40),fetal,SCT,SCT,SCT_b,636,1,71,0.18658776264640853,0.5214130801196608,0.15251572327044025,1.6714058738467017,11.163522012578616,0.5208805996678177,True
TNFRSF12A,ZY013,GW39,T3 (GW28-40),fetal,HB,HB,HB,52,1,0,0.0,0.0,0.0,0.0,0.0,0.0,True
TNFRSF12A,ZY013,GW39,T3 (GW28-40),fetal,EC,fVEC,fEC,89,1,8,0.12052607947426863,0.2545937171893591,0.0898876404494382,1.3408526341512386,8.98876404494382,0.26002138675906095,True
TNFRSF12A,ZY013,GW39,T3 (GW28-40),maternal,M,M,CD14_M,109,1,3,0.03567563973282331,0.07321420544393839,0.027522935779816515,1.2962149102925802,2.7522935779816513,0.07402271510384154,True
TNFRSF12A,ZY013,GW39,T3 (GW28-40),fetal,SCT,SCT,SCT_a,211,1,19,0.11679655591416252,0.23968580511554516,0.09004739336492891,1.2970564893625416,9.004739336492891,0.24090305680620872,True
TNFRSF12A,ZY013,GW39,T3 (GW28-40),fetal,VCT,VCT,fvVCT,130,1,12,0.1150160673342846,0.22871575193726698,0.09230769230769231,1.2460073961214164,9.23076923076923,0.23813492724977972,True
TNFRSF12A,ZY013,GW39,T3 (GW28-40),fetal,EVT,EVT,iEVT,85,1,9,0.13564052471547564,0.27573718078630677,0.10588235294117647,1.2810494000906032,10.588235294117647,0.2814813424783494,True
TNFRSF12A,ZY013,GW39,T3 (GW28-40),maternal,DSC,eS,eS,32,1,4,0.1609472426089982,0.3285294089303067,0.125,1.2875779408719856,12.5,0.3378749355925904,True
TNFRSF12A,ZY013,GW39,T3 (GW28-40),fetal,VCT,VCT,SCT_pro,41,1,4,0.1241331405372646,0.25068395411416733,0.0975609756097561,1.272364690506962,9.75609756097561,0.261850365608573,True
TNFRSF12A,ZY013,GW39,T3 (GW28-40),maternal,T,T,T,77,1,3,0.053895513011653046,0.11839997080000778,0.03896103896103896,1.3833181672990948,3.896103896103896,0.1336636310170911,True
TNFRSF12A,ZY013,GW39,T3 (GW28-40),maternal,B,B,B,28,1,2,0.10869411344027714,0.25591237662717353,0.07142857142857142,1.52171758816388,7.142857142857143,0.2541812820903869,True
TNFRSF12A,ZY013,GW39,T3 (GW28-40),fetal,VCT,VCT,avVCT,45,1,7,0.212082623767914,0.48508812757343805,0.17777777777777778,1.3633882956508756,15.555555555555555,0.4852366741878351,True
TNFRSF12A,ZY013,GW39,T3 (GW28-40),mixed,FB,FB,FB,27,1,5,0.23431688798667358,0.47213501375396727,0.18518518518518517,1.2653111951280374,18.51851851851852,0.49147294441441,True
TNFRSF12A,ZY013,GW39,T3 (GW28-40),ambiguous,EVT,GC,GC,42,1,10,0.33229124379458413,0.7365015176916175,0.2619047619047619,1.3956232239372535,23.80952380952381,0.7730799505228831,True
TNFRSF12A,ZY013,GW39,T3 (GW28-40),maternal,cDC,cDC,cDC,8,1,0,0.0,0.0,0.0,0.0,0.0,0.0,False
TNFRSF12A,ZY013,GW39,T3 (GW28-40),maternal,M,M,CD16_M,98,1,3,0.03910008825847941,0.07921092075032754,0.030612244897959183,1.277269549776994,3.061224489795918,0.08974378150380663,True
TNFRSF12A,ZY013,GW39,T3 (GW28-40),maternal,Epi,Epi,Epi,65,1,7,0.13496691958316567,0.2697223425530164,0.1076923076923077,1.2532642532722527,10.76923076923077,0.2815405901090769,True
TNFRSF12A,ZY013,GW39,T3 (GW28-40),maternal,EC,mVEC,vEC,19,1,0,0.0,0.0,0.0,0.0,0.0,0.0,False
TNFRSF12A,ZY013,GW39,T3 (GW28-40),mixed,PV,PV,pvSMC,20,1,1,0.08871337558851089,0.24479804161566707,0.1,1.7742675117702178,5.0,0.2732539075308777,True
TNFRSF12A,ZY013,GW39,T3 (GW28-40),maternal,DSC,DSC,DSC3,8,1,1,0.16940520472228818,0.3597122302158273,0.125,1.3552416377783054,12.5,0.36798528058877644,False
TNFRSF12A,ZY013,GW39,T3 (GW28-40),fetal,EVT,EVT,EVT,27,1,1,0.04640524328251878,0.09261574652922491,0.037037037037037035,1.252941568628007,3.7037037037037037,0.10048029581399087,True
TNFRSF12A,ZY013,GW39,T3 (GW28-40),maternal,EC,LEC,LEC,9,1,1,0.15141820707885514,0.32299741602067183,0.1111111111111111,1.3627638637096964,11.11111111111111,0.3016500256402522,False
TNFRSF12A,ZY013,GW39,T3 (GW28-40),maternal,DSC,DSC,DSC2,6,1,1,0.20918154306632483,0.41802524872502295,0.16666666666666666,1.255089258397949,16.666666666666668,0.43383947939262474,False
TNFRSF12A,ZY013,GW39,T3 (GW28-40),fetal,VCT,VCT,EVTpro,4,1,0,0.0,0.0,0.0,0.0,0.0,0.0,False
TNFRSF12A,ZY013,GW39,T3 (GW28-40),ambiguous,Ery,Ery,Ery,1,1,0,0.0,0.0,0.0,0.0,0.0,0.0,False
TNFRSF12A,ZY013,GW39,T3 (GW28-40),maternal,DSC,DSC,DSC0,6,1,0,0.0,0.0,0.0,0.0,0.0,0.0,False
TNFRSF12A,ZY013,GW39,T3 (GW28-40),maternal,DSC,DSC,DSC4,7,1,1,0.1754487249660299,0.34498223341497913,0.14285714285714285,1.2281410747622092,14.285714285714286,0.35153091714416285,False
TNFRSF12A,ZY013,GW39,T3 (GW28-40),maternal,DSC,DSC,DSC1,21,1,6,0.37461103506765436,0.7850338496424007,0.3333333333333333,1.3111386227367903,28.571428571428573,0.8485362749257531,True
TNFRSF12A,ZY013,GW39,T3 (GW28-40),maternal,EC,mVEC,aEC,10,1,5,0.6212915922836072,1.2342972793204585,0.5,1.2425831845672144,50.0,1.2345679012345678,False
TNFRSF12A,ZY013,GW39,T3 (GW28-40),fetal,EVT,EVT,pEVT,1,1,0,0.0,0.0,0.0,0.0,0.0,0.0,False
TNFRSF12A,ZY013,GW39,T3 (GW28-40),fetal,EVT,EVT,eEVT,2,1,0,0.0,0.0,0.0,0.0,0.0,0.0,False
TNFRSF12A,ZY013,GW39,T3 (GW28-40),maternal,Epi,cili,ciliated,1,1,1,1.1720673685656684,2.2286605749944286,1.0,1.1720673685656684,100.0,2.228660574994428,False
TNFRSF12A,ZY023,GW15,T2 (GW14-27),maternal,dNK,dNK,dNK,288,1,11,0.02256662225306933,0.030810951169125515,0.03819444444444445,0.5908352008076334,3.8194444444444446,0.034253709754615766,True
TNFRSF12A,ZY023,GW15,T2 (GW14-27),maternal,M,M,CD14_M,228,1,4,0.010497440105071382,0.014423480073912807,0.017543859649122806,0.5983540859890688,1.7543859649122806,0.015434885619780115,True
TNFRSF12A,ZY023,GW15,T2 (GW14-27),maternal,Epi,cili,ciliated,13,1,2,0.086585088310234,0.11624470322468164,0.15384615384615385,0.562803074016521,15.384615384615385,0.12938535487168207,False
TNFRSF12A,ZY023,GW15,T2 (GW14-27),maternal,DSC,DSC,DSC0,79,1,2,0.015191959096352473,0.02084404237921321,0.02531645569620253,0.6000823843059226,2.5316455696202533,0.02105562369389334,True
TNFRSF12A,ZY023,GW15,T2 (GW14-27),maternal,DSC,DSC,DSC2,134,1,1,0.004241885109462217,0.005712405516812752,0.007462686567164179,0.5684126046679371,0.746268656716418,0.006016282466868333,True
TNFRSF12A,ZY023,GW15,T2 (GW14-27),maternal,DSC,DSC,DSC4,198,1,4,0.011942899493074088,0.016295737569825483,0.020202020202020204,0.5911735249071673,2.0202020202020203,0.016046419081117858,True
TNFRSF12A,ZY023,GW15,T2 (GW14-27),maternal,EC,mVEC,vEC,231,1,8,0.02069116433622956,0.028349859087849264,0.03463203463203463,0.5974573702086285,3.463203463203463,0.02938674275873925,True
TNFRSF12A,ZY023,GW15,T2 (GW14-27),fetal,VCT,VCT,VCT_dividing,5,1,0,0.0,0.0,0.0,0.0,0.0,0.0,False
TNFRSF12A,ZY023,GW15,T2 (GW14-27),maternal,DSC,DSC,DSC3,74,1,6,0.04591742744609664,0.061773291850995025,0.08108108108108109,0.5663149385018585,8.108108108108109,0.06565988181221274,True
TNFRSF12A,ZY023,GW15,T2 (GW14-27),maternal,Epi,Epi,Epi,322,1,17,0.03329698995680981,0.04656695585572007,0.052795031055900624,0.6306841627113389,5.279503105590062,0.04874090767038531,True
TNFRSF12A,ZY023,GW15,T2 (GW14-27),maternal,DSC,DSC,DSC1,102,1,5,0.030385212230181036,0.04216869773279628,0.049019607843137254,0.6198583294956931,4.901960784313726,0.04177465414763831,True
TNFRSF12A,ZY023,GW15,T2 (GW14-27),maternal,DSC,eS,eS,9,1,0,0.0,0.0,0.0,0.0,0.0,0.0,False
TNFRSF12A,ZY023,GW15,T2 (GW14-27),mixed,PV,PV,pvSMC,25,1,4,0.11036966397345868,0.1670367091605058,0.2,0.6898103998341167,16.0,0.16580393353251913,True
TNFRSF12A,ZY023,GW15,T2 (GW14-27),maternal,T,T,T,19,1,1,0.035385165253518404,0.05046172478175304,0.05263157894736842,0.6723181398168496,5.2631578947368425,0.0516344897737893,False
TNFRSF12A,ZY023,GW15,T2 (GW14-27),maternal,EC,LEC,LEC,42,1,2,0.027358282956225683,0.0369660416270893,0.047619047619047616,0.5745239420807393,4.761904761904762,0.03962153509675579,True
TNFRSF12A,ZY023,GW15,T2 (GW14-27),fetal,EC,fVEC,fEC,13,1,2,0.09436247165993034,0.1302598118217036,0.15384615384615385,0.6133560657895472,15.384615384615385,0.12251523783270545,False
TNFRSF12A,ZY023,GW15,T2 (GW14-27),maternal,EC,mVEC,aEC,18,1,1,0.031790119353389296,0.0429000429000429,0.05555555555555555,0.5722221483610074,5.555555555555555,0.0504075450013358,False
TNFRSF12A,ZY023,GW15,T2 (GW14-27),ambiguous,EVT,GC,GC,25,1,0,0.0,0.0,0.0,0.0,0.0,0.0,True
TNFRSF12A,ZY023,GW15,T2 (GW14-27),maternal,cDC,cDC,cDC,22,1,2,0.05108954757079127,0.06857059128904087,0.09090909090909091,0.5619850232787039,9.090909090909092,0.07491057550049628,True
TNFRSF12A,ZY023,GW15,T2 (GW14-27),maternal,B,B,B,6,1,1,0.09802967398256669,0.13345077001094297,0.16666666666666666,0.5881780438954002,16.666666666666668,0.13112346585544948,False
TNFRSF12A,ZY023,GW15,T2 (GW14-27),fetal,EVT,EVT,iEVT,2,1,0,0.0,0.0,0.0,0.0,0.0,0.0,False
TNFRSF12A,ZY023,GW15,T2 (GW14-27),maternal,M,M,CD16_M,17,1,0,0.0,0.0,0.0,0.0,0.0,0.0,False
TNFRSF12A,ZY023,GW15,T2 (GW14-27),fetal,EVT,EVT,EVT,5,1,0,0.0,0.0,0.0,0.0,0.0,0.0,False
TNFRSF12A,ZY023,GW15,T2 (GW14-27),fetal,SCT,SCT,SCT,5,1,0,0.0,0.0,0.0,0.0,0.0,0.0,False
TNFRSF12A,ZY024,GW12,T1 (GW5-13),maternal,Epi,Epi,Epi,716,1,2,0.0022253516772930367,0.0034028042778299016,0.002793296089385475,0.7966759004709072,0.27932960893854747,0.0037943176299174357,True
TNFRSF12A,ZY024,GW12,T1 (GW5-13),maternal,M,M,CD16_M,190,1,0,0.0,0.0,0.0,0.0,0.0,0.0,True
TNFRSF12A,ZY024,GW12,T1 (GW5-13),maternal,M,M,CD14_M,202,1,0,0.0,0.0,0.0,0.0,0.0,0.0,True
TNFRSF12A,ZY024,GW12,T1 (GW5-13),maternal,EC,mVEC,vEC,111,1,1,0.007114047599872853,0.01083464703428624,0.009009009009009009,0.7896592835858867,0.9009009009009009,0.011536859689866138,True
TNFRSF12A,ZY024,GW12,T1 (GW5-13),maternal,DSC,DSC,DSC1,73,1,1,0.01123182304899853,0.017401715113041543,0.0136986301369863,0.8199230825768926,1.36986301369863,0.017011055484959674,True
TNFRSF12A,ZY024,GW12,T1 (GW5-13),maternal,DSC,DSC,DSC2,85,1,0,0.0,0.0,0.0,0.0,0.0,0.0,True
TNFRSF12A,ZY024,GW12,T1 (GW5-13),maternal,dNK,dNK,dNK,517,1,0,0.0,0.0,0.0,0.0,0.0,0.0,True
TNFRSF12A,ZY024,GW12,T1 (GW5-13),maternal,DSC,DSC,DSC4,137,1,0,0.0,0.0,0.0,0.0,0.0,0.0,True
TNFRSF12A,ZY024,GW12,T1 (GW5-13),fetal,VCT,VCT,VCT_dividing,33,1,0,0.0,0.0,0.0,0.0,0.0,0.0,True
TNFRSF12A,ZY024,GW12,T1 (GW5-13),fetal,EC,fVEC,fEC,14,1,0,0.0,0.0,0.0,0.0,0.0,0.0,False
TNFRSF12A,ZY024,GW12,T1 (GW5-13),maternal,DSC,DSC,DSC0,74,1,0,0.0,0.0,0.0,0.0,0.0,0.0,True
TNFRSF12A,ZY024,GW12,T1 (GW5-13),maternal,B,B,B,7,1,0,0.0,0.0,0.0,0.0,0.0,0.0,False
TNFRSF12A,ZY024,GW12,T1 (GW5-13),maternal,Epi,cili,ciliated,8,1,0,0.0,0.0,0.0,0.0,0.0,0.0,False
TNFRSF12A,ZY024,GW12,T1 (GW5-13),mixed,PV,PV,pvSMC,21,1,1,0.03688879186058634,0.055707823606747336,0.047619047619047616,0.7746646290723133,4.761904761904762,0.06229326422933888,True
TNFRSF12A,ZY024,GW12,T1 (GW5-13),ambiguous,EVT,GC,GC,19,1,0,0.0,0.0,0.0,0.0,0.0,0.0,False
TNFRSF12A,ZY024,GW12,T1 (GW5-13),maternal,DSC,DSC,DSC3,51,1,1,0.015504144861357632,0.02362675399114942,0.0196078431372549,0.7907113879292392,1.9607843137254901,0.024515812699190977,True
TNFRSF12A,ZY024,GW12,T1 (GW5-13),maternal,T,T,T,7,1,0,0.0,0.0,0.0,0.0,0.0,0.0,False
TNFRSF12A,ZY024,GW12,T1 (GW5-13),maternal,EC,mVEC,aEC,8,1,0,0.0,0.0,0.0,0.0,0.0,0.0,False
TNFRSF12A,ZY024,GW12,T1 (GW5-13),fetal,SCT,SCT,SCT,19,1,0,0.0,0.0,0.0,0.0,0.0,0.0,False
TNFRSF12A,ZY024,GW12,T1 (GW5-13),maternal,EC,LEC,LEC,32,1,0,0.0,0.0,0.0,0.0,0.0,0.0,True
TNFRSF12A,ZY024,GW12,T1 (GW5-13),maternal,cDC,cDC,cDC,17,1,0,0.0,0.0,0.0,0.0,0.0,0.0,False
TNFRSF12A,ZY024,GW12,T1 (GW5-13),maternal,DSC,eS,eS,6,1,0,0.0,0.0,0.0,0.0,0.0,0.0,False
TNFRSF12A,ZY024,GW12,T1 (GW5-13),fetal,VCT,VCT,avVCT,5,1,0,0.0,0.0,0.0,0.0,0.0,0.0,False
TNFRSF12A,ZY024,GW12,T1 (GW5-13),fetal,HB,HB,HB,2,1,0,0.0,0.0,0.0,0.0,0.0,0.0,False
TNFRSF12A,ZY024,GW12,T1 (GW5-13),fetal,VCT,VCT,fvVCT,1,1,0,0.0,0.0,0.0,0.0,0.0,0.0,False
TNFRSF12A,ZY024,GW12,T1 (GW5-13),ambiguous,Ery,Ery,Ery,2,1,0,0.0,0.0,0.0,0.0,0.0,0.0,False
TNFRSF12A,ZY024,GW12,T1 (GW5-13),fetal,SCT,SCT,SCT_a,1,1,0,0.0,0.0,0.0,0.0,0.0,0.0,False
TNFRSF12A,ZY024,GW12,T1 (GW5-13),fetal,VCT,VCT,VCT,1,1,0,0.0,0.0,0.0,0.0,0.0,0.0,False
TNFRSF12A,ZY028,GW39,T3 (GW28-40),fetal,SCT,SCT,SCT_a,343,1,44,0.20227941002681388,0.49648475522018953,0.13119533527696792,1.57685994634539,12.82798833819242,0.5117241693010985,True
TNFRSF12A,ZY028,GW39,T3 (GW28-40),mixed,PV,PV,pvSMC,164,1,27,0.2856234973513996,0.8110377938533058,0.18292682926829268,1.734898280208501,16.463414634146343,0.8381433448624607,True
TNFRSF12A,ZY028,GW39,T3 (GW28-40),fetal,SCT,SCT,SCT,5601,1,807,0.25156411090353753,0.7086624767014156,0.15782895911444386,1.7459858552301286,14.408141403320835,0.7041043068403734,True
TNFRSF12A,ZY028,GW39,T3 (GW28-40),fetal,VCT,VCT,avVCT,55,1,3,0.09917952910268359,0.28316458542710277,0.05454545454545454,1.8182913668825325,5.454545454545454,0.2435321908967667,True
TNFRSF12A,ZY028,GW39,T3 (GW28-40),fetal,VCT,VCT,VCT,300,1,28,0.1431130340538452,0.34134178805841636,0.09333333333333334,1.5333539362911988,9.333333333333334,0.3608577588928884,True
TNFRSF12A,ZY028,GW39,T3 (GW28-40),fetal,HB,HB,HB,143,1,11,0.12280176246114045,0.30624856051539273,0.07692307692307693,1.5964229119948259,7.6923076923076925,0.349250698501397,True
TNFRSF12A,ZY028,GW39,T3 (GW28-40),fetal,EVT,EVT,iEVT,88,1,15,0.299354363101606,0.8427778437258646,0.20454545454545456,1.7562122635294222,17.045454545454547,0.8220116451649732,True
TNFRSF12A,ZY028,GW39,T3 (GW28-40),fetal,EC,fVEC,fEC,424,1,28,0.10988156256978462,0.29334883150803037,0.06839622641509434,1.6639208046281673,6.60377358490566,0.2891712352398027,True
TNFRSF12A,ZY028,GW39,T3 (GW28-40),ambiguous,EVT,GC,GC,110,1,22,0.3354272251324028,0.9002355694724017,0.20909090909090908,1.677136125662014,20.0,0.9165026259792631,True
TNFRSF12A,ZY028,GW39,T3 (GW28-40),fetal,SCT,SCT,SCT_b,345,1,44,0.24292160083036532,0.7714794910001842,0.15072463768115943,1.9047261883290008,12.753623188405797,0.7536756180140067,True
TNFRSF12A,ZY028,GW39,T3 (GW28-40),mixed,FB,FB,FB,118,1,19,0.26118245546190344,0.6586432106879815,0.16101694915254236,1.6220805128686635,16.10169491525424,0.6853539853334247,True
TNFRSF12A,ZY028,GW39,T3 (GW28-40),fetal,EVT,EVT,EVT,91,1,7,0.13354724711374233,0.38404784599200953,0.08791208791208792,1.7361142124786502,7.6923076923076925,0.36055363009901703,True
TNFRSF12A,ZY028,GW39,T3 (GW28-40),maternal,T,T,T,17,1,1,0.09078890297614113,0.21650176448938058,0.058823529411764705,1.5434113505943992,5.882352941176471,0.3095496053242532,False
TNFRSF12A,ZY028,GW39,T3 (GW28-40),maternal,M,M,CD14_M,67,1,5,0.13156344367597297,0.36159138693816684,0.07462686567164178,1.7629501452580378,7.462686567164179,0.3456261016831991,True
TNFRSF12A,ZY028,GW39,T3 (GW28-40),maternal,M,M,CD16_M,39,1,2,0.08404982691016431,0.21283095478403716,0.05128205128205128,1.638971624748204,5.128205128205129,0.23395917412411535,True
TNFRSF12A,ZY028,GW39,T3 (GW28-40),maternal,EC,mVEC,vEC,23,1,3,0.232224483803342,0.6551360301402613,0.13043478260869565,1.7803877091589555,13.043478260869565,0.5546311702717692,True
TNFRSF12A,ZY028,GW39,T3 (GW28-40),fetal,EVT,EVT,eEVT,8,1,1,0.2155781878137407,0.5763024435223605,0.125,1.7246255025099255,12.5,0.548757065247215,False
TNFRSF12A,ZY028,GW39,T3 (GW28-40),fetal,VCT,VCT,EVTpro,51,1,16,0.522341219509741,1.379613563204844,0.3333333333333333,1.6649626371872994,31.372549019607842,1.3931343063420392,True
TNFRSF12A,ZY028,GW39,T3 (GW28-40),fetal,VCT,VCT,SCT_pro,30,1,5,0.30048237836317404,0.9049079524249836,0.2,1.8028942701790442,16.666666666666668,0.8099789405475457,True
TNFRSF12A,ZY028,GW39,T3 (GW28-40),fetal,EVT,EVT,pEVT,7,1,0,0.0,0.0,0.0,0.0,0.0,0.0,False
TNFRSF12A,ZY028,GW39,T3 (GW28-40),fetal,VCT,VCT,fvVCT,51,1,4,0.11972353394249477,0.28297535984474786,0.0784313725490196,1.5264750577668083,7.8431372549019605,0.2887961532352389,True
TNFRSF12A,ZY028,GW39,T3 (GW28-40),maternal,DSC,eS,eS,6,1,0,0.0,0.0,0.0,0.0,0.0,0.0,False
TNFRSF12A,ZY028,GW39,T3 (GW28-40),fetal,VCT,VCT,VCT_dividing,72,1,2,0.042235992411977556,0.0993460545956243,0.027777777777777776,1.520495726831192,2.7777777777777777,0.11062987117151502,True
TNFRSF12A,ZY028,GW39,T3 (GW28-40),maternal,DSC,DSC,DSC3,20,1,7,0.5902296594925698,1.5458089272383895,0.35,1.6863704556930565,35.0,1.541714386397674,True
TNFRSF12A,ZY028,GW39,T3 (GW28-40),maternal,DSC,DSC,DSC1,3,1,0,0.0,0.0,0.0,0.0,0.0,0.0,False
TNFRSF12A,ZY028,GW39,T3 (GW28-40),maternal,DSC,DSC,DSC0,3,1,0,0.0,0.0,0.0,0.0,0.0,0.0,False
TNFRSF12A,ZY028,GW39,T3 (GW28-40),maternal,Epi,Epi,Epi,4,1,1,0.44597159790998786,1.2382367508667658,0.25,1.7838863916399514,25.0,1.339046598821639,False
TNFRSF12A,ZY028,GW39,T3 (GW28-40),maternal,dNK,dNK,dNK,10,1,0,0.0,0.0,0.0,0.0,0.0,0.0,False
TNFRSF12A,ZY028,GW39,T3 (GW28-40),maternal,EC,mVEC,aEC,2,1,0,0.0,0.0,0.0,0.0,0.0,0.0,False
TNFRSF12A,ZY028,GW39,T3 (GW28-40),maternal,DSC,DSC,DSC4,2,1,1,0.9036723189472216,2.547121752419766,0.5,1.807344637894443,50.0,2.150537634408602,False
TNFRSF12A,ZY028,GW39,T3 (GW28-40),maternal,DSC,DSC,DSC2,1,1,0,0.0,0.0,0.0,0.0,0.0,0.0,False
TNFRSF12A,ZY028,GW39,T3 (GW28-40),maternal,B,B,B,1,1,0,0.0,0.0,0.0,0.0,0.0,0.0,False
TNFRSF12A,ZY028,GW39,T3 (GW28-40),maternal,EC,LEC,LEC,1,1,1,1.624649792462659,4.076640847941296,1.0,1.624649792462659,100.0,4.076640847941296,False
TNFRSF12A,ZY014,GW18,T2 (GW14-27),fetal,SCT,SCT,SCT,3485,1,124,0.04514738971097309,0.09182884246193208,0.035868005738880916,1.2688601059898486,3.558106169296987,0.09411183648331924,True
TNFRSF12A,ZY014,GW18,T2 (GW14-27),fetal,VCT,VCT,VCT,706,1,25,0.04127438393116554,0.07842993265574243,0.03541076487252125,1.1655886022161148,3.5410764872521248,0.08054645291141597,True
TNFRSF12A,ZY014,GW18,T2 (GW14-27),maternal,Epi,Epi,Epi,202,1,5,0.030219562489527573,0.05976675671380442,0.024752475247524754,1.220870324576914,2.4752475247524752,0.0628405170517743,True
TNFRSF12A,ZY014,GW18,T2 (GW14-27),fetal,VCT,VCT,avVCT,228,1,7,0.037288023355498606,0.07339631761788949,0.03070175438596491,1.2145241892933831,3.0701754385964914,0.0806622602026236,True
TNFRSF12A,ZY014,GW18,T2 (GW14-27),fetal,EVT,EVT,EVT,558,1,29,0.06084516056983706,0.11600510244922178,0.05197132616487455,1.1707448137230716,5.197132616487456,0.12159293452807476,True
TNFRSF12A,ZY014,GW18,T2 (GW14-27),maternal,DSC,DSC,DSC3,66,1,5,0.08584763100421354,0.15972122026098964,0.07575757575757576,1.1331887292556186,7.575757575757576,0.17585695092184214,True
TNFRSF12A,ZY014,GW18,T2 (GW14-27),mixed,FB,FB,FB,242,1,14,0.07076810294287668,0.13955335184286982,0.05785123966942149,1.2232772080125827,5.785123966942149,0.1334783798394255,True
TNFRSF12A,ZY014,GW18,T2 (GW14-27),maternal,M,M,CD14_M,467,1,8,0.01982330827581022,0.037748099593823435,0.017130620985010708,1.1571856206004216,1.7130620985010707,0.04167155005143832,True
TNFRSF12A,ZY014,GW18,T2 (GW14-27),maternal,dNK,dNK,dNK,510,1,21,0.04778370540894162,0.09052930545254173,0.041176470588235294,1.1604614170742966,4.117647058823529,0.10237096018598366,True
TNFRSF12A,ZY014,GW18,T2 (GW14-27),fetal,VCT,VCT,VCT_dividing,223,1,4,0.02128735078541164,0.04128878715609527,0.017937219730941704,1.186769806286699,1.7937219730941705,0.03995820371891002,True
TNFRSF12A,ZY014,GW18,T2 (GW14-27),fetal,EVT,EVT,iEVT,180,1,27,0.1911692142918433,0.39905623274827073,0.17222222222222222,1.2744614286122886,15.0,0.39635405412662106,True
TNFRSF12A,ZY014,GW18,T2 (GW14-27),maternal,DSC,DSC,DSC1,74,1,3,0.04816066494274633,0.09245343466226265,0.04054054054054054,1.1879630685877427,4.054054054054054,0.08940172366523226,True
TNFRSF12A,ZY014,GW18,T2 (GW14-27),maternal,M,M,CD16_M,41,1,2,0.05404612963252393,0.0989418397455343,0.04878048780487805,1.1079456574667406,4.878048780487805,0.12273402309854314,True
TNFRSF12A,ZY014,GW18,T2 (GW14-27),mixed,PV,PV,pvSMC,70,1,4,0.06606684903734118,0.12486333295763807,0.05714285714285714,1.1561698581534707,5.714285714285714,0.13224626900213576,True
TNFRSF12A,ZY014,GW18,T2 (GW14-27),fetal,VCT,VCT,fvVCT,115,1,3,0.030931687332016653,0.05941930166469311,0.02608695652173913,1.1857146810606383,2.608695652173913,0.06097920405877582,True
TNFRSF12A,ZY014,GW18,T2 (GW14-27),fetal,VCT,VCT,EVTpro,33,1,5,0.20302207170657693,0.4325515175115235,0.15151515151515152,1.3399456732634076,15.151515151515152,0.3963001418754508,True
TNFRSF12A,ZY014,GW18,T2 (GW14-27),fetal,EC,fVEC,fEC,77,1,3,0.045385351312981874,0.0860450781431351,0.03896103896103896,1.1648906836998683,3.896103896103896,0.09122866769653697,True
TNFRSF12A,ZY014,GW18,T2 (GW14-27),maternal,EC,mVEC,vEC,97,1,2,0.023942941856089143,0.04531648473168046,0.020618556701030927,1.1612326800203234,2.0618556701030926,0.0477424960731797,True
TNFRSF12A,ZY014,GW18,T2 (GW14-27),fetal,SCT,SCT,SCT_a,181,1,14,0.09161529835742986,0.17815259466997183,0.08287292817679558,1.1844549287639146,7.734806629834254,0.18655463439022751,True
TNFRSF12A,ZY014,GW18,T2 (GW14-27),fetal,VCT,VCT,SCT_pro,59,1,0,0.0,0.0,0.0,0.0,0.0,0.0,True
TNFRSF12A,ZY014,GW18,T2 (GW14-27),ambiguous,EVT,GC,GC,53,1,4,0.08444392341393829,0.15566189371735145,0.07547169811320754,1.1188819852346823,7.547169811320755,0.18347024800590775,True
TNFRSF12A,ZY014,GW18,T2 (GW14-27),fetal,SCT,SCT,SCT_b,82,1,3,0.05171168045226626,0.11407024796968576,0.036585365853658534,1.413452599028611,3.658536585365854,0.11163704563722425,True
TNFRSF12A,ZY014,GW18,T2 (GW14-27),maternal,DSC,DSC,DSC0,39,1,0,0.0,0.0,0.0,0.0,0.0,0.0,True
TNFRSF12A,ZY014,GW18,T2 (GW14-27),maternal,T,T,T,41,1,0,0.0,0.0,0.0,0.0,0.0,0.0,True
TNFRSF12A,ZY014,GW18,T2 (GW14-27),fetal,HB,HB,HB,197,1,6,0.034313375691518766,0.06355390514806554,0.030456852791878174,1.1266225018715328,3.045685279187817,0.07173112305832817,True
TNFRSF12A,ZY014,GW18,T2 (GW14-27),fetal,EVT,EVT,pEVT,31,1,5,0.18743765650921618,0.35482553005191836,0.16129032258064516,1.1621134703571403,16.129032258064516,0.3590509565117481,True
TNFRSF12A,ZY014,GW18,T2 (GW14-27),maternal,EC,mVEC,aEC,57,1,3,0.06317261082909727,0.12217967788769225,0.05263157894736842,1.200279605752848,5.2631578947368425,0.11960101102721321,True
TNFRSF12A,ZY014,GW18,T2 (GW14-27),maternal,DSC,DSC,DSC4,88,1,0,0.0,0.0,0.0,0.0,0.0,0.0,True
TNFRSF12A,ZY014,GW18,T2 (GW14-27),fetal,EVT,EVT,eEVT,34,1,1,0.03513341628444698,0.06770664066731666,0.029411764705882353,1.1945361536711974,2.9411764705882355,0.06429379693447176,True
TNFRSF12A,ZY014,GW18,T2 (GW14-27),maternal,B,B,B,18,1,0,0.0,0.0,0.0,0.0,0.0,0.0,False
TNFRSF12A,ZY014,GW18,T2 (GW14-27),maternal,DSC,DSC,DSC2,31,1,2,0.07728048540311737,0.14922568402684103,0.06451612903225806,1.1978475237483193,6.451612903225806,0.14291430858057508,True
TNFRSF12A,ZY014,GW18,T2 (GW14-27),maternal,cDC,cDC,cDC,23,1,0,0.0,0.0,0.0,0.0,0.0,0.0,True
TNFRSF12A,ZY014,GW18,T2 (GW14-27),maternal,DSC,eS,eS,5,1,0,0.0,0.0,0.0,0.0,0.0,0.0,False
TNFRSF12A,ZY014,GW18,T2 (GW14-27),maternal,Epi,cili,ciliated,2,1,0,0.0,0.0,0.0,0.0,0.0,0.0,False
TNFRSF12A,ZY014,GW18,T2 (GW14-27),maternal,EC,LEC,LEC,2,1,0,0.0,0.0,0.0,0.0,0.0,0.0,False
TNFRSF12A,ZY015,GW12,T1 (GW5-13),maternal,M,M,CD14_M,227,1,0,0.0,0.0,0.0,0.0,0.0,0.0,True
TNFRSF12A,ZY015,GW12,T1 (GW5-13),maternal,EC,mVEC,vEC,253,1,0,0.0,0.0,0.0,0.0,0.0,0.0,True
TNFRSF12A,ZY015,GW12,T1 (GW5-13),maternal,DSC,DSC,DSC4,128,1,0,0.0,0.0,0.0,0.0,0.0,0.0,True
TNFRSF12A,ZY015,GW12,T1 (GW5-13),maternal,Epi,Epi,Epi,687,1,0,0.0,0.0,0.0,0.0,0.0,0.0,True
TNFRSF12A,ZY015,GW12,T1 (GW5-13),maternal,EC,LEC,LEC,97,1,0,0.0,0.0,0.0,0.0,0.0,0.0,True
TNFRSF12A,ZY015,GW12,T1 (GW5-13),maternal,T,T,T,20,1,0,0.0,0.0,0.0,0.0,0.0,0.0,True
TNFRSF12A,ZY015,GW12,T1 (GW5-13),maternal,dNK,dNK,dNK,344,1,0,0.0,0.0,0.0,0.0,0.0,0.0,True
TNFRSF12A,ZY015,GW12,T1 (GW5-13),maternal,cDC,cDC,cDC,38,1,0,0.0,0.0,0.0,0.0,0.0,0.0,True
TNFRSF12A,ZY015,GW12,T1 (GW5-13),maternal,DSC,DSC,DSC3,54,1,0,0.0,0.0,0.0,0.0,0.0,0.0,True
TNFRSF12A,ZY015,GW12,T1 (GW5-13),maternal,DSC,DSC,DSC0,163,1,0,0.0,0.0,0.0,0.0,0.0,0.0,True
TNFRSF12A,ZY015,GW12,T1 (GW5-13),maternal,DSC,DSC,DSC2,130,1,0,0.0,0.0,0.0,0.0,0.0,0.0,True
TNFRSF12A,ZY015,GW12,T1 (GW5-13),maternal,DSC,DSC,DSC1,57,1,0,0.0,0.0,0.0,0.0,0.0,0.0,True
TNFRSF12A,ZY015,GW12,T1 (GW5-13),maternal,DSC,eS,eS,17,1,0,0.0,0.0,0.0,0.0,0.0,0.0,False
TNFRSF12A,ZY015,GW12,T1 (GW5-13),fetal,SCT,SCT,SCT,34,1,0,0.0,0.0,0.0,0.0,0.0,0.0,True
TNFRSF12A,ZY015,GW12,T1 (GW5-13),fetal,VCT,VCT,VCT,6,1,0,0.0,0.0,0.0,0.0,0.0,0.0,False
TNFRSF12A,ZY015,GW12,T1 (GW5-13),mixed,PV,PV,pvSMC,55,1,0,0.0,0.0,0.0,0.0,0.0,0.0,True
TNFRSF12A,ZY015,GW12,T1 (GW5-13),maternal,M,M,CD16_M,22,1,0,0.0,0.0,0.0,0.0,0.0,0.0,True
TNFRSF12A,ZY015,GW12,T1 (GW5-13),ambiguous,EVT,GC,GC,7,1,0,0.0,0.0,0.0,0.0,0.0,0.0,False
TNFRSF12A,ZY015,GW12,T1 (GW5-13),fetal,VCT,VCT,VCT_dividing,21,1,0,0.0,0.0,0.0,0.0,0.0,0.0,True
TNFRSF12A,ZY015,GW12,T1 (GW5-13),fetal,EC,fVEC,fEC,19,1,0,0.0,0.0,0.0,0.0,0.0,0.0,False
TNFRSF12A,ZY015,GW12,T1 (GW5-13),fetal,VCT,VCT,avVCT,3,1,0,0.0,0.0,0.0,0.0,0.0,0.0,False
TNFRSF12A,ZY015,GW12,T1 (GW5-13),maternal,EC,mVEC,aEC,10,1,0,0.0,0.0,0.0,0.0,0.0,0.0,False
TNFRSF12A,ZY015,GW12,T1 (GW5-13),maternal,Epi,cili,ciliated,8,1,0,0.0,0.0,0.0,0.0,0.0,0.0,False
TNFRSF12A,ZY015,GW12,T1 (GW5-13),fetal,VCT,VCT,SCT_pro,1,1,0,0.0,0.0,0.0,0.0,0.0,0.0,False
TNFRSF12A,ZY015,GW12,T1 (GW5-13),mixed,FB,FB,FB,3,1,0,0.0,0.0,0.0,0.0,0.0,0.0,False
TNFRSF12A,ZY015,GW12,T1 (GW5-13),fetal,HB,HB,HB,1,1,0,0.0,0.0,0.0,0.0,0.0,0.0,False
TNFRSF12A,ZY015,GW12,T1 (GW5-13),maternal,B,B,B,3,1,0,0.0,0.0,0.0,0.0,0.0,0.0,False
TNFRSF12A,ZY016,GW11,T1 (GW5-13),maternal,DSC,eS,eS,73,1,1,0.015093459784909013,0.027529401400695944,0.0136986301369863,1.101822564298358,1.36986301369863,0.028056708218651537,True
TNFRSF12A,ZY016,GW11,T1 (GW5-13),maternal,M,M,CD14_M,71,1,2,0.02951984236419983,0.05216780117588552,0.028169014084507043,1.047954403929094,2.816901408450704,0.0628306462760276,True
TNFRSF12A,ZY016,GW11,T1 (GW5-13),fetal,SCT,SCT,SCT,1070,1,40,0.04384286684992102,0.08415474055832599,0.038317757009345796,1.1727966882353873,3.7383177570093458,0.08757089237515968,True
TNFRSF12A,ZY016,GW11,T1 (GW5-13),maternal,M,M,CD16_M,221,1,8,0.04341023736004613,0.08839568059149547,0.04072398190045249,1.1992078070712744,3.6199095022624435,0.0991497359312033,True
TNFRSF12A,ZY016,GW11,T1 (GW5-13),fetal,EVT,EVT,EVT,1127,1,47,0.046004202144364986,0.08447372501436948,0.04259094942324756,1.1031220386531773,4.17036379769299,0.08643917077462823,True
TNFRSF12A,ZY016,GW11,T1 (GW5-13),ambiguous,EVT,GC,GC,41,1,1,0.03256819214768854,0.06832001093120174,0.024390243902439025,1.33529587805523,2.4390243902439024,0.063720242646684,True
TNFRSF12A,ZY016,GW11,T1 (GW5-13),fetal,VCT,VCT,EVTpro,185,1,12,0.07430137988555893,0.14185780297924833,0.07027027027027027,1.1454796065690336,6.486486486486487,0.14988372481809303,True
TNFRSF12A,ZY016,GW11,T1 (GW5-13),fetal,VCT,VCT,avVCT,62,1,6,0.10564106807822445,0.19176621428580298,0.0967741935483871,1.0916243701416526,9.67741935483871,0.21150070323983827,True
TNFRSF12A,ZY016,GW11,T1 (GW5-13),fetal,EVT,EVT,eEVT,399,1,5,0.013347914468263129,0.023835086800921054,0.012531328320802004,1.0651635745673977,1.2531328320802004,0.025266268571339057,True
TNFRSF12A,ZY016,GW11,T1 (GW5-13),fetal,EVT,EVT,iEVT,219,1,21,0.10750316024438354,0.20075814338309564,0.1004566210045662,1.121104385405714,9.58904109589041,0.2061685634174501,True
TNFRSF12A,ZY016,GW11,T1 (GW5-13),fetal,SCT,SCT,SCT_a,66,1,0,0.0,0.0,0.0,0.0,0.0,0.0,True
TNFRSF12A,ZY016,GW11,T1 (GW5-13),ambiguous,Ery,Ery,Ery,29,1,1,0.03485319347391883,0.06026347189914305,0.034482758620689655,1.0107426107436461,3.4482758620689653,0.09241033886871264,True
TNFRSF12A,ZY016,GW11,T1 (GW5-13),maternal,DSC,DSC,DSC4,222,1,9,0.04361480441116524,0.07873578131852432,0.04054054054054054,1.0758318421420758,4.054054054054054,0.08107501871481682,True
TNFRSF12A,ZY016,GW11,T1 (GW5-13),fetal,VCT,VCT,fvVCT,24,1,0,0.0,0.0,0.0,0.0,0.0,0.0,True
TNFRSF12A,ZY016,GW11,T1 (GW5-13),fetal,VCT,VCT,VCT_dividing,81,1,8,0.10409611519501787,0.1850314941869072,0.09876543209876543,1.053973166349556,9.876543209876543,0.19637154478130348,True
TNFRSF12A,ZY016,GW11,T1 (GW5-13),maternal,DSC,DSC,DSC3,30,1,1,0.04152219022082022,0.08250825082508251,0.03333333333333333,1.2456657066246064,3.3333333333333335,0.07672359557458301,True
TNFRSF12A,ZY016,GW11,T1 (GW5-13),mixed,FB,FB,FB,22,1,1,0.04710575425448657,0.08267469162340024,0.045454545454545456,1.0363265935987045,4.545454545454546,0.09902656882841666,True
TNFRSF12A,ZY016,GW11,T1 (GW5-13),maternal,DSC,DSC,DSC0,23,1,0,0.0,0.0,0.0,0.0,0.0,0.0,True
TNFRSF12A,ZY016,GW11,T1 (GW5-13),maternal,T,T,T,2,1,0,0.0,0.0,0.0,0.0,0.0,0.0,False
TNFRSF12A,ZY016,GW11,T1 (GW5-13),fetal,VCT,VCT,VCT,75,1,8,0.12688737376877351,0.25439521903934537,0.12,1.1895691290822517,10.666666666666666,0.2395139463648436,True
TNFRSF12A,ZY016,GW11,T1 (GW5-13),maternal,B,B,B,1,1,0,0.0,0.0,0.0,0.0,0.0,0.0,False
TNFRSF12A,ZY016,GW11,T1 (GW5-13),fetal,VCT,VCT,SCT_pro,24,1,1,0.050882664744806794,0.09963334927466921,0.041666666666666664,1.221183953875363,4.166666666666667,0.08770314240359232,True
TNFRSF12A,ZY016,GW11,T1 (GW5-13),maternal,DSC,DSC,DSC1,16,1,1,0.06479242521150794,0.11373976342129209,0.0625,1.036678803384127,6.25,0.1341849605496216,False
TNFRSF12A,ZY016,GW11,T1 (GW5-13),maternal,dNK,dNK,dNK,17,1,0,0.0,0.0,0.0,0.0,0.0,0.0,False
TNFRSF12A,ZY016,GW11,T1 (GW5-13),maternal,DSC,DSC,DSC2,5,1,1,0.20437577162394027,0.3556820202738752,0.2,1.0218788581197014,20.0,0.3771592366297051,False
TNFRSF12A,ZY016,GW11,T1 (GW5-13),fetal,HB,HB,HB,10,1,0,0.0,0.0,0.0,0.0,0.0,0.0,False
TNFRSF12A,ZY016,GW11,T1 (GW5-13),maternal,Epi,Epi,Epi,2,1,0,0.0,0.0,0.0,0.0,0.0,0.0,False
TNFRSF12A,ZY016,GW11,T1 (GW5-13),fetal,SCT,SCT,SCT_b,5,1,2,0.4751494085273006,0.9225912587257126,0.4,1.1878735213182514,40.0,0.828775070445881,False
TNFRSF12A,ZY016,GW11,T1 (GW5-13),maternal,EC,LEC,LEC,2,1,0,0.0,0.0,0.0,0.0,0.0,0.0,False
TNFRSF12A,ZY016,GW11,T1 (GW5-13),fetal,EC,fVEC,fEC,4,1,0,0.0,0.0,0.0,0.0,0.0,0.0,False
TNFRSF12A,ZY016,GW11,T1 (GW5-13),mixed,PV,PV,pvSMC,1,1,0,0.0,0.0,0.0,0.0,0.0,0.0,False
TNFRSF12A,ZY016,GW11,T1 (GW5-13),maternal,EC,mVEC,vEC,1,1,0,0.0,0.0,0.0,0.0,0.0,0.0,False
TNFRSF12A,ZY017,GW24,T2 (GW14-27),fetal,VCT,VCT,VCT_dividing,85,1,5,0.08030726958366108,0.17218518682750875,0.058823529411764705,1.3652235829222383,5.882352941176471,0.18244113536767362,True
TNFRSF12A,ZY017,GW24,T2 (GW14-27),fetal,SCT,SCT,SCT,4611,1,804,0.27419630609600626,0.7038895527736209,0.2036434612882238,1.5725362778714984,17.436564736499676,0.7090080644948167,True
TNFRSF12A,ZY017,GW24,T2 (GW14-27),fetal,VCT,VCT,VCT,318,1,31,0.13202659004117068,0.2816709830589471,0.09748427672955975,1.3543372784868475,9.748427672955975,0.2860557070420456,True
TNFRSF12A,ZY017,GW24,T2 (GW14-27),fetal,VCT,VCT,fvVCT,69,1,5,0.10819018690552175,0.25832975813593423,0.08695652173913043,1.4930245792962,7.246376811594203,0.2558820895331431,True
TNFRSF12A,ZY017,GW24,T2 (GW14-27),fetal,VCT,VCT,avVCT,56,1,8,0.21206155751900674,0.5045440753816827,0.16071428571428573,1.4844309026330471,14.285714285714286,0.5507382952813966,True
TNFRSF12A,ZY017,GW24,T2 (GW14-27),fetal,SCT,SCT,SCT_a,303,1,45,0.2071480033591748,0.45620370147779504,0.1551155115511551,1.394796555951777,14.851485148514852,0.46356433631888494,True
TNFRSF12A,ZY017,GW24,T2 (GW14-27),fetal,VCT,VCT,SCT_pro,66,1,7,0.14633089989316522,0.3160244636418151,0.10606060606060606,1.3796913418498435,10.606060606060606,0.3282639992871982,True
TNFRSF12A,ZY017,GW24,T2 (GW14-27),maternal,DSC,DSC,DSC3,30,1,6,0.2896623523518946,0.6744939137310247,0.23333333333333334,1.448311761759473,20.0,0.7755201524451043,True
TNFRSF12A,ZY017,GW24,T2 (GW14-27),fetal,EC,fVEC,fEC,204,1,21,0.15635998729719053,0.3865884861384889,0.12254901960784313,1.5189255908869936,10.294117647058824,0.402592696968477,True
TNFRSF12A,ZY017,GW24,T2 (GW14-27),mixed,FB,FB,FB,285,1,49,0.24623767252368275,0.5580344584996257,0.17894736842105263,1.4321987075357059,17.19298245614035,0.5553867615397935,True
TNFRSF12A,ZY017,GW24,T2 (GW14-27),mixed,PV,PV,pvSMC,139,1,17,0.1759302435165332,0.3960226808255478,0.1223021582733813,1.4384884616940066,12.23021582733813,0.4002297789789903,True
TNFRSF12A,ZY017,GW24,T2 (GW14-27),fetal,HB,HB,HB,129,1,10,0.11170768993094465,0.25631960995087744,0.08527131782945736,1.441029200109186,7.751937984496124,0.26949555332337016,True
TNFRSF12A,ZY017,GW24,T2 (GW14-27),fetal,SCT,SCT,SCT_b,166,1,31,0.3702424105401048,1.2592419978371436,0.3253012048192771,1.9825883919244323,18.674698795180724,1.2800121364113675,True
TNFRSF12A,ZY017,GW24,T2 (GW14-27),maternal,M,M,CD14_M,48,1,3,0.09383475951182406,0.21985771041519156,0.0625,1.501356152189185,6.25,0.20864630278751461,True
TNFRSF12A,ZY017,GW24,T2 (GW14-27),fetal,EVT,EVT,iEVT,112,1,10,0.134045366649541,0.3202818890947831,0.09821428571428571,1.5013081064748595,8.928571428571429,0.3151790216843167,True
TNFRSF12A,ZY017,GW24,T2 (GW14-27),maternal,M,M,CD16_M,16,1,1,0.08138746881015353,0.16733601070950468,0.0625,1.3021995009624565,6.25,0.19896142138039435,False
TNFRSF12A,ZY017,GW24,T2 (GW14-27),maternal,dNK,dNK,dNK,26,1,1,0.053425992114412166,0.11581312394320525,0.038461538461538464,1.3890757949747163,3.8461538461538463,0.16013066662396516,True
TNFRSF12A,ZY017,GW24,T2 (GW14-27),maternal,EC,mVEC,aEC,26,1,1,0.053574264855072884,0.11640901471409947,0.038461538461538464,1.392930886231895,3.8461538461538463,0.11766782373360005,True
TNFRSF12A,ZY017,GW24,T2 (GW14-27),fetal,EVT,EVT,EVT,100,1,13,0.18424186343474994,0.40763744065438495,0.13,1.4172451033442302,13.0,0.4033947217352179,True
TNFRSF12A,ZY017,GW24,T2 (GW14-27),maternal,Epi,Epi,Epi,33,1,3,0.16341922926794508,0.4819359837704195,0.12121212121212122,1.797611521947396,9.090909090909092,0.47636627803117815,True
TNFRSF12A,ZY017,GW24,T2 (GW14-27),ambiguous,EVT,GC,GC,93,1,25,0.414903209333522,1.0198199097514444,0.3118279569892473,1.5434399387207016,26.881720430107528,1.0349343887284939,True
TNFRSF12A,ZY017,GW24,T2 (GW14-27),fetal,VCT,VCT,EVTpro,8,1,0,0.0,0.0,0.0,0.0,0.0,0.0,False
TNFRSF12A,ZY017,GW24,T2 (GW14-27),maternal,DSC,DSC,DSC0,11,1,4,0.5261437269454937,1.200606218857878,0.36363636363636365,1.4468952491001077,36.36363636363637,1.191007890427274,False
TNFRSF12A,ZY017,GW24,T2 (GW14-27),maternal,DSC,DSC,DSC2,6,1,0,0.0,0.0,0.0,0.0,0.0,0.0,False
TNFRSF12A,ZY017,GW24,T2 (GW14-27),maternal,EC,mVEC,vEC,20,1,5,0.407659146944426,1.0627831255506202,0.35,1.630636587777704,25.0,1.177004691204412,True
TNFRSF12A,ZY017,GW24,T2 (GW14-27),maternal,B,B,B,3,1,0,0.0,0.0,0.0,0.0,0.0,0.0,False
TNFRSF12A,ZY017,GW24,T2 (GW14-27),maternal,DSC,DSC,DSC4,7,1,1,0.20109560295780346,0.4409171075837742,0.14285714285714285,1.4076692207046242,14.285714285714286,0.4318162190171863,False
TNFRSF12A,ZY017,GW24,T2 (GW14-27),fetal,EVT,EVT,pEVT,16,1,2,0.18191290081112904,0.41072998655218607,0.125,1.4553032064890323,12.5,0.4043589899112432,False
TNFRSF12A,ZY017,GW24,T2 (GW14-27),maternal,EC,LEC,LEC,1,1,0,0.0,0.0,0.0,0.0,0.0,0.0,False
TNFRSF12A,ZY017,GW24,T2 (GW14-27),maternal,DSC,DSC,DSC1,12,1,2,0.23703137964811183,0.5263306017795505,0.16666666666666666,1.422188277888671,16.666666666666668,0.5064701562460432,False
TNFRSF12A,ZY017,GW24,T2 (GW14-27),maternal,T,T,T,3,1,0,0.0,0.0,0.0,0.0,0.0,0.0,False
TNFRSF12A,ZY017,GW24,T2 (GW14-27),maternal,DSC,eS,eS,2,1,0,0.0,0.0,0.0,0.0,0.0,0.0,False
TNFRSF12A,ZY018,GW21,T2 (GW14-27),maternal,Epi,Epi,Epi,191,1,13,0.11539509714875193,0.30673060585368195,0.06806282722513089,1.6954202734932016,6.806282722513089,0.3053191289480112,True
TNFRSF12A,ZY018,GW21,T2 (GW14-27),mixed,FB,FB,FB,259,1,27,0.17081026509888336,0.4395581062148749,0.10810810810810811,1.6385132837263257,10.424710424710424,0.4621873014038939,True
TNFRSF12A,ZY018,GW21,T2 (GW14-27),maternal,M,M,CD16_M,72,1,3,0.07513248875706369,0.21419301134342728,0.041666666666666664,1.8031797301695285,4.166666666666667,0.19329025108403616,True
TNFRSF12A,ZY018,GW21,T2 (GW14-27),fetal,SCT,SCT,SCT,1913,1,267,0.2525635291886766,0.7410403373940989,0.15316257187663357,1.8095656604417165,13.95713538944067,0.7508556038045059,True
TNFRSF12A,ZY018,GW21,T2 (GW14-27),fetal,EVT,EVT,EVT,484,1,75,0.27415035872393406,0.7831768465838118,0.1756198347107438,1.7691836482984544,15.49586776859504,0.7989427637404056,True
TNFRSF12A,ZY018,GW21,T2 (GW14-27),fetal,SCT,SCT,SCT_a,126,1,11,0.14844109337745093,0.408024178562094,0.09523809523809523,1.7003252514144378,8.73015873015873,0.3970538603561573,True
TNFRSF12A,ZY018,GW21,T2 (GW14-27),fetal,VCT,VCT,VCT,330,1,38,0.1847852866352628,0.4733638345264987,0.12424242424242424,1.6047143313062295,11.515151515151516,0.484988999030022,True
TNFRSF12A,ZY018,GW21,T2 (GW14-27),fetal,EVT,EVT,iEVT,544,1,108,0.35754754244693804,1.0242687019130896,0.21323529411764705,1.8009802138067992,19.852941176470587,1.024694248020176,True
TNFRSF12A,ZY018,GW21,T2 (GW14-27),maternal,M,M,CD14_M,335,1,17,0.08698569926105296,0.23617336384822607,0.05373134328358209,1.7141299560266317,5.074626865671642,0.2582270418227386,True
TNFRSF12A,ZY018,GW21,T2 (GW14-27),maternal,dNK,dNK,dNK,305,1,7,0.04424088950512575,0.1446127608564607,0.02622950819672131,1.9276387570090507,2.2950819672131146,0.14417661635503493,True
TNFRSF12A,ZY018,GW21,T2 (GW14-27),fetal,VCT,VCT,avVCT,58,1,5,0.13702737700268533,0.3374336689792766,0.08620689655172414,1.5895175732311497,8.620689655172415,0.4180287436564138,True
TNFRSF12A,ZY018,GW21,T2 (GW14-27),mixed,PV,PV,pvSMC,113,1,11,0.1745188128858541,0.5045645061669168,0.10619469026548672,1.7927841687365011,9.734513274336283,0.4859106167420503,True
TNFRSF12A,ZY018,GW21,T2 (GW14-27),ambiguous,EVT,GC,GC,64,1,11,0.29104754967227775,0.7724441362768624,0.171875,1.693367561729616,17.1875,0.8141875888204643,True
TNFRSF12A,ZY018,GW21,T2 (GW14-27),maternal,EC,mVEC,vEC,104,1,6,0.09726972020827375,0.2579231255999296,0.057692307692307696,1.6860084836100784,5.769230769230769,0.2635856433686245,True
TNFRSF12A,ZY018,GW21,T2 (GW14-27),maternal,DSC,DSC,DSC3,50,1,9,0.3101895746985236,0.8371048557526531,0.18,1.7232754149917977,18.0,0.8234142414067575,True
TNFRSF12A,ZY018,GW21,T2 (GW14-27),fetal,VCT,VCT,SCT_pro,26,1,4,0.2810767591561627,0.8816813879132375,0.23076923076923078,1.8269989345150577,15.384615384615385,0.9526985185538036,True
TNFRSF12A,ZY018,GW21,T2 (GW14-27),maternal,DSC,DSC,DSC0,127,1,14,0.18398825329368865,0.479830425515395,0.11023622047244094,1.6690362977356041,11.023622047244094,0.4630686234623641,True
TNFRSF12A,ZY018,GW21,T2 (GW14-27),maternal,DSC,DSC,DSC2,72,1,6,0.13459915928408614,0.3385473729285377,0.08333333333333333,1.6151899114090336,8.333333333333334,0.34332013458149274,True
TNFRSF12A,ZY018,GW21,T2 (GW14-27),fetal,HB,HB,HB,85,1,6,0.1252468295087171,0.34980931359297757,0.07058823529411765,1.7743300847068255,7.0588235294117645,0.33499528214977636,True
TNFRSF12A,ZY018,GW21,T2 (GW14-27),fetal,EC,fVEC,fEC,82,1,3,0.06072002396601919,0.15621965366831828,0.036585365853658534,1.6596806550711911,3.658536585365854,0.17081558749174391,True
TNFRSF12A,ZY018,GW21,T2 (GW14-27),maternal,DSC,DSC,DSC4,53,1,3,0.09139374108780793,0.22853558459850434,0.05660377358490566,1.61462275921794,5.660377358490566,0.26101255470388124,True
TNFRSF12A,ZY018,GW21,T2 (GW14-27),maternal,EC,mVEC,aEC,34,1,3,0.1420678971736428,0.35537966911710694,0.08823529411764706,1.6101028346346185,8.823529411764707,0.3803100794848066,True
TNFRSF12A,ZY018,GW21,T2 (GW14-27),fetal,VCT,VCT,fvVCT,46,1,4,0.138567544016607,0.3411744573721876,0.08695652173913043,1.5935267561909807,8.695652173913043,0.34467604759976217,True
TNFRSF12A,ZY018,GW21,T2 (GW14-27),maternal,EC,LEC,LEC,45,1,4,0.15305993821495664,0.41017972488222915,0.08888888888888889,1.7219243049182622,8.88888888888889,0.3872291815911247,True
TNFRSF12A,ZY018,GW21,T2 (GW14-27),fetal,VCT,VCT,EVTpro,8,1,0,0.0,0.0,0.0,0.0,0.0,0.0,False
TNFRSF12A,ZY018,GW21,T2 (GW14-27),fetal,VCT,VCT,VCT_dividing,69,1,5,0.11521045812043289,0.2853821759307731,0.07246376811594203,1.5899043220619737,7.246376811594203,0.2861066605630579,True
TNFRSF12A,ZY018,GW21,T2 (GW14-27),fetal,EVT,EVT,pEVT,42,1,8,0.33316932736996957,0.9051039577020144,0.19047619047619047,1.7491389686923402,19.047619047619047,0.898260742637069,True
TNFRSF12A,ZY018,GW21,T2 (GW14-27),fetal,SCT,SCT,SCT_b,16,1,2,0.2648450602033733,0.9269163971477277,0.1875,2.1187604816269867,12.5,1.0398973967901834,False
TNFRSF12A,ZY018,GW21,T2 (GW14-27),maternal,DSC,DSC,DSC1,74,1,7,0.17059081523342137,0.5111786964831978,0.10810810810810811,1.803388618181883,9.45945945945946,0.47086244342293454,True
TNFRSF12A,ZY018,GW21,T2 (GW14-27),maternal,cDC,cDC,cDC,8,1,0,0.0,0.0,0.0,0.0,0.0,0.0,False
TNFRSF12A,ZY018,GW21,T2 (GW14-27),maternal,T,T,T,9,1,0,0.0,0.0,0.0,0.0,0.0,0.0,False
TNFRSF12A,ZY018,GW21,T2 (GW14-27),maternal,Epi,cili,ciliated,3,1,1,0.6053040540969956,1.7155601303825703,0.3333333333333333,1.8159121622909868,33.333333333333336,1.684352366515075,False
TNFRSF12A,ZY018,GW21,T2 (GW14-27),maternal,DSC,eS,eS,2,1,0,0.0,0.0,0.0,0.0,0.0,0.0,False
TNFRSF12A,ZY018,GW21,T2 (GW14-27),fetal,EVT,EVT,eEVT,1,1,0,0.0,0.0,0.0,0.0,0.0,0.0,False
TNFRSF12A,ZY019,GW38,T3 (GW28-40),fetal,SCT,SCT,SCT_a,270,1,100,0.4969841420988207,1.11171438343215,0.4740740740740741,1.3418571836668158,37.03703703703704,1.1205511711072884,True
TNFRSF12A,ZY019,GW38,T3 (GW28-40),fetal,SCT,SCT,SCT,4726,1,2162,0.6836090724695528,1.7310375284167432,0.6591197630131189,1.4943276949542583,45.74693186627169,1.7193236914691021,True
TNFRSF12A,ZY019,GW38,T3 (GW28-40),fetal,SCT,SCT,SCT_b,427,1,176,0.7367588078482766,2.254034754529306,0.7634660421545667,1.78747733495008,41.21779859484778,2.247133698251303,True
TNFRSF12A,ZY019,GW38,T3 (GW28-40),fetal,HB,HB,HB,212,1,39,0.2571582853930988,0.5824560235401888,0.21226415094339623,1.3978860641881268,18.39622641509434,0.5791997775872854,True
TNFRSF12A,ZY019,GW38,T3 (GW28-40),mixed,FB,FB,FB,137,1,53,0.5396480696100644,1.274006208259498,0.5109489051094891,1.3949393497467704,38.68613138686131,1.2568340350656695,True
TNFRSF12A,ZY019,GW38,T3 (GW28-40),fetal,VCT,VCT,VCT,695,1,182,0.3265349474230815,0.6689967962655472,0.2906474820143885,1.2469329036211079,26.18705035971223,0.6642988687187582,True
TNFRSF12A,ZY019,GW38,T3 (GW28-40),fetal,EC,fVEC,fEC,524,1,142,0.38806815188437843,0.9205994933523345,0.3416030534351145,1.4320261379395374,27.099236641221374,0.9124171306061406,True
TNFRSF12A,ZY019,GW38,T3 (GW28-40),mixed,PV,PV,pvSMC,323,1,114,0.5045491272591741,1.2102957919754174,0.4520123839009288,1.42955586056766,35.294117647058826,1.2180440715041927,True
TNFRSF12A,ZY019,GW38,T3 (GW28-40),fetal,VCT,VCT,VCT_dividing,166,1,36,0.27350752337813933,0.5592492289367452,0.2289156626506024,1.26117358002142,21.686746987951807,0.5353409558371888,True
TNFRSF12A,ZY019,GW38,T3 (GW28-40),fetal,VCT,VCT,avVCT,121,1,34,0.44367266348235485,1.177120997928635,0.4049586776859504,1.5789527141577921,28.09917355371901,1.157432012679786,True
TNFRSF12A,ZY019,GW38,T3 (GW28-40),maternal,M,M,CD14_M,48,1,11,0.3130783059762715,0.6892148549739443,0.25,1.3661598806237303,22.916666666666668,0.7119718059164857,True
TNFRSF12A,ZY019,GW38,T3 (GW28-40),maternal,EC,mVEC,vEC,68,1,20,0.4360736154749272,1.0888094636056946,0.39705882352941174,1.4826502926147525,29.41176470588235,1.0950370487534828,True
TNFRSF12A,ZY019,GW38,T3 (GW28-40),fetal,VCT,VCT,EVTpro,16,1,8,0.9127244363824909,3.095447256229766,1.0625,1.8254488727649818,50.0,2.9405659724624647,False
TNFRSF12A,ZY019,GW38,T3 (GW28-40),ambiguous,EVT,GC,GC,159,1,81,0.8533665136628977,2.459599026340592,0.8867924528301887,1.6751268601530955,50.943396226415096,2.4913729585318922,True
TNFRSF12A,ZY019,GW38,T3 (GW28-40),fetal,EVT,EVT,iEVT,26,1,8,0.4189225685537743,1.001499731174222,0.38461538461538464,1.3614983477997664,30.76923076923077,0.9393640505377859,True
TNFRSF12A,ZY019,GW38,T3 (GW28-40),fetal,VCT,VCT,SCT_pro,41,1,18,0.588793260462061,1.3180792853526093,0.5365853658536586,1.3411402043858056,43.90243902439025,1.2825146614744254,True
TNFRSF12A,ZY019,GW38,T3 (GW28-40),fetal,EVT,EVT,EVT,9,1,1,0.21927729967801124,0.6884207627702051,0.2222222222222222,1.9734956971021012,11.11111111111111,0.5343164756485266,False
TNFRSF12A,ZY019,GW38,T3 (GW28-40),fetal,VCT,VCT,fvVCT,112,1,24,0.2700689604489577,0.5523952408716059,0.24107142857142858,1.2603218154284692,21.428571428571427,0.5485597259639413,True
TNFRSF12A,ZY019,GW38,T3 (GW28-40),maternal,T,T,T,19,1,6,0.4600800797828063,1.1319968772923905,0.42105263157894735,1.4569202526455534,31.57894736842105,1.1751399150961412,False
TNFRSF12A,ZY019,GW38,T3 (GW28-40),maternal,M,M,CD16_M,28,1,6,0.31676386247161326,0.771289792823697,0.2857142857142857,1.478231358200862,21.428571428571427,0.7950152543551929,True
TNFRSF12A,ZY019,GW38,T3 (GW28-40),fetal,EVT,EVT,pEVT,1,1,0,0.0,0.0,0.0,0.0,0.0,0.0,False
TNFRSF12A,ZY019,GW38,T3 (GW28-40),maternal,DSC,DSC,DSC1,16,1,9,0.6731635977048092,1.301112572241613,0.5625,1.1967352848085495,56.25,1.3795006207752794,False
TNFRSF12A,ZY019,GW38,T3 (GW28-40),maternal,B,B,B,12,1,3,0.4350738137771249,1.2767134227364842,0.4166666666666667,1.7402952551084996,25.0,1.2502813132954915,False
TNFRSF12A,ZY019,GW38,T3 (GW28-40),maternal,DSC,DSC,DSC3,17,1,8,0.5679820525037017,1.1062008065232376,0.47058823529411764,1.2069618615703661,47.05882352941177,1.142628617133716,False
TNFRSF12A,ZY019,GW38,T3 (GW28-40),maternal,dNK,dNK,dNK,24,1,9,0.6011728178814683,1.6763755305928243,0.625,1.603127514350582,37.5,1.7666179865265934,True
TNFRSF12A,ZY019,GW38,T3 (GW28-40),maternal,DSC,DSC,DSC0,10,1,2,0.2448590725176373,0.4809134139170176,0.2,1.2242953625881865,20.0,0.4959948416536468,False
TNFRSF12A,ZY019,GW38,T3 (GW28-40),maternal,cDC,cDC,cDC,6,1,1,0.29227222490044596,0.7959248646927729,0.3333333333333333,1.753633349402676,16.666666666666668,0.9246844514309492,False
TNFRSF12A,ZY019,GW38,T3 (GW28-40),ambiguous,Ery,Ery,Ery,8,1,1,0.1746872639905398,0.3806333739342265,0.125,1.3974981119243184,12.5,0.37567151282918215,False
TNFRSF12A,ZY019,GW38,T3 (GW28-40),maternal,DSC,eS,eS,2,1,0,0.0,0.0,0.0,0.0,0.0,0.0,False
TNFRSF12A,ZY019,GW38,T3 (GW28-40),maternal,EC,mVEC,aEC,1,1,1,2.041728071952547,6.70391061452514,3.0,2.041728071952547,100.0,6.70391061452514,False
TNFRSF12A,ZY020,GW24,T2 (GW14-27),fetal,EC,fVEC,fEC,36,1,2,0.06023690767298086,0.1089713524794184,0.05555555555555555,1.0842643381136554,5.555555555555555,0.11017159225493707,True
TNFRSF12A,ZY020,GW24,T2 (GW14-27),fetal,SCT,SCT,SCT,3307,1,469,0.17683908907538073,0.37213930191686767,0.17145449047475053,1.2469229585762986,14.182038100997882,0.3743106692734181,True
TNFRSF12A,ZY020,GW24,T2 (GW14-27),fetal,HB,HB,HB,800,1,46,0.06496682083970673,0.12254930134541533,0.06,1.12985775373403,5.75,0.12336689855360022,True
TNFRSF12A,ZY020,GW24,T2 (GW14-27),maternal,M,M,CD14_M,285,1,21,0.08208577638552966,0.15452967957711858,0.07719298245614035,1.114021250946474,7.368421052631579,0.15345457639910468,True
TNFRSF12A,ZY020,GW24,T2 (GW14-27),mixed,FB,FB,FB,461,1,40,0.09512046991647463,0.17534858020010144,0.0911062906724512,1.09626341578737,8.676789587852495,0.17559130371526113,True
TNFRSF12A,ZY020,GW24,T2 (GW14-27),maternal,DSC,eS,eS,9,1,1,0.11449939005971016,0.20027237042377632,0.1111111111111111,1.0304945105373915,11.11111111111111,0.24946987651241112,False
TNFRSF12A,ZY020,GW24,T2 (GW14-27),fetal,SCT,SCT,SCT_a,247,1,36,0.16141190147533976,0.2988983284118539,0.15384615384615385,1.1074649906780256,14.574898785425102,0.3004817196410667,True
TNFRSF12A,ZY020,GW24,T2 (GW14-27),mixed,PV,PV,pvSMC,82,1,10,0.14181097411518775,0.2870778372433632,0.14634146341463414,1.1628499877445395,12.195121951219512,0.28889974937946744,True
TNFRSF12A,ZY020,GW24,T2 (GW14-27),maternal,Epi,Epi,Epi,172,1,20,0.1257250111926223,0.22991939459865682,0.12209302325581395,1.081235096256552,11.627906976744185,0.23177579995761813,True
TNFRSF12A,ZY020,GW24,T2 (GW14-27),maternal,dNK,dNK,dNK,270,1,24,0.10417542417648872,0.20939949871876717,0.1037037037037037,1.171973521985498,8.88888888888889,0.21340829045478069,True
TNFRSF12A,ZY020,GW24,T2 (GW14-27),fetal,VCT,VCT,VCT,307,1,33,0.12044590237871969,0.23314294235897148,0.12052117263843648,1.120511879705059,10.749185667752442,0.2298514972961388,True
TNFRSF12A,ZY020,GW24,T2 (GW14-27),ambiguous,EVT,GC,GC,69,1,11,0.20991479486059153,0.47051325772603086,0.2028985507246377,1.3167382586709833,15.942028985507246,0.496110845337444,True
TNFRSF12A,ZY020,GW24,T2 (GW14-27),maternal,M,M,CD16_M,101,1,7,0.07781303156832504,0.14722841750606275,0.07920792079207921,1.1227308840572614,6.930693069306931,0.16407765795551035,True
TNFRSF12A,ZY020,GW24,T2 (GW14-27),maternal,EC,mVEC,vEC,37,1,4,0.11978037493843528,0.21946881412432162,0.10810810810810811,1.1079684681805264,10.81081081081081,0.20962273148900268,True
TNFRSF12A,ZY020,GW24,T2 (GW14-27),fetal,EVT,EVT,iEVT,34,1,2,0.06338925206362592,0.11404765993658555,0.058823529411764705,1.0776172850816406,5.882352941176471,0.11456459724815837,True
TNFRSF12A,ZY020,GW24,T2 (GW14-27),fetal,SCT,SCT,SCT_b,234,1,24,0.14986658621034393,0.36429070701673594,0.15384615384615385,1.4611992155508533,10.256410256410257,0.38516762280962663,True
TNFRSF12A,ZY020,GW24,T2 (GW14-27),maternal,DSC,DSC,DSC1,13,1,1,0.0781276459781347,0.13547565502479203,0.07692307692307693,1.015659397715751,7.6923076923076925,0.14790492671310881,False
TNFRSF12A,ZY020,GW24,T2 (GW14-27),maternal,EC,mVEC,aEC,54,1,13,0.29428676104990176,0.5974999346507885,0.3148148148148148,1.2224219305149766,24.074074074074073,0.6038711694142805,True
TNFRSF12A,ZY020,GW24,T2 (GW14-27),fetal,VCT,VCT,VCT_dividing,75,1,4,0.05660889262699231,0.10091512807571643,0.05333333333333334,1.0614167367561058,5.333333333333333,0.10126889930833342,True
TNFRSF12A,ZY020,GW24,T2 (GW14-27),fetal,VCT,VCT,fvVCT,35,1,3,0.08804563521490757,0.15370737782752336,0.08571428571428572,1.027199077507255,8.571428571428571,0.16042694958850487,True
TNFRSF12A,ZY020,GW24,T2 (GW14-27),maternal,B,B,B,11,1,0,0.0,0.0,0.0,0.0,0.0,0.0,False
TNFRSF12A,ZY020,GW24,T2 (GW14-27),maternal,T,T,T,71,1,10,0.16997497766017147,0.344807713150432,0.15492957746478872,1.2068223413872174,14.084507042253522,0.37150866290654866,True
TNFRSF12A,ZY020,GW24,T2 (GW14-27),fetal,VCT,VCT,SCT_pro,32,1,5,0.16545550757989733,0.2942942968162579,0.15625,1.0589152485113429,15.625,0.3002155547683237,True
TNFRSF12A,ZY020,GW24,T2 (GW14-27),maternal,DSC,DSC,DSC3,22,1,5,0.303864094924797,0.6827685784882039,0.3181818181818182,1.3370020176691066,22.727272727272727,0.658148346637332,True
TNFRSF12A,ZY020,GW24,T2 (GW14-27),fetal,VCT,VCT,avVCT,36,1,5,0.161954555839524,0.31569783857735545,0.16666666666666666,1.1660728020445728,13.88888888888889,0.358093510151951,True
TNFRSF12A,ZY020,GW24,T2 (GW14-27),maternal,DSC,DSC,DSC4,28,1,1,0.03685313190120002,0.06451279933938893,0.03571428571428571,1.0318876932336005,3.5714285714285716,0.06763566022549729,True
TNFRSF12A,ZY020,GW24,T2 (GW14-27),maternal,DSC,DSC,DSC2,11,1,0,0.0,0.0,0.0,0.0,0.0,0.0,False
TNFRSF12A,ZY020,GW24,T2 (GW14-27),fetal,EVT,EVT,EVT,34,1,3,0.12111523829832518,0.27758356131180084,0.11764705882352941,1.3726393673810187,8.823529411764707,0.22747952684258416,True
TNFRSF12A,ZY020,GW24,T2 (GW14-27),maternal,DSC,DSC,DSC0,4,1,1,0.2765676321086084,0.5057657293141816,0.25,1.1062705284344336,25.0,0.48416771569671735,False
TNFRSF12A,ZY020,GW24,T2 (GW14-27),maternal,EC,LEC,LEC,3,1,0,0.0,0.0,0.0,0.0,0.0,0.0,False
TNFRSF12A,ZY020,GW24,T2 (GW14-27),maternal,cDC,cDC,cDC,14,1,2,0.1532474743796388,0.2748882930886449,0.14285714285714285,1.0727323206574715,14.285714285714286,0.28567755574283304,False
TNFRSF12A,ZY020,GW24,T2 (GW14-27),fetal,EVT,EVT,pEVT,2,1,0,0.0,0.0,0.0,0.0,0.0,0.0,False
TNFRSF12A,ZY020,GW24,T2 (GW14-27),fetal,VCT,VCT,EVTpro,4,1,2,0.5359525257698617,0.9606692633020688,0.5,1.0719050515397235,50.0,1.1008972312434635,False
TNFRSF12A,ZY020,GW24,T2 (GW14-27),fetal,EVT,EVT,eEVT,2,1,0,0.0,0.0,0.0,0.0,0.0,0.0,False
TNFRSF12A,ZY026,GW18,T2 (GW14-27),maternal,dNK,dNK,dNK,546,1,19,0.060428678896627716,0.17330978866082097,0.047619047619047616,1.7365294040820387,3.47985347985348,0.16703929278133273,True
TNFRSF12A,ZY026,GW18,T2 (GW14-27),fetal,SCT,SCT,SCT,1415,1,239,0.26024340120974754,0.6713440641125117,0.21696113074204948,1.540771601304572,16.890459363957596,0.6680398839394943,True
TNFRSF12A,ZY026,GW18,T2 (GW14-27),maternal,M,M,CD14_M,755,1,20,0.036499568734086614,0.07920707740493238,0.026490066225165563,1.3778587197117695,2.6490066225165565,0.08032093030914321,True
TNFRSF12A,ZY026,GW18,T2 (GW14-27),maternal,EC,mVEC,vEC,52,1,1,0.02440166919815493,0.04917097732234526,0.019230769230769232,1.2688867983040564,1.9230769230769231,0.05913870391616497,True
TNFRSF12A,ZY026,GW18,T2 (GW14-27),maternal,DSC,DSC,DSC0,47,1,4,0.11451549198072641,0.24259277308721686,0.0851063829787234,1.3455570307735354,8.51063829787234,0.2521479856527796,True
TNFRSF12A,ZY026,GW18,T2 (GW14-27),fetal,EVT,EVT,iEVT,315,1,78,0.33735938553514033,0.7320418634759202,0.2634920634920635,1.3624129031226822,24.761904761904763,0.7404724392589566,True
TNFRSF12A,ZY026,GW18,T2 (GW14-27),maternal,DSC,DSC,DSC4,170,1,13,0.09904234981700807,0.20325811450974204,0.07647058823529412,1.295169189914721,7.647058823529412,0.20983953731996172,True
TNFRSF12A,ZY026,GW18,T2 (GW14-27),fetal,VCT,VCT,VCT_dividing,77,1,10,0.1698308008666763,0.35250618719820415,0.12987012987012986,1.3076971666734074,12.987012987012987,0.3421306528537118,True
TNFRSF12A,ZY026,GW18,T2 (GW14-27),fetal,EVT,EVT,EVT,247,1,25,0.1421616492929357,0.3225902336872346,0.11336032388663968,1.4045570950142048,10.121457489878543,0.31355896140313155,True
TNFRSF12A,ZY026,GW18,T2 (GW14-27),maternal,T,T,T,106,1,0,0.0,0.0,0.0,0.0,0.0,0.0,True
TNFRSF12A,ZY026,GW18,T2 (GW14-27),fetal,SCT,SCT,SCT_b,47,1,11,0.4499331983736816,1.4633278052745158,0.40425531914893614,1.9224418475966396,23.404255319148938,1.4834246810636935,True
TNFRSF12A,ZY026,GW18,T2 (GW14-27),maternal,DSC,DSC,DSC1,44,1,2,0.0810981139307133,0.25319412496364774,0.06818181818181818,1.7841585064756926,4.545454545454546,0.1934161154307377,True
TNFRSF12A,ZY026,GW18,T2 (GW14-27),maternal,Epi,Epi,Epi,374,1,23,0.08130277095518211,0.1768462133659232,0.06417112299465241,1.3220537537929613,6.149732620320855,0.17813298815118742,True
TNFRSF12A,ZY026,GW18,T2 (GW14-27),fetal,VCT,VCT,EVTpro,45,1,4,0.11051076266831707,0.21931295336868295,0.08888888888888889,1.243246080018567,8.88888888888889,0.2563133173991888,True
TNFRSF12A,ZY026,GW18,T2 (GW14-27),mixed,PV,PV,pvSMC,59,1,5,0.12558703267217308,0.32496222234607824,0.1016949152542373,1.4819269855316421,8.474576271186441,0.31134542737348997,True
TNFRSF12A,ZY026,GW18,T2 (GW14-27),maternal,DSC,DSC,DSC3,29,1,4,0.17306794407467613,0.34581179261000244,0.13793103448275862,1.254742594541402,13.793103448275861,0.37354899562013805,True
TNFRSF12A,ZY026,GW18,T2 (GW14-27),maternal,M,M,CD16_M,80,1,6,0.11683697203522814,0.2969401130098622,0.0875,1.5578262938030418,7.5,0.2835018144116122,True
TNFRSF12A,ZY026,GW18,T2 (GW14-27),fetal,HB,HB,HB,163,1,5,0.03979184900542127,0.08184096350787624,0.03067484662576687,1.2972142775767335,3.067484662576687,0.09459073427003384,True
TNFRSF12A,ZY026,GW18,T2 (GW14-27),maternal,DSC,DSC,DSC2,89,1,2,0.028687402434505804,0.05822506746288561,0.02247191011235955,1.2765894083355083,2.247191011235955,0.05886317549172825,True
TNFRSF12A,ZY026,GW18,T2 (GW14-27),fetal,EVT,EVT,eEVT,11,1,0,0.0,0.0,0.0,0.0,0.0,0.0,False
TNFRSF12A,ZY026,GW18,T2 (GW14-27),mixed,FB,FB,FB,151,1,11,0.10543540020045691,0.2551311093575793,0.08609271523178808,1.4473404936608176,7.28476821192053,0.24969940033728627,True
TNFRSF12A,ZY026,GW18,T2 (GW14-27),maternal,EC,LEC,LEC,8,1,2,0.33579832608072735,0.7078147801826291,0.25,1.3431933043229094,25.0,0.728066982162359,False
TNFRSF12A,ZY026,GW18,T2 (GW14-27),fetal,VCT,VCT,avVCT,60,1,5,0.12324506914532284,0.3135445356456096,0.1,1.478940829743874,8.333333333333334,0.29827596492274655,True
TNFRSF12A,ZY026,GW18,T2 (GW14-27),fetal,SCT,SCT,SCT_a,88,1,10,0.1518327686559637,0.32661227581837243,0.125,1.3361283641724806,11.363636363636363,0.32387710336096104,True
TNFRSF12A,ZY026,GW18,T2 (GW14-27),fetal,EVT,EVT,pEVT,31,1,4,0.17247858498364846,0.36282033379394013,0.12903225806451613,1.3367090336232756,12.903225806451612,0.3681614019586187,True
TNFRSF12A,ZY026,GW18,T2 (GW14-27),fetal,VCT,VCT,VCT,202,1,10,0.06073298909246629,0.11935592289881729,0.04950495049504951,1.2268063796678192,4.9504950495049505,0.1256612925520552,True
TNFRSF12A,ZY026,GW18,T2 (GW14-27),fetal,VCT,VCT,fvVCT,23,1,1,0.05397611437681045,0.10698390961999316,0.043478260869565216,1.2414506306666404,4.3478260869565215,0.11134989477434944,True
TNFRSF12A,ZY026,GW18,T2 (GW14-27),ambiguous,EVT,GC,GC,10,1,0,0.0,0.0,0.0,0.0,0.0,0.0,False
TNFRSF12A,ZY026,GW18,T2 (GW14-27),maternal,cDC,cDC,cDC,10,1,0,0.0,0.0,0.0,0.0,0.0,0.0,False
TNFRSF12A,ZY026,GW18,T2 (GW14-27),fetal,EC,fVEC,fEC,29,1,5,0.22935410433366896,0.48157584932220965,0.1724137931034483,1.33025380513528,17.24137931034483,0.5334755934915978,True
TNFRSF12A,ZY026,GW18,T2 (GW14-27),fetal,VCT,VCT,SCT_pro,23,1,3,0.21680899745623866,0.6774275362174002,0.21739130434782608,1.6622023138311632,13.043478260869565,0.6228201295465869,True
TNFRSF12A,ZY026,GW18,T2 (GW14-27),maternal,EC,mVEC,aEC,18,1,5,0.4146171158160007,1.161954459233597,0.3888888888888889,1.4926216169376025,27.77777777777778,1.076178030594204,False
TNFRSF12A,ZY026,GW18,T2 (GW14-27),maternal,B,B,B,6,1,0,0.0,0.0,0.0,0.0,0.0,0.0,False
TNFRSF12A,ZY026,GW18,T2 (GW14-27),maternal,Epi,cili,ciliated,3,1,0,0.0,0.0,0.0,0.0,0.0,0.0,False
TNFRSF12A,ZY026,GW18,T2 (GW14-27),maternal,DSC,eS,eS,1,1,0,0.0,0.0,0.0,0.0,0.0,0.0,False
TNFRSF12A,ZY021,GW39,T3 (GW28-40),fetal,VCT,VCT,VCT,318,1,16,0.058424552690085646,0.1107576971102937,0.050314465408805034,1.1611879847154523,5.031446540880503,0.11237714894958972,True
TNFRSF12A,ZY021,GW39,T3 (GW28-40),ambiguous,EVT,GC,GC,55,1,5,0.11770872267596164,0.244079998354944,0.09090909090909091,1.294795949435578,9.090909090909092,0.26529561890814934,True
TNFRSF12A,ZY021,GW39,T3 (GW28-40),fetal,VCT,VCT,VCT_dividing,181,1,8,0.050242901055951826,0.09355912595015453,0.04419889502762431,1.13674563639091,4.419889502762431,0.09918998974623482,True
TNFRSF12A,ZY021,GW39,T3 (GW28-40),fetal,SCT,SCT,SCT,5228,1,332,0.08375165592960666,0.17773046231391726,0.06694720734506504,1.3188363168674206,6.350420811017598,0.17984801917447088,True
TNFRSF12A,ZY021,GW39,T3 (GW28-40),fetal,SCT,SCT,SCT_b,393,1,26,0.08893040351256881,0.18902444707318772,0.06615776081424936,1.3442172530938286,6.6157760814249365,0.1975217102949075,True
TNFRSF12A,ZY021,GW39,T3 (GW28-40),fetal,EVT,EVT,iEVT,172,1,31,0.2216687881352671,0.4430473831418604,0.19186046511627908,1.2299042438472885,18.023255813953487,0.4466624166060965,True
TNFRSF12A,ZY021,GW39,T3 (GW28-40),fetal,SCT,SCT,SCT_a,339,1,24,0.08767744587237314,0.17522421461837573,0.07374631268436578,1.2384439229472706,7.079646017699115,0.17635091857666468,True
TNFRSF12A,ZY021,GW39,T3 (GW28-40),fetal,EVT,EVT,EVT,165,1,4,0.028642444190538997,0.05481765151004577,0.024242424242424242,1.1815008228597337,2.4242424242424243,0.05677439134304081,True
TNFRSF12A,ZY021,GW39,T3 (GW28-40),fetal,VCT,VCT,fvVCT,59,1,3,0.05826377681917855,0.10908571118836026,0.05084745762711865,1.1458542774438447,5.084745762711864,0.11699144792515667,True
TNFRSF12A,ZY021,GW39,T3 (GW28-40),fetal,VCT,VCT,SCT_pro,49,1,3,0.07465787916629629,0.14639192760679148,0.061224489795918366,1.2194120263828394,6.122448979591836,0.14446622138966875,True
TNFRSF12A,ZY021,GW39,T3 (GW28-40),mixed,PV,PV,pvSMC,11,1,1,0.10941814548778567,0.21200814111261873,0.09090909090909091,1.2035996003656424,9.090909090909092,0.22678308198208413,False
TNFRSF12A,ZY021,GW39,T3 (GW28-40),maternal,M,M,CD16_M,143,1,8,0.06586212756771798,0.12584830782928585,0.055944055944055944,1.1772855302729588,5.594405594405594,0.13957781201311334,True
TNFRSF12A,ZY021,GW39,T3 (GW28-40),maternal,T,T,T,40,1,0,0.0,0.0,0.0,0.0,0.0,0.0,True
TNFRSF12A,ZY021,GW39,T3 (GW28-40),fetal,HB,HB,HB,18,1,0,0.0,0.0,0.0,0.0,0.0,0.0,False
TNFRSF12A,ZY021,GW39,T3 (GW28-40),maternal,M,M,CD14_M,42,1,2,0.05853906822166102,0.11519204962276797,0.047619047619047616,1.2293204326548814,4.761904761904762,0.11949144441258006,True
TNFRSF12A,ZY021,GW39,T3 (GW28-40),maternal,EC,mVEC,aEC,47,1,5,0.12300032707695084,0.23184313469943463,0.10638297872340426,1.1562030745233378,10.638297872340425,0.24000729622180514,True
TNFRSF12A,ZY021,GW39,T3 (GW28-40),maternal,DSC,DSC,DSC3,9,1,2,0.28427572695359044,0.5800218223910684,0.2222222222222222,1.2792407712911569,22.22222222222222,0.5935246461109298,False
TNFRSF12A,ZY021,GW39,T3 (GW28-40),mixed,FB,FB,FB,8,1,0,0.0,0.0,0.0,0.0,0.0,0.0,False
TNFRSF12A,ZY021,GW39,T3 (GW28-40),maternal,DSC,eS,eS,31,1,3,0.12495958440188806,0.25712561113675264,0.0967741935483871,1.29124903881951,9.67741935483871,0.2466375086323128,True
TNFRSF12A,ZY021,GW39,T3 (GW28-40),maternal,DSC,DSC,DSC1,2,1,0,0.0,0.0,0.0,0.0,0.0,0.0,False
TNFRSF12A,ZY021,GW39,T3 (GW28-40),fetal,EC,fVEC,fEC,19,1,0,0.0,0.0,0.0,0.0,0.0,0.0,False
TNFRSF12A,ZY021,GW39,T3 (GW28-40),maternal,dNK,dNK,dNK,26,1,1,0.04311418180287685,0.07953171724883884,0.038461538461538464,1.120968726874798,3.8461538461538463,0.1190518709001512,True
TNFRSF12A,ZY021,GW39,T3 (GW28-40),fetal,VCT,VCT,avVCT,43,1,3,0.08134636714836284,0.15414296469954525,0.06976744186046512,1.1659645957932006,6.976744186046512,0.17414928076347044,True
TNFRSF12A,ZY021,GW39,T3 (GW28-40),maternal,B,B,B,11,1,0,0.0,0.0,0.0,0.0,0.0,0.0,False
TNFRSF12A,ZY021,GW39,T3 (GW28-40),maternal,EC,mVEC,vEC,7,1,2,0.3887743430760174,0.8556265924943727,0.42857142857142855,1.3607102007660608,28.571428571428573,0.942507068803016,False
TNFRSF12A,ZY021,GW39,T3 (GW28-40),fetal,VCT,VCT,EVTpro,7,1,0,0.0,0.0,0.0,0.0,0.0,0.0,False
TNFRSF12A,ZY021,GW39,T3 (GW28-40),maternal,cDC,cDC,cDC,4,1,0,0.0,0.0,0.0,0.0,0.0,0.0,False
TNFRSF12A,ZY021,GW39,T3 (GW28-40),fetal,EVT,EVT,pEVT,1,1,0,0.0,0.0,0.0,0.0,0.0,0.0,False
TNFRSF12A,ZY001,GW5,T1 (GW5-13),maternal,Epi,Epi,Epi,1693,1,144,0.10502886609984832,0.21225974557672628,0.09214412285883047,1.2348185437989112,8.505611340815122,0.21511446640649767,True
TNFRSF12A,ZY001,GW5,T1 (GW5-13),maternal,DSC,eS,eS,2836,1,84,0.03855621010521418,0.08038832975890291,0.030324400564174896,1.301731093552231,2.9619181946403383,0.08257832578205755,True
TNFRSF12A,ZY001,GW5,T1 (GW5-13),maternal,DSC,DSC,DSC2,318,1,7,0.026714784845852227,0.052332253326582465,0.0220125786163522,1.2136145115687156,2.20125786163522,0.05299946697678926,True
TNFRSF12A,ZY001,GW5,T1 (GW5-13),fetal,VCT,VCT,VCT_dividing,648,1,55,0.10093499346097695,0.19774238535734623,0.09104938271604938,1.1891977411402375,8.487654320987655,0.20550960809666058,True
TNFRSF12A,ZY001,GW5,T1 (GW5-13),mixed,PV,PV,pvSMC,86,1,4,0.05674581747670213,0.1121026057471699,0.046511627906976744,1.2200350757490959,4.651162790697675,0.11623548146189365,True
TNFRSF12A,ZY001,GW5,T1 (GW5-13),maternal,DSC,DSC,DSC3,186,1,14,0.0917473850475716,0.18088891676515773,0.07526881720430108,1.2189295442034513,7.526881720430108,0.18499749592675158,True
TNFRSF12A,ZY001,GW5,T1 (GW5-13),ambiguous,EVT,GC,GC,67,1,5,0.10571771173699836,0.233967044988486,0.07462686567164178,1.416617337275778,7.462686567164179,0.22029343084989206,True
TNFRSF12A,ZY001,GW5,T1 (GW5-13),maternal,DSC,DSC,DSC4,32,1,2,0.07911508893220204,0.1614820587486026,0.0625,1.2658414229152326,6.25,0.15278605368901926,True
TNFRSF12A,ZY001,GW5,T1 (GW5-13),maternal,DSC,DSC,DSC0,277,1,13,0.05816143528895168,0.11704506545928281,0.05054151624548736,1.2392859673107397,4.693140794223827,0.12718196559727832,True
TNFRSF12A,ZY001,GW5,T1 (GW5-13),maternal,EC,mVEC,vEC,173,1,4,0.02716560985631236,0.05201244235788443,0.023121387283236993,1.1749126262855096,2.3121387283236996,0.05552139447534364,True
TNFRSF12A,ZY001,GW5,T1 (GW5-13),maternal,T,T,T,81,1,3,0.05128943031140427,0.11298295244275325,0.037037037037037035,1.3848146184079153,3.7037037037037037,0.1144003325236332,True
TNFRSF12A,ZY001,GW5,T1 (GW5-13),fetal,SCT,SCT,SCT,110,1,5,0.06175564205259252,0.13683517185283872,0.05454545454545454,1.3586241251570355,4.545454545454546,0.16532478053135385,True
TNFRSF12A,ZY001,GW5,T1 (GW5-13),fetal,VCT,VCT,avVCT,38,1,4,0.13000698793172832,0.2588845779974882,0.10526315789473684,1.235066385351419,10.526315789473685,0.2768031998449902,True
TNFRSF12A,ZY001,GW5,T1 (GW5-13),maternal,dNK,dNK,dNK,119,1,9,0.09757211565226385,0.20140544251812273,0.07563025210084033,1.2901201958466,7.563025210084033,0.21406298684464023,True
TNFRSF12A,ZY001,GW5,T1 (GW5-13),maternal,M,M,CD14_M,50,1,0,0.0,0.0,0.0,0.0,0.0,0.0,True
TNFRSF12A,ZY001,GW5,T1 (GW5-13),maternal,DSC,DSC,DSC1,49,1,1,0.028718432105901432,0.06294930063326996,0.02040816326530612,1.40720317318917,2.0408163265306123,0.04800652888792876,True
TNFRSF12A,ZY001,GW5,T1 (GW5-13),fetal,VCT,VCT,EVTpro,22,1,1,0.05187064317132972,0.09683541852267884,0.045454545454545456,1.141154149769254,4.545454545454546,0.12229274437147644,True
TNFRSF12A,ZY001,GW5,T1 (GW5-13),fetal,EC,fVEC,fEC,63,1,5,0.09146494233105863,0.17202057294732187,0.07936507936507936,1.1524582733713387,7.936507936507937,0.17960737827109938,True
TNFRSF12A,ZY001,GW5,T1 (GW5-13),maternal,Epi,cili,ciliated,28,1,1,0.041264718261583934,0.0776904192175021,0.03571428571428571,1.15541211132435,3.5714285714285716,0.08265214193025812,True
TNFRSF12A,ZY001,GW5,T1 (GW5-13),fetal,EVT,EVT,EVT,6,1,0,0.0,0.0,0.0,0.0,0.0,0.0,False
TNFRSF12A,ZY001,GW5,T1 (GW5-13),maternal,cDC,cDC,cDC,14,1,1,0.09917128880987368,0.21488739900292247,0.07142857142857142,1.3883980433382315,7.142857142857143,0.18666816001194675,False
TNFRSF12A,ZY001,GW5,T1 (GW5-13),maternal,M,M,CD16_M,17,1,0,0.0,0.0,0.0,0.0,0.0,0.0,False
TNFRSF12A,ZY001,GW5,T1 (GW5-13),maternal,B,B,B,9,1,0,0.0,0.0,0.0,0.0,0.0,0.0,False
TNFRSF12A,ZY001,GW5,T1 (GW5-13),maternal,EC,LEC,LEC,25,1,1,0.0456113994027471,0.0851063829787234,0.04,1.1402849850686776,4.0,0.09321054397673464,True
TNFRSF12A,ZY001,GW5,T1 (GW5-13),maternal,EC,mVEC,aEC,3,1,1,0.3774142669686313,0.7008690776562938,0.3333333333333333,1.1322428009058938,33.333333333333336,0.688752668916592,False
TNFRSF12A,ZY001,GW5,T1 (GW5-13),mixed,FB,FB,FB,1,1,0,0.0,0.0,0.0,0.0,0.0,0.0,False
TNFRSF12A,ZY001,GW5,T1 (GW5-13),fetal,SCT,SCT,SCT_b,2,1,0,0.0,0.0,0.0,0.0,0.0,0.0,False
TNFRSF12A,ZY002,GW6,T1 (GW5-13),maternal,Epi,Epi,Epi,3662,1,100,0.02781803328962109,0.048633917937947566,0.0275805570726379,1.0186963790659243,2.7307482250136537,0.048340802465936125,True
TNFRSF12A,ZY002,GW6,T1 (GW5-13),maternal,M,M,CD14_M,316,1,5,0.015569452433432933,0.026647923394127672,0.015822784810126583,0.9839893937929614,1.5822784810126582,0.029112132364714466,True
TNFRSF12A,ZY002,GW6,T1 (GW5-13),maternal,DSC,DSC,DSC3,123,1,9,0.07345675366872695,0.12917304758311488,0.08130081300813008,1.0039089668059349,7.317073170731708,0.14421815014263176,True
TNFRSF12A,ZY002,GW6,T1 (GW5-13),maternal,DSC,DSC,DSC0,583,1,7,0.012156050696138876,0.021155562444689562,0.012006861063464836,1.0124253651212807,1.2006861063464838,0.02177093493102968,True
TNFRSF12A,ZY002,GW6,T1 (GW5-13),maternal,DSC,DSC,DSC1,519,1,33,0.06239311247683231,0.10640443841987224,0.06358381502890173,0.9812734962265445,6.358381502890174,0.10739090223327517,True
TNFRSF12A,ZY002,GW6,T1 (GW5-13),maternal,DSC,eS,eS,338,1,7,0.020693618373001106,0.035654518369168726,0.020710059171597635,0.9992061442963391,2.0710059171597632,0.03811407215102756,True
TNFRSF12A,ZY002,GW6,T1 (GW5-13),maternal,dNK,dNK,dNK,602,1,12,0.019850795349096364,0.03422641234910547,0.019933554817275746,0.9958482333463343,1.9933554817275747,0.037817990207031436,True
TNFRSF12A,ZY002,GW6,T1 (GW5-13),maternal,EC,mVEC,vEC,158,1,7,0.04290006704674555,0.07254148180093387,0.04430379746835443,0.9683157990551139,4.430379746835443,0.0761033352830283,True
TNFRSF12A,ZY002,GW6,T1 (GW5-13),maternal,cDC,cDC,cDC,44,1,0,0.0,0.0,0.0,0.0,0.0,0.0,True
TNFRSF12A,ZY002,GW6,T1 (GW5-13),maternal,DSC,DSC,DSC2,96,1,2,0.01918020150147976,0.03148063608004261,0.020833333333333332,0.9206496720710285,2.0833333333333335,0.03395931673854722,True
TNFRSF12A,ZY002,GW6,T1 (GW5-13),mixed,PV,PV,pvSMC,60,1,2,0.033398628003291075,0.05772601020665587,0.03333333333333333,1.0019588400987323,3.3333333333333335,0.0625852724336909,True
TNFRSF12A,ZY002,GW6,T1 (GW5-13),fetal,SCT,SCT,SCT,97,1,1,0.009506706562905594,0.015615386777515092,0.010309278350515464,0.9221505366018427,1.0309278350515463,0.01907898125871671,True
TNFRSF12A,ZY002,GW6,T1 (GW5-13),ambiguous,EVT,GC,GC,85,1,6,0.06960833725164514,0.11894752252793009,0.07058823529411765,0.9861181110649729,7.0588235294117645,0.12244348212937378,True
TNFRSF12A,ZY002,GW6,T1 (GW5-13),maternal,EC,LEC,LEC,287,1,19,0.06870826859448709,0.12498982522516974,0.07317073170731707,1.0378564782430417,6.620209059233449,0.12326026934129712,True
TNFRSF12A,ZY002,GW6,T1 (GW5-13),maternal,Epi,cili,ciliated,76,1,2,0.024441488556688092,0.04032185643415721,0.02631578947368421,0.9287765651541475,2.6315789473684212,0.042927943300772486,True
TNFRSF12A,ZY002,GW6,T1 (GW5-13),fetal,EVT,EVT,EVT,6,1,0,0.0,0.0,0.0,0.0,0.0,0.0,False
TNFRSF12A,ZY002,GW6,T1 (GW5-13),maternal,M,M,CD16_M,31,1,1,0.03117664260266941,0.052537564358516343,0.03225806451612903,0.9664759206827517,3.225806451612903,0.05633136361331899,True
TNFRSF12A,ZY002,GW6,T1 (GW5-13),maternal,B,B,B,32,1,0,0.0,0.0,0.0,0.0,0.0,0.0,True
TNFRSF12A,ZY002,GW6,T1 (GW5-13),fetal,VCT,VCT,VCT_dividing,19,1,2,0.09527543959493205,0.15498544514666798,0.10526315789473684,0.9051166761518544,10.526315789473685,0.1644006773307906,False
TNFRSF12A,ZY002,GW6,T1 (GW5-13),maternal,T,T,T,52,1,1,0.01802467907637167,0.029866080495060152,0.019230769230769232,0.937283311971327,1.9230769230769231,0.04115429568538364,True
TNFRSF12A,ZY002,GW6,T1 (GW5-13),fetal,EC,fVEC,fEC,9,1,0,0.0,0.0,0.0,0.0,0.0,0.0,False
TNFRSF12A,ZY002,GW6,T1 (GW5-13),maternal,DSC,DSC,DSC4,21,1,2,0.09490134517827986,0.16273281598673392,0.09523809523809523,0.9964641243719385,9.523809523809524,0.1565680288085173,True
TNFRSF12A,ZY002,GW6,T1 (GW5-13),maternal,EC,mVEC,aEC,14,1,4,0.37101478082229067,0.7799461880346936,0.5,1.2985517328780174,28.571428571428573,0.7771991961539743,False
TNFRSF12A,ZY002,GW6,T1 (GW5-13),ambiguous,Ery,Ery,Ery,1,1,0,0.0,0.0,0.0,0.0,0.0,0.0,False
TNFRSF12A,ZY002,GW6,T1 (GW5-13),fetal,VCT,VCT,EVTpro,2,1,0,0.0,0.0,0.0,0.0,0.0,0.0,False
TNFRSF12A,ZY002,GW6,T1 (GW5-13),fetal,VCT,VCT,avVCT,4,1,1,0.2588178811504169,0.45396767750136185,0.25,1.0352715246016675,25.0,0.43114598603087007,False
TNFRSF12A,ZY003,GW7,T1 (GW5-13),maternal,Epi,Epi,Epi,5256,1,143,0.03569408199674609,0.07460062709585484,0.027968036529680364,1.311944720104178,2.7207001522070016,0.07642615494347506,True
TNFRSF12A,ZY003,GW7,T1 (GW5-13),maternal,DSC,DSC,DSC0,651,1,15,0.030522127248890526,0.06495967378107827,0.02457757296466974,1.3246603226018487,2.304147465437788,0.062159893116063784,True
TNFRSF12A,ZY003,GW7,T1 (GW5-13),maternal,M,M,CD14_M,641,1,11,0.023391235101766834,0.050379257631332414,0.0171606864274571,1.3630710636575036,1.71606864274571,0.053426535114347355,True
TNFRSF12A,ZY003,GW7,T1 (GW5-13),maternal,DSC,DSC,DSC1,568,1,45,0.09838950969956001,0.1965746310045428,0.08098591549295775,1.2418942557633352,7.922535211267606,0.19879375407311115,True
TNFRSF12A,ZY003,GW7,T1 (GW5-13),maternal,dNK,dNK,dNK,1199,1,28,0.0344782687019322,0.08087975102901471,0.025020850708924104,1.476408720486311,2.335279399499583,0.08194701742903798,True
TNFRSF12A,ZY003,GW7,T1 (GW5-13),maternal,EC,mVEC,vEC,327,1,13,0.0488686059513042,0.09628309999966222,0.039755351681957186,1.2292333958520363,3.9755351681957185,0.10367710801479871,True
TNFRSF12A,ZY003,GW7,T1 (GW5-13),maternal,DSC,DSC,DSC2,338,1,9,0.032832063743162936,0.0648202965641569,0.026627218934911243,1.2330263939098969,2.662721893491124,0.06860237150775816,True
TNFRSF12A,ZY003,GW7,T1 (GW5-13),maternal,DSC,DSC,DSC3,55,1,3,0.0660769483718771,0.12871136209990322,0.05454545454545454,1.2114107201510802,5.454545454545454,0.1456720824309757,True
TNFRSF12A,ZY003,GW7,T1 (GW5-13),mixed,PV,PV,pvSMC,16,1,1,0.09255394746559413,0.21229619565217392,0.0625,1.480863159449506,6.25,0.18720632008536608,False
TNFRSF12A,ZY003,GW7,T1 (GW5-13),fetal,EVT,EVT,EVT,98,1,3,0.03831999345065516,0.07653026245785821,0.030612244897959183,1.251786452721402,3.061224489795918,0.07353265585246407,True
TNFRSF12A,ZY003,GW7,T1 (GW5-13),maternal,DSC,DSC,DSC4,54,1,4,0.09958681298742202,0.21842340879454486,0.09259259259259259,1.3444219753301971,7.407407407407407,0.23062092377517227,True
TNFRSF12A,ZY003,GW7,T1 (GW5-13),fetal,VCT,VCT,VCT_dividing,31,1,0,0.0,0.0,0.0,0.0,0.0,0.0,True
TNFRSF12A,ZY003,GW7,T1 (GW5-13),maternal,cDC,cDC,cDC,40,1,1,0.029819342581714026,0.057405281285878296,0.025,1.192773703268561,2.5,0.06480629398727204,True
TNFRSF12A,ZY003,GW7,T1 (GW5-13),maternal,M,M,CD16_M,147,1,1,0.008021712971663012,0.015317993894247633,0.006802721088435374,1.179191806834463,0.6802721088435374,0.02043581417305456,True
TNFRSF12A,ZY003,GW7,T1 (GW5-13),maternal,T,T,T,70,1,1,0.022545505270428517,0.054945054945054944,0.014285714285714285,1.578185368929996,1.4285714285714286,0.05456162462693489,True
TNFRSF12A,ZY003,GW7,T1 (GW5-13),maternal,B,B,B,32,1,0,0.0,0.0,0.0,0.0,0.0,0.0,True
TNFRSF12A,ZY003,GW7,T1 (GW5-13),maternal,EC,LEC,LEC,48,1,1,0.025995528279616997,0.0517212843429328,0.020833333333333332,1.2477853574216158,2.0833333333333335,0.05542192713125021,True
TNFRSF12A,ZY003,GW7,T1 (GW5-13),maternal,DSC,eS,eS,40,1,0,0.0,0.0,0.0,0.0,0.0,0.0,True
TNFRSF12A,ZY003,GW7,T1 (GW5-13),ambiguous,EVT,GC,GC,63,1,5,0.1138548706686221,0.2569033167323929,0.07936507936507936,1.4345713704246383,7.936507936507937,0.2344544947271184,True
TNFRSF12A,ZY003,GW7,T1 (GW5-13),fetal,HB,HB,HB,2,1,0,0.0,0.0,0.0,0.0,0.0,0.0,False
TNFRSF12A,ZY003,GW7,T1 (GW5-13),fetal,SCT,SCT,SCT,44,1,1,0.03163685411351785,0.06870396834121138,0.022727272727272728,1.3920215809947853,2.272727272727273,0.05977786545198044,True
TNFRSF12A,ZY003,GW7,T1 (GW5-13),ambiguous,Ery,Ery,Ery,17,1,1,0.09125135812426756,0.21867483052700634,0.058823529411764705,1.5512730881125485,5.882352941176471,0.22716430794393586,False
TNFRSF12A,ZY003,GW7,T1 (GW5-13),fetal,EVT,EVT,iEVT,11,1,2,0.22296211711625719,0.43798743602508255,0.18181818181818182,1.2262916441394145,18.181818181818183,0.4310809354456299,False
TNFRSF12A,ZY003,GW7,T1 (GW5-13),fetal,EC,fVEC,fEC,14,1,0,0.0,0.0,0.0,0.0,0.0,0.0,False
TNFRSF12A,ZY003,GW7,T1 (GW5-13),maternal,Epi,cili,ciliated,24,1,0,0.0,0.0,0.0,0.0,0.0,0.0,True
TNFRSF12A,ZY003,GW7,T1 (GW5-13),fetal,EVT,EVT,eEVT,10,1,0,0.0,0.0,0.0,0.0,0.0,0.0,False
TNFRSF12A,ZY003,GW7,T1 (GW5-13),maternal,EC,mVEC,aEC,9,1,1,0.14700451082574242,0.30609121518212423,0.1111111111111111,1.323040597431682,11.11111111111111,0.28787747934479085,False
TNFRSF12A,ZY003,GW7,T1 (GW5-13),fetal,SCT,SCT,SCT_a,2,1,0,0.0,0.0,0.0,0.0,0.0,0.0,False
TNFRSF12A,ZY003,GW7,T1 (GW5-13),fetal,VCT,VCT,avVCT,1,1,0,0.0,0.0,0.0,0.0,0.0,0.0,False
TNFRSF12A,ZY003,GW7,T1 (GW5-13),fetal,SCT,SCT,SCT_b,1,1,0,0.0,0.0,0.0,0.0,0.0,0.0,False
TNFRSF12A,ZY003,GW7,T1 (GW5-13),fetal,VCT,VCT,VCT,1,1,0,0.0,0.0,0.0,0.0,0.0,0.0,False
TNFRSF12A,ZY004,GW8,T1 (GW5-13),maternal,Epi,Epi,Epi,3185,1,91,0.03244875494125342,0.06088059698209485,0.029513343799058084,1.1357064229438696,2.857142857142857,0.06344854306282992,True
TNFRSF12A,ZY004,GW8,T1 (GW5-13),maternal,dNK,dNK,dNK,939,1,9,0.012114210258906426,0.024691096764463863,0.009584664536741214,1.2639159370125705,0.9584664536741214,0.026327898767474045,True
TNFRSF12A,ZY004,GW8,T1 (GW5-13),maternal,DSC,DSC,DSC0,1395,1,20,0.016844196467818047,0.0321953178802989,0.014336917562724014,1.1748827036303087,1.4336917562724014,0.03289555923108604,True
TNFRSF12A,ZY004,GW8,T1 (GW5-13),maternal,DSC,DSC,DSC3,198,1,9,0.05014378854022897,0.09188888334091247,0.045454545454545456,1.1031633478850373,4.545454545454546,0.09305595764919972,True
TNFRSF12A,ZY004,GW8,T1 (GW5-13),maternal,EC,LEC,LEC,306,1,21,0.07753306395285756,0.14806092950444186,0.07516339869281045,1.1297675033130672,6.862745098039215,0.1556576128077791,True
TNFRSF12A,ZY004,GW8,T1 (GW5-13),maternal,T,T,T,131,1,1,0.00982590760948394,0.020019899780381697,0.007633587786259542,1.2871938968423962,0.7633587786259542,0.022437119971280485,True
TNFRSF12A,ZY004,GW8,T1 (GW5-13),maternal,DSC,DSC,DSC1,606,1,20,0.03602208393840599,0.06538428935329929,0.033003300330033,1.0914691433337014,3.3003300330033003,0.0679180338000887,True
TNFRSF12A,ZY004,GW8,T1 (GW5-13),maternal,DSC,DSC,DSC2,584,1,6,0.012209575058624293,0.023546926090155053,0.010273972602739725,1.1883986390394312,1.0273972602739727,0.02244943545282195,True
TNFRSF12A,ZY004,GW8,T1 (GW5-13),fetal,EVT,EVT,EVT,23,1,0,0.0,0.0,0.0,0.0,0.0,0.0,True
TNFRSF12A,ZY004,GW8,T1 (GW5-13),maternal,M,M,CD14_M,294,1,0,0.0,0.0,0.0,0.0,0.0,0.0,True
TNFRSF12A,ZY004,GW8,T1 (GW5-13),maternal,DSC,DSC,DSC4,4,1,0,0.0,0.0,0.0,0.0,0.0,0.0,False
TNFRSF12A,ZY004,GW8,T1 (GW5-13),maternal,EC,mVEC,vEC,148,1,4,0.029335787307277098,0.053032023813203016,0.02702702702702703,1.0854241303692527,2.7027027027027026,0.057673120288826984,True
TNFRSF12A,ZY004,GW8,T1 (GW5-13),mixed,PV,PV,pvSMC,46,1,4,0.10853227989760465,0.21631563979193844,0.08695652173913043,1.2481212188224535,8.695652173913043,0.21286672946235186,True
TNFRSF12A,ZY004,GW8,T1 (GW5-13),ambiguous,EVT,GC,GC,50,1,2,0.04295638241502373,0.07707961365606937,0.04,1.0739095603755933,4.0,0.09887431591332678,True
TNFRSF12A,ZY004,GW8,T1 (GW5-13),maternal,cDC,cDC,cDC,52,1,1,0.020732835699628808,0.03729061320684358,0.019230769230769232,1.078107456380698,1.9230769230769231,0.044844255899261866,True
TNFRSF12A,ZY004,GW8,T1 (GW5-13),maternal,B,B,B,50,1,0,0.0,0.0,0.0,0.0,0.0,0.0,True
TNFRSF12A,ZY004,GW8,T1 (GW5-13),fetal,VCT,VCT,EVTpro,3,1,0,0.0,0.0,0.0,0.0,0.0,0.0,False
TNFRSF12A,ZY004,GW8,T1 (GW5-13),maternal,DSC,eS,eS,49,1,1,0.02297407773420843,0.042499298761570437,0.02040816326530612,1.125729808976213,2.0408163265306123,0.05192728103563769,True
TNFRSF12A,ZY004,GW8,T1 (GW5-13),fetal,VCT,VCT,avVCT,4,1,1,0.26094453434523746,0.45998160073597055,0.25,1.0437781373809498,25.0,0.5792064871126557,False
TNFRSF12A,ZY004,GW8,T1 (GW5-13),fetal,SCT,SCT,SCT,2,1,1,0.6447384316493956,1.3154433043935807,0.5,1.2894768632987912,50.0,1.3199577613516367,False
TNFRSF12A,ZY004,GW8,T1 (GW5-13),maternal,Epi,cili,ciliated,3,1,0,0.0,0.0,0.0,0.0,0.0,0.0,False
TNFRSF12A,ZY004,GW8,T1 (GW5-13),fetal,VCT,VCT,VCT_dividing,15,1,2,0.2024201013172499,0.5260905835515165,0.26666666666666666,1.5181507598793744,13.333333333333334,0.5849749192003393,False
TNFRSF12A,ZY004,GW8,T1 (GW5-13),maternal,EC,mVEC,aEC,6,1,4,0.7860796907354123,1.5502123346344636,0.8333333333333334,1.1791195361031184,66.66666666666667,1.6094765982102621,False
TNFRSF12A,ZY004,GW8,T1 (GW5-13),maternal,M,M,CD16_M,17,1,1,0.06226015266784176,0.110695388430118,0.058823529411764705,1.05842259535331,5.882352941176471,0.143143429716576,False
TNFRSF12A,ZY004,GW8,T1 (GW5-13),fetal,SCT,SCT,SCT_b,2,1,0,0.0,0.0,0.0,0.0,0.0,0.0,False
TNFRSF12A,ZY004,GW8,T1 (GW5-13),mixed,FB,FB,FB,1,1,0,0.0,0.0,0.0,0.0,0.0,0.0,False
TNFRSF12A,ZY004,GW8,T1 (GW5-13),fetal,EC,fVEC,fEC,1,1,0,0.0,0.0,0.0,0.0,0.0,0.0,False
TNFRSF12A,ZY005,GW6,T1 (GW5-13),maternal,Epi,Epi,Epi,8441,1,152,0.018651321885476874,0.03277638532219084,0.018007345101291317,1.0357618949691467,1.8007345101291317,0.03380666068614977,True
TNFRSF12A,ZY005,GW6,T1 (GW5-13),maternal,M,M,CD14_M,641,1,3,0.005644490443628813,0.010968299074874201,0.0046801872074883,1.206039458122023,0.46801872074882994,0.010033706564920423,True
TNFRSF12A,ZY005,GW6,T1 (GW5-13),maternal,DSC,DSC,DSC1,1194,1,33,0.02872902646570457,0.05072038286109682,0.02763819095477387,1.0394684121227653,2.763819095477387,0.05390291399153038,True
TNFRSF12A,ZY005,GW6,T1 (GW5-13),maternal,DSC,DSC,DSC0,3029,1,27,0.009673854839356118,0.017568226825047436,0.008913832948167713,1.085263196607766,0.8913832948167713,0.01860233364208614,True
TNFRSF12A,ZY005,GW6,T1 (GW5-13),maternal,DSC,DSC,DSC2,551,1,7,0.013113607903331314,0.022994658103274817,0.012704174228675136,1.0322282792479363,1.2704174228675136,0.02463442513105514,True
TNFRSF12A,ZY005,GW6,T1 (GW5-13),maternal,dNK,dNK,dNK,1271,1,7,0.005885247762735109,0.010640645145235909,0.0055074744295830055,1.0685928437766177,0.5507474429583006,0.012765860441789956,True
TNFRSF12A,ZY005,GW6,T1 (GW5-13),maternal,DSC,DSC,DSC3,222,1,11,0.054096219198653706,0.10254858036329141,0.05855855855855856,1.0917600601910111,4.954954954954955,0.11242883470972172,True
TNFRSF12A,ZY005,GW6,T1 (GW5-13),ambiguous,EVT,GC,GC,150,1,6,0.043298848063798,0.07873489416279829,0.04,1.08247120159495,4.0,0.08348337150378597,True
TNFRSF12A,ZY005,GW6,T1 (GW5-13),mixed,PV,PV,pvSMC,284,1,3,0.011827764122571333,0.021967196717248096,0.01056338028169014,1.1196950036034194,1.056338028169014,0.0224134337156318,True
TNFRSF12A,ZY005,GW6,T1 (GW5-13),maternal,EC,LEC,LEC,502,1,9,0.018510590039315176,0.03256104387609305,0.017928286852589643,1.0324795777484688,1.792828685258964,0.03472420493145442,True
TNFRSF12A,ZY005,GW6,T1 (GW5-13),maternal,DSC,eS,eS,284,1,3,0.011633652989561968,0.02150668421351188,0.01056338028169014,1.101319149678533,1.056338028169014,0.019525072145141577,True
TNFRSF12A,ZY005,GW6,T1 (GW5-13),maternal,T,T,T,202,1,0,0.0,0.0,0.0,0.0,0.0,0.0,True
TNFRSF12A,ZY005,GW6,T1 (GW5-13),maternal,B,B,B,53,1,0,0.0,0.0,0.0,0.0,0.0,0.0,True
TNFRSF12A,ZY005,GW6,T1 (GW5-13),fetal,VCT,VCT,EVTpro,5,1,0,0.0,0.0,0.0,0.0,0.0,0.0,False
TNFRSF12A,ZY005,GW6,T1 (GW5-13),maternal,M,M,CD16_M,28,1,0,0.0,0.0,0.0,0.0,0.0,0.0,True
TNFRSF12A,ZY005,GW6,T1 (GW5-13),maternal,EC,mVEC,vEC,172,1,2,0.01275023054158336,0.023186989146958527,0.011627906976744186,1.0965198265761689,1.1627906976744187,0.022234278141925846,True
TNFRSF12A,ZY005,GW6,T1 (GW5-13),maternal,cDC,cDC,cDC,68,1,1,0.014311554311278965,0.024211199132270624,0.014705882352941176,0.9731856931669697,1.4705882352941178,0.02903996770755591,True
TNFRSF12A,ZY005,GW6,T1 (GW5-13),fetal,EVT,EVT,EVT,31,1,0,0.0,0.0,0.0,0.0,0.0,0.0,True
TNFRSF12A,ZY005,GW6,T1 (GW5-13),fetal,VCT,VCT,VCT_dividing,13,1,0,0.0,0.0,0.0,0.0,0.0,0.0,False
TNFRSF12A,ZY005,GW6,T1 (GW5-13),maternal,DSC,DSC,DSC4,13,1,2,0.15294761925305778,0.26191814743091607,0.15384615384615385,0.9941595251448756,15.384615384615385,0.28175760393333615,False
TNFRSF12A,ZY005,GW6,T1 (GW5-13),maternal,EC,mVEC,aEC,24,1,2,0.08526743825509074,0.14902670770555865,0.08333333333333333,1.0232092590610888,8.333333333333334,0.1479946721918011,True
TNFRSF12A,ZY005,GW6,T1 (GW5-13),maternal,Epi,cili,ciliated,19,1,0,0.0,0.0,0.0,0.0,0.0,0.0,False
TNFRSF12A,ZY005,GW6,T1 (GW5-13),fetal,SCT,SCT,SCT,20,1,1,0.04987416994103029,0.08557247989046722,0.05,0.9974833988206058,5.0,0.09888555974171091,True
TNFRSF12A,ZY005,GW6,T1 (GW5-13),fetal,EC,fVEC,fEC,8,1,0,0.0,0.0,0.0,0.0,0.0,0.0,False
TNFRSF12A,ZY005,GW6,T1 (GW5-13),fetal,VCT,VCT,avVCT,2,1,0,0.0,0.0,0.0,0.0,0.0,0.0,False
TNFRSF12A,ZY007,GW19,T2 (GW14-27),fetal,SCT,SCT,SCT,8724,1,401,0.06741326409234051,0.15510877612135388,0.04722604309949564,1.4666167479839867,4.596515359926639,0.15848999960800653,True
TNFRSF12A,ZY007,GW19,T2 (GW14-27),fetal,VCT,VCT,VCT,2160,1,82,0.0510921905062433,0.10848096745982688,0.038425925925925926,1.3458430669937258,3.7962962962962963,0.1106615762341599,True
TNFRSF12A,ZY007,GW19,T2 (GW14-27),fetal,VCT,VCT,SCT_pro,128,1,5,0.053870767482764134,0.1161395512517292,0.0390625,1.3790916475587618,3.90625,0.11595816229504395,True
TNFRSF12A,ZY007,GW19,T2 (GW14-27),fetal,VCT,VCT,fvVCT,347,1,17,0.06492404278589499,0.1354205775404969,0.04899135446685879,1.3252142851003272,4.899135446685879,0.14276812273355605,True
TNFRSF12A,ZY007,GW19,T2 (GW14-27),fetal,SCT,SCT,SCT_a,476,1,18,0.05181129086267889,0.11110318423786035,0.037815126050420166,1.370120802813064,3.7815126050420167,0.11414620226072895,True
TNFRSF12A,ZY007,GW19,T2 (GW14-27),mixed,FB,FB,FB,148,1,8,0.07436654346755268,0.16034164759059327,0.05405405405405406,1.3757810541497246,5.405405405405405,0.16158156031233717,True
TNFRSF12A,ZY007,GW19,T2 (GW14-27),fetal,VCT,VCT,avVCT,366,1,20,0.07497155603724351,0.16133371446620481,0.0546448087431694,1.3719794754815562,5.46448087431694,0.16468088960616564,True
TNFRSF12A,ZY007,GW19,T2 (GW14-27),maternal,M,M,CD16_M,140,1,10,0.1017518231802206,0.22712914517684268,0.07142857142857142,1.4245255245230883,7.142857142857143,0.21955969498767172,True
TNFRSF12A,ZY007,GW19,T2 (GW14-27),fetal,HB,HB,HB,104,1,2,0.025711122015148018,0.053992020215873494,0.019230769230769232,1.3369783447876968,1.9230769230769231,0.06120550359888361,True
TNFRSF12A,ZY007,GW19,T2 (GW14-27),fetal,EC,fVEC,fEC,169,1,9,0.07088933161228793,0.14840633572819645,0.05325443786982249,1.33114411583074,5.325443786982248,0.15527093052143429,True
TNFRSF12A,ZY007,GW19,T2 (GW14-27),fetal,SCT,SCT,SCT_b,281,1,16,0.08714435274417816,0.20722431540919475,0.05693950177935943,1.5304726950696288,5.693950177935943,0.21230380143225452,True
TNFRSF12A,ZY007,GW19,T2 (GW14-27),fetal,VCT,VCT,VCT_dividing,372,1,6,0.021973162991567218,0.04705434003515206,0.016129032258064516,1.3623361054771674,1.6129032258064515,0.04716180271274689,True
TNFRSF12A,ZY007,GW19,T2 (GW14-27),mixed,PV,PV,pvSMC,99,1,6,0.08033669283623446,0.16759195008301403,0.06060606060606061,1.3255554317978686,6.0606060606060606,0.1825683718552598,True
TNFRSF12A,ZY007,GW19,T2 (GW14-27),maternal,dNK,dNK,dNK,12,1,0,0.0,0.0,0.0,0.0,0.0,0.0,False
TNFRSF12A,ZY007,GW19,T2 (GW14-27),fetal,VCT,VCT,EVTpro,48,1,3,0.08491964362828575,0.1810310395165203,0.0625,1.358714298052572,6.25,0.18887643703489176,True
TNFRSF12A,ZY007,GW19,T2 (GW14-27),ambiguous,EVT,GC,GC,110,1,12,0.17618779228221348,0.4681282097197772,0.14545454545454545,1.615054762586957,10.909090909090908,0.49128129231543943,True
TNFRSF12A,ZY007,GW19,T2 (GW14-27),ambiguous,Ery,Ery,Ery,5,1,0,0.0,0.0,0.0,0.0,0.0,0.0,False
TNFRSF12A,ZY007,GW19,T2 (GW14-27),maternal,Epi,Epi,Epi,7,1,0,0.0,0.0,0.0,0.0,0.0,0.0,False
TNFRSF12A,ZY007,GW19,T2 (GW14-27),fetal,EVT,EVT,EVT,24,1,1,0.060948233369520356,0.13824375138243752,0.041666666666666664,1.4627576008684886,4.166666666666667,0.12952528981283595,True
TNFRSF12A,ZY007,GW19,T2 (GW14-27),maternal,DSC,DSC,DSC3,14,1,1,0.09952757531173521,0.21631911395690923,0.07142857142857142,1.393386054364293,7.142857142857143,0.2635810116239226,False
TNFRSF12A,ZY007,GW19,T2 (GW14-27),maternal,DSC,eS,eS,7,1,1,0.22419888727375556,0.5433896647285769,0.14285714285714285,1.569392210916289,14.285714285714286,0.5188605821615732,False
TNFRSF12A,ZY007,GW19,T2 (GW14-27),fetal,EVT,EVT,iEVT,30,1,1,0.046159874449962286,0.0998003992015968,0.03333333333333333,1.3847962334988686,3.3333333333333335,0.09709774830321685,True
TNFRSF12A,ZY007,GW19,T2 (GW14-27),maternal,M,M,CD14_M,7,1,0,0.0,0.0,0.0,0.0,0.0,0.0,False
TNFRSF12A,ZY007,GW19,T2 (GW14-27),maternal,cDC,cDC,cDC,1,1,0,0.0,0.0,0.0,0.0,0.0,0.0,False
TNFRSF12A,ZY007,GW19,T2 (GW14-27),maternal,EC,mVEC,vEC,5,1,1,0.2763771222435471,0.5964807634953773,0.2,1.3818856112177356,20.0,0.6233636703652911,False
TNFRSF12A,ZY007,GW19,T2 (GW14-27),maternal,EC,mVEC,aEC,3,1,1,0.4665215660135958,1.0178117048346056,0.3333333333333333,1.3995646980407874,33.333333333333336,0.969274013763691,False
TNFRSF12A,ZY007,GW19,T2 (GW14-27),maternal,T,T,T,9,1,0,0.0,0.0,0.0,0.0,0.0,0.0,False
TNFRSF12A,ZY007,GW19,T2 (GW14-27),fetal,EVT,EVT,pEVT,3,1,0,0.0,0.0,0.0,0.0,0.0,0.0,False
TNFRSF12A,ZY007,GW19,T2 (GW14-27),maternal,B,B,B,4,1,0,0.0,0.0,0.0,0.0,0.0,0.0,False
TNFRSF12A,ZY007,GW19,T2 (GW14-27),maternal,DSC,DSC,DSC4,1,1,0,0.0,0.0,0.0,0.0,0.0,0.0,False
TNFRSF12A,ZY007,GW19,T2 (GW14-27),maternal,DSC,DSC,DSC2,1,1,0,0.0,0.0,0.0,0.0,0.0,0.0,False
TNFRSF12A,ZY007,GW19,T2 (GW14-27),fetal,EVT,EVT,eEVT,1,1,0,0.0,0.0,0.0,0.0,0.0,0.0,False
TNFRSF12A,ZY009,GW10,T1 (GW5-13),maternal,M,M,CD14_M,1292,1,12,0.012103568761731617,0.02515113007981556,0.009287925696594427,1.3031509033464375,0.9287925696594427,0.025715837848784444,True
TNFRSF12A,ZY009,GW10,T1 (GW5-13),maternal,Epi,Epi,Epi,6174,1,53,0.01128320863948275,0.023612165248144613,0.008746355685131196,1.3143873611352168,0.8584386135406543,0.024959033674959337,True
TNFRSF12A,ZY009,GW10,T1 (GW5-13),maternal,DSC,DSC,DSC2,1055,1,2,0.0023573216988599793,0.004684520397288266,0.0018957345971563982,1.2434871961486391,0.1895734597156398,0.004797694419969539,True
TNFRSF12A,ZY009,GW10,T1 (GW5-13),mixed,PV,PV,pvSMC,85,1,5,0.07286148716858983,0.14481197945770966,0.058823529411764705,1.238645281866027,5.882352941176471,0.1503406719626674,True
TNFRSF12A,ZY009,GW10,T1 (GW5-13),maternal,EC,LEC,LEC,325,1,4,0.01543358879423887,0.0308783280933733,0.012307692307692308,1.2539790895319083,1.2307692307692308,0.0324367018037239,True
TNFRSF12A,ZY009,GW10,T1 (GW5-13),maternal,DSC,DSC,DSC4,644,1,5,0.00973756448813683,0.01945871371506511,0.007763975155279503,1.2541983060720239,0.7763975155279503,0.020028079367272918,True
TNFRSF12A,ZY009,GW10,T1 (GW5-13),maternal,EC,mVEC,vEC,760,1,11,0.017588334534297423,0.03436799256215286,0.014473684210526316,1.21519402236964,1.4473684210526316,0.03814498840739125,True
TNFRSF12A,ZY009,GW10,T1 (GW5-13),maternal,DSC,DSC,DSC0,1045,1,9,0.010766635413409912,0.02151312739223006,0.00861244019138756,1.250126000779262,0.861244019138756,0.022613917609960173,True
TNFRSF12A,ZY009,GW10,T1 (GW5-13),maternal,EC,mVEC,aEC,41,1,4,0.12126908306259539,0.24074013720939308,0.0975609756097561,1.2430081013916028,9.75609756097561,0.24482800832415227,True
TNFRSF12A,ZY009,GW10,T1 (GW5-13),maternal,dNK,dNK,dNK,1403,1,17,0.015198869162124524,0.03050086779722012,0.012116892373485389,1.254353731438865,1.2116892373485388,0.03366252643993437,True
TNFRSF12A,ZY009,GW10,T1 (GW5-13),maternal,DSC,DSC,DSC1,144,1,4,0.03485459486109757,0.06992773965428994,0.027777777777777776,1.2547654149995124,2.7777777777777777,0.07143915973260323,True
TNFRSF12A,ZY009,GW10,T1 (GW5-13),maternal,DSC,DSC,DSC3,572,1,21,0.04691310403303011,0.09521868946724067,0.03671328671328671,1.277823595566344,3.6713286713286712,0.10081414624100053,True
TNFRSF12A,ZY009,GW10,T1 (GW5-13),fetal,VCT,VCT,VCT_dividing,60,1,0,0.0,0.0,0.0,0.0,0.0,0.0,True
TNFRSF12A,ZY009,GW10,T1 (GW5-13),fetal,EC,fVEC,fEC,44,1,0,0.0,0.0,0.0,0.0,0.0,0.0,True
TNFRSF12A,ZY009,GW10,T1 (GW5-13),maternal,M,M,CD16_M,288,1,2,0.00932994216560707,0.01987267927813774,0.006944444444444444,1.343511671847418,0.6944444444444444,0.02030916644072719,True
TNFRSF12A,ZY009,GW10,T1 (GW5-13),maternal,DSC,eS,eS,226,1,2,0.0115076221531977,0.023661070367582467,0.008849557522123894,1.3003613033113401,0.8849557522123894,0.02804128799244007,True
TNFRSF12A,ZY009,GW10,T1 (GW5-13),fetal,SCT,SCT,SCT,62,1,0,0.0,0.0,0.0,0.0,0.0,0.0,True
TNFRSF12A,ZY009,GW10,T1 (GW5-13),maternal,B,B,B,44,1,0,0.0,0.0,0.0,0.0,0.0,0.0,True
TNFRSF12A,ZY009,GW10,T1 (GW5-13),maternal,cDC,cDC,cDC,37,1,0,0.0,0.0,0.0,0.0,0.0,0.0,True
TNFRSF12A,ZY009,GW10,T1 (GW5-13),fetal,SCT,SCT,SCT_b,6,1,0,0.0,0.0,0.0,0.0,0.0,0.0,False
TNFRSF12A,ZY009,GW10,T1 (GW5-13),maternal,Epi,cili,ciliated,25,1,0,0.0,0.0,0.0,0.0,0.0,0.0,True
TNFRSF12A,ZY009,GW10,T1 (GW5-13),fetal,VCT,VCT,avVCT,19,1,0,0.0,0.0,0.0,0.0,0.0,0.0,False
TNFRSF12A,ZY009,GW10,T1 (GW5-13),ambiguous,EVT,GC,GC,31,1,1,0.038210323023209224,0.0731973326891968,0.03225806451612903,1.184520013719486,3.225806451612903,0.09679042936234465,True
TNFRSF12A,ZY009,GW10,T1 (GW5-13),maternal,T,T,T,22,1,0,0.0,0.0,0.0,0.0,0.0,0.0,True
TNFRSF12A,ZY009,GW10,T1 (GW5-13),fetal,VCT,VCT,fvVCT,1,1,0,0.0,0.0,0.0,0.0,0.0,0.0,False
TNFRSF12A,ZY009,GW10,T1 (GW5-13),fetal,EVT,EVT,EVT,1,1,0,0.0,0.0,0.0,0.0,0.0,0.0,False
TNFRSF12A,ZY009,GW10,T1 (GW5-13),fetal,VCT,VCT,EVTpro,2,1,0,0.0,0.0,0.0,0.0,0.0,0.0,False
TNFRSF12A,ZY009,GW10,T1 (GW5-13),fetal,HB,HB,HB,1,1,0,0.0,0.0,0.0,0.0,0.0,0.0,False
TNFRSF12A,ZY025,GW17,T2 (GW14-27),fetal,VCT,VCT,VCT,554,1,11,0.027509014375974458,0.060084393320397216,0.019855595667870037,1.3854539967536228,1.9855595667870036,0.05992607301719606,True
TNFRSF12A,ZY025,GW17,T2 (GW14-27),fetal,SCT,SCT,SCT,4283,1,104,0.03594183108572462,0.08299304055381779,0.024282045295353723,1.4801813705784477,2.4282045295353725,0.08433686088472611,True
TNFRSF12A,ZY025,GW17,T2 (GW14-27),fetal,VCT,VCT,VCT_dividing,163,1,4,0.03303536111458817,0.06997204257890885,0.024539877300613498,1.346190965419468,2.4539877300613497,0.07281054151019985,True
TNFRSF12A,ZY025,GW17,T2 (GW14-27),fetal,SCT,SCT,SCT_b,56,1,0,0.0,0.0,0.0,0.0,0.0,0.0,True
TNFRSF12A,ZY025,GW17,T2 (GW14-27),fetal,SCT,SCT,SCT_a,231,1,4,0.024099180791125552,0.05234158443968383,0.017316017316017316,1.3917276906875007,1.7316017316017316,0.053859794874971216,True
TNFRSF12A,ZY025,GW17,T2 (GW14-27),mixed,FB,FB,FB,434,1,9,0.029341911029683716,0.06542167156914645,0.020737327188940093,1.4149321540980813,2.0737327188940093,0.06773303550866758,True
TNFRSF12A,ZY025,GW17,T2 (GW14-27),fetal,VCT,VCT,EVTpro,17,1,1,0.07933283792080044,0.1677796047112513,0.058823529411764705,1.3486582446536075,5.882352941176471,0.18755392175250385,False
TNFRSF12A,ZY025,GW17,T2 (GW14-27),maternal,DSC,DSC,DSC3,35,1,0,0.0,0.0,0.0,0.0,0.0,0.0,True
TNFRSF12A,ZY025,GW17,T2 (GW14-27),fetal,HB,HB,HB,307,1,5,0.02311098795538714,0.05152820284350497,0.016286644951140065,1.4190146604607705,1.6286644951140066,0.05558612792591481,True
TNFRSF12A,ZY025,GW17,T2 (GW14-27),fetal,VCT,VCT,fvVCT,115,1,2,0.023082457172458395,0.048186433906855806,0.017391304347826087,1.3272412874163577,1.7391304347826086,0.05199261704837913,True
TNFRSF12A,ZY025,GW17,T2 (GW14-27),maternal,dNK,dNK,dNK,181,1,1,0.00782647910879589,0.01725440936431305,0.0055248618784530384,1.416592718692056,0.5524861878453039,0.02129889160568084,True
TNFRSF12A,ZY025,GW17,T2 (GW14-27),mixed,PV,PV,pvSMC,56,1,1,0.0246010165788972,0.05295712591086257,0.017857142857142856,1.3776569284182432,1.7857142857142858,0.059638115912642085,True
TNFRSF12A,ZY025,GW17,T2 (GW14-27),fetal,VCT,VCT,avVCT,135,1,2,0.02062830618537754,0.04485864445274718,0.014814814814814815,1.392410667512984,1.4814814814814814,0.04712146736249367,True
TNFRSF12A,ZY025,GW17,T2 (GW14-27),maternal,T,T,T,21,1,0,0.0,0.0,0.0,0.0,0.0,0.0,True
TNFRSF12A,ZY025,GW17,T2 (GW14-27),maternal,M,M,CD14_M,163,1,0,0.0,0.0,0.0,0.0,0.0,0.0,True
TNFRSF12A,ZY025,GW17,T2 (GW14-27),ambiguous,EVT,GC,GC,35,1,0,0.0,0.0,0.0,0.0,0.0,0.0,True
TNFRSF12A,ZY025,GW17,T2 (GW14-27),maternal,Epi,Epi,Epi,64,1,3,0.06285925756950123,0.13233189400250903,0.046875,1.3409974948160261,4.6875,0.14727757404380035,True
TNFRSF12A,ZY025,GW17,T2 (GW14-27),fetal,VCT,VCT,SCT_pro,65,1,1,0.020942334543184685,0.0446318984177992,0.015384615384615385,1.3612517453070045,1.5384615384615385,0.04708807353273563,True
TNFRSF12A,ZY025,GW17,T2 (GW14-27),maternal,DSC,DSC,DSC0,8,1,0,0.0,0.0,0.0,0.0,0.0,0.0,False
TNFRSF12A,ZY025,GW17,T2 (GW14-27),fetal,EC,fVEC,fEC,52,1,0,0.0,0.0,0.0,0.0,0.0,0.0,True
TNFRSF12A,ZY025,GW17,T2 (GW14-27),fetal,EVT,EVT,iEVT,42,1,1,0.030953792111369446,0.06355986067678539,0.023809523809523808,1.3000592686775168,2.380952380952381,0.07464747728850503,True
TNFRSF12A,ZY025,GW17,T2 (GW14-27),maternal,DSC,DSC,DSC4,13,1,2,0.2163484523580315,0.47465642474602454,0.15384615384615385,1.4062649403272047,15.384615384615385,0.5082204660381674,False
TNFRSF12A,ZY025,GW17,T2 (GW14-27),maternal,EC,mVEC,vEC,24,1,0,0.0,0.0,0.0,0.0,0.0,0.0,True
TNFRSF12A,ZY025,GW17,T2 (GW14-27),fetal,EVT,EVT,EVT,57,1,2,0.04870754566332837,0.10566817537039812,0.03508771929824561,1.3881650514048585,3.508771929824561,0.10931052387068566,True
TNFRSF12A,ZY025,GW17,T2 (GW14-27),maternal,DSC,eS,eS,32,1,0,0.0,0.0,0.0,0.0,0.0,0.0,True
TNFRSF12A,ZY025,GW17,T2 (GW14-27),maternal,M,M,CD16_M,24,1,1,0.05562872893695509,0.1166806683468683,0.041666666666666664,1.3350894944869223,4.166666666666667,0.1480100054763702,True
TNFRSF12A,ZY025,GW17,T2 (GW14-27),fetal,EVT,EVT,pEVT,6,1,0,0.0,0.0,0.0,0.0,0.0,0.0,False
TNFRSF12A,ZY025,GW17,T2 (GW14-27),maternal,DSC,DSC,DSC1,12,1,0,0.0,0.0,0.0,0.0,0.0,0.0,False
TNFRSF12A,ZY025,GW17,T2 (GW14-27),fetal,EVT,EVT,eEVT,2,1,0,0.0,0.0,0.0,0.0,0.0,0.0,False
TNFRSF12A,ZY025,GW17,T2 (GW14-27),ambiguous,Ery,Ery,Ery,2,1,0,0.0,0.0,0.0,0.0,0.0,0.0,False
TNFRSF12A,ZY025,GW17,T2 (GW14-27),maternal,DSC,DSC,DSC2,7,1,1,0.1853352678719135,0.37993920972644374,0.14285714285714285,1.2973468751033945,14.285714285714286,0.46613527245606673,False
TNFRSF12A,ZY025,GW17,T2 (GW14-27),maternal,EC,mVEC,aEC,9,1,0,0.0,0.0,0.0,0.0,0.0,0.0,False
TNFRSF12A,ZY025,GW17,T2 (GW14-27),maternal,B,B,B,4,1,0,0.0,0.0,0.0,0.0,0.0,0.0,False
TNFRSF12A,ZY025,GW17,T2 (GW14-27),maternal,EC,LEC,LEC,5,1,0,0.0,0.0,0.0,0.0,0.0,0.0,False
TNFRSF12A,ZY025,GW17,T2 (GW14-27),maternal,cDC,cDC,cDC,3,1,0,0.0,0.0,0.0,0.0,0.0,0.0,False
